[{"model": "admin.logentry", "pk": 1, "fields": {"action_time": "2023-10-04T01:18:18.452Z", "user": 1, "content_type": 4, "object_id": "1", "object_repr": "admin", "action_flag": 2, "change_message": "[{\"changed\": {\"fields\": [\"Groups\"]}}]"}}, {"model": "admin.logentry", "pk": 2, "fields": {"action_time": "2023-10-04T15:33:06.118Z", "user": 1, "content_type": 3, "object_id": "2", "object_repr": "Gestión y Control de Información Ciudadana", "action_flag": 2, "change_message": "[{\"changed\": {\"fields\": [\"Permissions\"]}}]"}}, {"model": "admin.logentry", "pk": 3, "fields": {"action_time": "2023-10-04T15:33:56.384Z", "user": 1, "content_type": 3, "object_id": "3", "object_repr": "Monitoreo Inteligente", "action_flag": 2, "change_message": "[{\"changed\": {\"fields\": [\"Permissions\"]}}]"}}, {"model": "admin.logentry", "pk": 4, "fields": {"action_time": "2023-10-04T15:35:51.279Z", "user": 1, "content_type": 3, "object_id": "1", "object_repr": "Administradores", "action_flag": 2, "change_message": "[{\"changed\": {\"fields\": [\"Permissions\"]}}]"}}, {"model": "admin.logentry", "pk": 5, "fields": {"action_time": "2023-10-04T15:40:41.462Z", "user": 5, "content_type": 9, "object_id": "1", "object_repr": "C5/20231004/00826", "action_flag": 1, "change_message": "[{\"added\": {}}]"}}, {"model": "admin.logentry", "pk": 6, "fields": {"action_time": "2023-10-04T16:03:25.376Z", "user": 4, "content_type": 9, "object_id": "2", "object_repr": "C5/20231004/00750", "action_flag": 1, "change_message": "[{\"added\": {}}]"}}, {"model": "admin.logentry", "pk": 7, "fields": {"action_time": "2023-10-04T18:08:21.235Z", "user": 1, "content_type": 7, "object_id": "6", "object_repr": "CADÁVER", "action_flag": 2, "change_message": "[{\"changed\": {\"fields\": [\"Nombre\"]}}]"}}, {"model": "admin.logentry", "pk": 8, "fields": {"action_time": "2023-10-04T18:08:37.111Z", "user": 1, "content_type": 7, "object_id": "12", "object_repr": "DETENCIÓN CIUDADANA", "action_flag": 2, "change_message": "[{\"changed\": {\"fields\": [\"Nombre\"]}}]"}}, {"model": "admin.logentry", "pk": 9, "fields": {"action_time": "2023-10-04T18:08:48.511Z", "user": 1, "content_type": 7, "object_id": "9", "object_repr": "DAÑOS POR FENOMENO NATURAL O TERCERO", "action_flag": 2, "change_message": "[{\"changed\": {\"fields\": [\"Nombre\"]}}]"}}, {"model": "admin.logentry", "pk": 10, "fields": {"action_time": "2023-10-04T18:09:10.392Z", "user": 1, "content_type": 7, "object_id": "21", "object_repr": "PRIVACIÓN DE LA LIBERTAD", "action_flag": 2, "change_message": "[{\"changed\": {\"fields\": [\"Nombre\"]}}]"}}, {"model": "admin.logentry", "pk": 11, "fields": {"action_time": "2023-10-04T18:09:20.653Z", "user": 1, "content_type": 7, "object_id": "19", "object_repr": "MÉDICOS", "action_flag": 2, "change_message": "[{\"changed\": {\"fields\": [\"Nombre\"]}}]"}}, {"model": "admin.logentry", "pk": 12, "fields": {"action_time": "2023-10-04T18:09:34.910Z", "user": 1, "content_type": 7, "object_id": "8", "object_repr": "DAÑOS", "action_flag": 2, "change_message": "[{\"changed\": {\"fields\": [\"Nombre\"]}}]"}}, {"model": "admin.logentry", "pk": 13, "fields": {"action_time": "2023-10-04T18:09:46.462Z", "user": 1, "content_type": 7, "object_id": "15", "object_repr": "EXPLOSIÓN", "action_flag": 2, "change_message": "[{\"changed\": {\"fields\": [\"Nombre\"]}}]"}}, {"model": "admin.logentry", "pk": 14, "fields": {"action_time": "2023-10-04T18:10:02.654Z", "user": 1, "content_type": 7, "object_id": "4", "object_repr": "AGRESIÓN", "action_flag": 2, "change_message": "[{\"changed\": {\"fields\": [\"Nombre\"]}}]"}}, {"model": "admin.logentry", "pk": 15, "fields": {"action_time": "2023-10-04T18:26:51.074Z", "user": 15, "content_type": 27, "object_id": "1", "object_repr": "C2N/20230513/00133", "action_flag": 1, "change_message": "[{\"added\": {}}]"}}, {"model": "admin.logentry", "pk": 16, "fields": {"action_time": "2023-10-04T19:04:02.380Z", "user": 4, "content_type": 9, "object_id": "3", "object_repr": "C5/20231004/02004", "action_flag": 1, "change_message": "[{\"added\": {}}]"}}, {"model": "admin.logentry", "pk": 17, "fields": {"action_time": "2023-10-04T19:30:57.699Z", "user": 1, "content_type": 4, "object_id": "17", "object_repr": "rrochac", "action_flag": 1, "change_message": "[{\"added\": {}}]"}}, {"model": "admin.logentry", "pk": 18, "fields": {"action_time": "2023-10-04T19:31:48.509Z", "user": 1, "content_type": 4, "object_id": "17", "object_repr": "rrochac", "action_flag": 2, "change_message": "[{\"changed\": {\"fields\": [\"First name\", \"Last name\", \"Email address\", \"Staff status\", \"Groups\"]}}]"}}, {"model": "admin.logentry", "pk": 19, "fields": {"action_time": "2023-10-04T19:32:28.860Z", "user": 1, "content_type": 4, "object_id": "3", "object_repr": "mjacam", "action_flag": 2, "change_message": "[{\"changed\": {\"fields\": [\"First name\", \"Last name\"]}}]"}}, {"model": "admin.logentry", "pk": 20, "fields": {"action_time": "2023-10-04T20:05:56.489Z", "user": 8, "content_type": 24, "object_id": "1", "object_repr": "En la alcaldía Benito Juárez, se detuvo a tres personas por asalto en la vía pública", "action_flag": 1, "change_message": "[{\"added\": {}}]"}}, {"model": "admin.logentry", "pk": 21, "fields": {"action_time": "2023-10-04T20:08:01.161Z", "user": 8, "content_type": 24, "object_id": "2", "object_repr": "Caen 3 delincuentes relacionados con robo de automóviles en la Benito Juárez", "action_flag": 1, "change_message": "[{\"added\": {}}]"}}, {"model": "admin.logentry", "pk": 22, "fields": {"action_time": "2023-10-04T20:08:15.990Z", "user": 8, "content_type": 24, "object_id": "1", "object_repr": "En la alcaldía Benito Juárez, se detuvo a tres personas por asalto en la vía pública", "action_flag": 2, "change_message": "[]"}}, {"model": "admin.logentry", "pk": 23, "fields": {"action_time": "2023-10-04T20:46:08.392Z", "user": 1, "content_type": 4, "object_id": "16", "object_repr": "apenag", "action_flag": 2, "change_message": "[{\"changed\": {\"fields\": [\"First name\"]}}]"}}, {"model": "admin.logentry", "pk": 24, "fields": {"action_time": "2023-10-04T23:16:36.562Z", "user": 15, "content_type": 26, "object_id": "1", "object_repr": "Robo a Transeúnte - C5 CDMX Gustavo A. Madero", "action_flag": 1, "change_message": "[{\"added\": {}}]"}}, {"model": "admin.logentry", "pk": 25, "fields": {"action_time": "2023-10-04T23:31:37.027Z", "user": 9, "content_type": 9, "object_id": "4", "object_repr": "C5/20230510/01239", "action_flag": 1, "change_message": "[{\"added\": {}}]"}}, {"model": "admin.logentry", "pk": 26, "fields": {"action_time": "2023-10-05T01:01:54.738Z", "user": 6, "content_type": 24, "object_id": "3", "object_repr": "Manifestantes cierran la circulación de Donceles a la altura de Palma, col. Centro", "action_flag": 1, "change_message": "[{\"added\": {}}]"}}, {"model": "admin.logentry", "pk": 27, "fields": {"action_time": "2023-10-05T01:05:47.148Z", "user": 6, "content_type": 24, "object_id": "4", "object_repr": "El conductor de un tráiler perdió el control de su unidad e impactó a 7 vehículos en Avenida Montevideo, alcaldía Gustavo A. Madero", "action_flag": 1, "change_message": "[{\"added\": {}}]"}}, {"model": "admin.logentry", "pk": 28, "fields": {"action_time": "2023-10-05T01:08:37.471Z", "user": 6, "content_type": 24, "object_id": "5", "object_repr": "Sismo detectado el 04-oct-23 a las 16:59:07 hrs. NO AMERITÓ ALERTA SÍSMICA porque la estimación de energía en los primeros segundos, no superó los niveles preestablecidos. Sensor cercano: 25 km al nor", "action_flag": 1, "change_message": "[{\"added\": {}}]"}}, {"model": "admin.logentry", "pk": 29, "fields": {"action_time": "2023-10-05T01:30:12.200Z", "user": 6, "content_type": 24, "object_id": "6", "object_repr": "Sujetos llegaron con armas de fuego a delinquir a una barbería, en Tláhuac", "action_flag": 1, "change_message": "[{\"added\": {}}]"}}, {"model": "admin.logentry", "pk": 30, "fields": {"action_time": "2023-10-05T03:53:33.576Z", "user": 6, "content_type": 24, "object_id": "7", "object_repr": "Reporte de incendio en la colonia Ampliación Casasa Alemán, alcaldía Gustavo A. Madero", "action_flag": 1, "change_message": "[{\"added\": {}}]"}}, {"model": "admin.logentry", "pk": 31, "fields": {"action_time": "2023-10-05T14:43:37.697Z", "user": 8, "content_type": 24, "object_id": "8", "object_repr": "Movilización de los servicios de emergencia en la colonia Portales Oriente por un incendio de un coche dentro de un inmueble derivado de una falla mecánica", "action_flag": 1, "change_message": "[{\"added\": {}}]"}}, {"model": "admin.logentry", "pk": 32, "fields": {"action_time": "2023-10-05T19:03:42.128Z", "user": 14, "content_type": 9, "object_id": "5", "object_repr": "C5/20231005/02062", "action_flag": 1, "change_message": "[{\"added\": {}}]"}}, {"model": "admin.logentry", "pk": 33, "fields": {"action_time": "2023-10-05T19:52:00.833Z", "user": 14, "content_type": 9, "object_id": "6", "object_repr": "C5/20231005/02302", "action_flag": 1, "change_message": "[{\"added\": {}}]"}}, {"model": "admin.logentry", "pk": 34, "fields": {"action_time": "2023-10-05T20:57:06.972Z", "user": 15, "content_type": 27, "object_id": "2", "object_repr": "https://youtu.be/GKTIgbNA_74", "action_flag": 1, "change_message": "[{\"added\": {}}]"}}, {"model": "admin.logentry", "pk": 35, "fields": {"action_time": "2023-10-05T20:58:11.046Z", "user": 15, "content_type": 27, "object_id": "2", "object_repr": "C2C/20230927/00085", "action_flag": 2, "change_message": "[{\"changed\": {\"fields\": [\"Folio\"]}}]"}}, {"model": "admin.logentry", "pk": 36, "fields": {"action_time": "2023-10-05T23:25:35.595Z", "user": 15, "content_type": 27, "object_id": "3", "object_repr": "https://youtu.be/GKTIgbNA_74", "action_flag": 1, "change_message": "[{\"added\": {}}]"}}, {"model": "admin.logentry", "pk": 37, "fields": {"action_time": "2023-10-05T23:26:22.166Z", "user": 15, "content_type": 27, "object_id": "3", "object_repr": "C2S/20230929/00015", "action_flag": 2, "change_message": "[{\"changed\": {\"fields\": [\"Folio\"]}}]"}}, {"model": "admin.logentry", "pk": 38, "fields": {"action_time": "2023-10-05T23:37:14.622Z", "user": 6, "content_type": 24, "object_id": "9", "object_repr": "Policías de la SSC detuvieron a una mujer señalada como posible responsable de despojar de sus pertenencias a una usuaria del Metrobus", "action_flag": 1, "change_message": "[{\"added\": {}}]"}}, {"model": "admin.logentry", "pk": 39, "fields": {"action_time": "2023-10-05T23:38:51.664Z", "user": 6, "content_type": 24, "object_id": "10", "object_repr": "\"Detienen y golpean a ladrón, en la alcaldía Tlalpan  \"", "action_flag": 1, "change_message": "[{\"added\": {}}]"}}, {"model": "admin.logentry", "pk": 40, "fields": {"action_time": "2023-10-05T23:48:24.920Z", "user": 6, "content_type": 24, "object_id": "11", "object_repr": "Reporte de incendio en la colonia 20 de Noviembre, alcaldía Iztapalapa", "action_flag": 1, "change_message": "[{\"added\": {}}]"}}, {"model": "admin.logentry", "pk": 41, "fields": {"action_time": "2023-10-06T00:13:43.967Z", "user": 14, "content_type": 9, "object_id": "7", "object_repr": "C5/20231005/03694", "action_flag": 1, "change_message": "[{\"added\": {}}]"}}, {"model": "admin.logentry", "pk": 42, "fields": {"action_time": "2023-10-06T00:13:56.233Z", "user": 15, "content_type": 27, "object_id": "4", "object_repr": "C5/20230926/02080", "action_flag": 1, "change_message": "[{\"added\": {}}]"}}, {"model": "admin.logentry", "pk": 43, "fields": {"action_time": "2023-10-06T00:15:39.144Z", "user": 15, "content_type": 27, "object_id": "5", "object_repr": "C5/20230929/05078", "action_flag": 1, "change_message": "[{\"added\": {}}]"}}, {"model": "admin.logentry", "pk": 44, "fields": {"action_time": "2023-10-06T00:17:35.721Z", "user": 15, "content_type": 27, "object_id": "6", "object_repr": "C2C/20230925/00013", "action_flag": 1, "change_message": "[{\"added\": {}}]"}}, {"model": "admin.logentry", "pk": 45, "fields": {"action_time": "2023-10-06T00:18:43.163Z", "user": 15, "content_type": 27, "object_id": "7", "object_repr": "C2C/20230925/00013", "action_flag": 1, "change_message": "[{\"added\": {}}]"}}, {"model": "admin.logentry", "pk": 46, "fields": {"action_time": "2023-10-06T00:18:47.628Z", "user": 15, "content_type": 26, "object_id": "2", "object_repr": "Casos Relevantes de la Semana del 11 al 17 de Septiembre - C5 CDMX #VideoDeLaSemana", "action_flag": 1, "change_message": "[{\"added\": {}}]"}}, {"model": "admin.logentry", "pk": 47, "fields": {"action_time": "2023-10-06T18:17:14.642Z", "user": 1, "content_type": 3, "object_id": "3", "object_repr": "Monitoreo Inteligente", "action_flag": 2, "change_message": "[]"}}, {"model": "admin.logentry", "pk": 48, "fields": {"action_time": "2023-10-06T18:25:02.918Z", "user": 1, "content_type": 3, "object_id": "3", "object_repr": "Monitoreo Inteligente", "action_flag": 2, "change_message": "[{\"changed\": {\"fields\": [\"Permissions\"]}}]"}}, {"model": "admin.logentry", "pk": 49, "fields": {"action_time": "2023-10-06T18:26:42.326Z", "user": 15, "content_type": 10, "object_id": "1319", "object_repr": "MODELO (IZTAPALAPA)", "action_flag": 1, "change_message": "[{\"added\": {}}]"}}, {"model": "admin.logentry", "pk": 50, "fields": {"action_time": "2023-10-06T18:39:01.856Z", "user": 15, "content_type": 27, "object_id": "8", "object_repr": "C2C/20230914/00126", "action_flag": 1, "change_message": "[{\"added\": {}}]"}}, {"model": "admin.logentry", "pk": 51, "fields": {"action_time": "2023-10-06T18:42:27.741Z", "user": 15, "content_type": 27, "object_id": "8", "object_repr": "C2C/20230914/00126", "action_flag": 2, "change_message": "[]"}}, {"model": "admin.logentry", "pk": 52, "fields": {"action_time": "2023-10-06T18:44:19.598Z", "user": 15, "content_type": 27, "object_id": "8", "object_repr": "C2C/20230914/00126", "action_flag": 2, "change_message": "[]"}}, {"model": "admin.logentry", "pk": 53, "fields": {"action_time": "2023-10-06T18:45:10.486Z", "user": 15, "content_type": 27, "object_id": "8", "object_repr": "C2O/20230428/00027", "action_flag": 2, "change_message": "[{\"changed\": {\"fields\": [\"Folio\"]}}]"}}, {"model": "admin.logentry", "pk": 54, "fields": {"action_time": "2023-10-06T18:46:55.504Z", "user": 15, "content_type": 26, "object_id": "3", "object_repr": "Delitos Contra la Salud - C5 CDMX Iztapalapa", "action_flag": 1, "change_message": "[{\"added\": {}}]"}}, {"model": "admin.logentry", "pk": 55, "fields": {"action_time": "2023-10-06T18:51:18.595Z", "user": 15, "content_type": 27, "object_id": "9", "object_repr": "C5/20230428/05066", "action_flag": 1, "change_message": "[{\"added\": {}}]"}}, {"model": "admin.logentry", "pk": 56, "fields": {"action_time": "2023-10-06T18:51:25.040Z", "user": 15, "content_type": 26, "object_id": "4", "object_repr": "Robo de Vehículo - C5 CDMX Iztapalapa", "action_flag": 1, "change_message": "[{\"added\": {}}]"}}, {"model": "admin.logentry", "pk": 57, "fields": {"action_time": "2023-10-06T19:03:22.109Z", "user": 15, "content_type": 27, "object_id": "10", "object_repr": "C5/20230524/01702", "action_flag": 1, "change_message": "[{\"added\": {}}]"}}, {"model": "admin.logentry", "pk": 58, "fields": {"action_time": "2023-10-06T19:10:05.731Z", "user": 15, "content_type": 27, "object_id": "11", "object_repr": "C5/20230524/01702", "action_flag": 1, "change_message": "[{\"added\": {}}]"}}, {"model": "admin.logentry", "pk": 59, "fields": {"action_time": "2023-10-06T19:10:31.840Z", "user": 15, "content_type": 26, "object_id": "5", "object_repr": "Esto también es el C5 de la CDMX #ServiciosC5", "action_flag": 1, "change_message": "[{\"added\": {}}]"}}, {"model": "admin.logentry", "pk": 60, "fields": {"action_time": "2023-10-06T19:13:38.157Z", "user": 15, "content_type": 26, "object_id": "5", "object_repr": "Esto también es el C5 de la CDMX #ServiciosC5", "action_flag": 2, "change_message": "[{\"changed\": {\"fields\": [\"Fecha\"]}}]"}}, {"model": "admin.logentry", "pk": 61, "fields": {"action_time": "2023-10-06T19:16:32.346Z", "user": 15, "content_type": 10, "object_id": "1320", "object_repr": "CENTRAL DE ABASTO (IZTAPALAPA)", "action_flag": 1, "change_message": "[{\"added\": {}}]"}}, {"model": "admin.logentry", "pk": 62, "fields": {"action_time": "2023-10-06T19:17:12.096Z", "user": 15, "content_type": 27, "object_id": "12", "object_repr": "F 97243 050523", "action_flag": 1, "change_message": "[{\"added\": {}}]"}}, {"model": "admin.logentry", "pk": 63, "fields": {"action_time": "2023-10-06T19:19:25.027Z", "user": 15, "content_type": 27, "object_id": "13", "object_repr": "F96793 01052023", "action_flag": 1, "change_message": "[{\"added\": {}}]"}}, {"model": "admin.logentry", "pk": 64, "fields": {"action_time": "2023-10-06T19:23:15.026Z", "user": 15, "content_type": 27, "object_id": "14", "object_repr": "C5/20230428/00577", "action_flag": 1, "change_message": "[{\"added\": {}}]"}}, {"model": "admin.logentry", "pk": 65, "fields": {"action_time": "2023-10-06T19:23:37.926Z", "user": 15, "content_type": 26, "object_id": "6", "object_repr": "Robo a Transeúnte - C5 CDMX Gustavo A. Madero", "action_flag": 1, "change_message": "[{\"added\": {}}]"}}, {"model": "admin.logentry", "pk": 66, "fields": {"action_time": "2023-10-06T19:23:44.835Z", "user": 1, "content_type": 8, "object_id": "202", "object_repr": "INCENDIO - Árbol", "action_flag": 2, "change_message": "[{\"changed\": {\"fields\": [\"Nombre\"]}}]"}}, {"model": "admin.logentry", "pk": 67, "fields": {"action_time": "2023-10-06T19:26:52.334Z", "user": 15, "content_type": 27, "object_id": "15", "object_repr": "C2C/20230829/00286", "action_flag": 1, "change_message": "[{\"added\": {}}]"}}, {"model": "admin.logentry", "pk": 68, "fields": {"action_time": "2023-10-06T19:27:08.249Z", "user": 15, "content_type": 26, "object_id": "7", "object_repr": "Casos Relevantes de la Semana del 28 de Agosto al 3 de Septiembre  - C5 CDMX #VideoDeLaSemana", "action_flag": 1, "change_message": "[{\"added\": {}}]"}}, {"model": "admin.logentry", "pk": 69, "fields": {"action_time": "2023-10-06T19:32:23.610Z", "user": 15, "content_type": 27, "object_id": "16", "object_repr": "F 109214 260823", "action_flag": 1, "change_message": "[{\"added\": {}}]"}}, {"model": "admin.logentry", "pk": 70, "fields": {"action_time": "2023-10-06T19:32:56.665Z", "user": 15, "content_type": 26, "object_id": "7", "object_repr": "Casos Relevantes de la Semana del 28 de Agosto al 3 de Septiembre  - C5 CDMX #VideoDeLaSemana", "action_flag": 2, "change_message": "[{\"changed\": {\"fields\": [\"Folios\"]}}]"}}, {"model": "admin.logentry", "pk": 71, "fields": {"action_time": "2023-10-06T19:38:23.410Z", "user": 15, "content_type": 27, "object_id": "17", "object_repr": "C2S/20230828/00120", "action_flag": 1, "change_message": "[{\"added\": {}}]"}}, {"model": "admin.logentry", "pk": 72, "fields": {"action_time": "2023-10-06T19:38:31.939Z", "user": 15, "content_type": 26, "object_id": "7", "object_repr": "Casos Relevantes de la Semana del 28 de Agosto al 3 de Septiembre  - C5 CDMX #VideoDeLaSemana", "action_flag": 2, "change_message": "[{\"changed\": {\"fields\": [\"Folios\"]}}]"}}, {"model": "admin.logentry", "pk": 73, "fields": {"action_time": "2023-10-06T19:52:30.488Z", "user": 15, "content_type": 10, "object_id": "1321", "object_repr": "ABRAHAM GONZÁLEZ (IZTAPALAPA)", "action_flag": 1, "change_message": "[{\"added\": {}}]"}}, {"model": "admin.logentry", "pk": 74, "fields": {"action_time": "2023-10-06T19:53:03.134Z", "user": 15, "content_type": 27, "object_id": "18", "object_repr": "C5/20230902/03232", "action_flag": 1, "change_message": "[{\"added\": {}}]"}}, {"model": "admin.logentry", "pk": 75, "fields": {"action_time": "2023-10-06T19:55:28.696Z", "user": 15, "content_type": 27, "object_id": "19", "object_repr": "C2P/20230830/00119", "action_flag": 1, "change_message": "[{\"added\": {}}]"}}, {"model": "admin.logentry", "pk": 76, "fields": {"action_time": "2023-10-06T19:55:34.512Z", "user": 15, "content_type": 26, "object_id": "7", "object_repr": "Casos Relevantes de la Semana del 28 de Agosto al 3 de Septiembre  - C5 CDMX #VideoDeLaSemana", "action_flag": 2, "change_message": "[{\"changed\": {\"fields\": [\"Folios\"]}}]"}}, {"model": "admin.logentry", "pk": 77, "fields": {"action_time": "2023-10-06T20:02:52.327Z", "user": 15, "content_type": 27, "object_id": "20", "object_repr": "C2C/20230828/00102", "action_flag": 1, "change_message": "[{\"added\": {}}]"}}, {"model": "admin.logentry", "pk": 78, "fields": {"action_time": "2023-10-06T20:02:56.319Z", "user": 15, "content_type": 26, "object_id": "7", "object_repr": "Casos Relevantes de la Semana del 28 de Agosto al 3 de Septiembre  - C5 CDMX #VideoDeLaSemana", "action_flag": 2, "change_message": "[{\"changed\": {\"fields\": [\"Folios\"]}}]"}}, {"model": "admin.logentry", "pk": 79, "fields": {"action_time": "2023-10-07T02:27:34.282Z", "user": 6, "content_type": 24, "object_id": "12", "object_repr": "Detienen a asaltante de usuarios del AICM", "action_flag": 1, "change_message": "[{\"added\": {}}]"}}, {"model": "admin.logentry", "pk": 80, "fields": {"action_time": "2023-10-07T02:29:43.946Z", "user": 6, "content_type": 24, "object_id": "13", "object_repr": "Manifestantes cierran ambos bloques de Dr. Río de la Loza a la altura de Digna Ochoa y Placido, alcaldía Cuauhtémoc", "action_flag": 1, "change_message": "[{\"added\": {}}]"}}, {"model": "admin.logentry", "pk": 81, "fields": {"action_time": "2023-10-07T02:36:35.428Z", "user": 6, "content_type": 24, "object_id": "14", "object_repr": "El conductor de un auto compacto perdió el control al incorporarse a la curva de Calz Ermita #Iztapalapa y a la altura de la Calz Ignacio Zaragoza", "action_flag": 1, "change_message": "[{\"added\": {}}]"}}, {"model": "admin.logentry", "pk": 82, "fields": {"action_time": "2023-10-07T02:37:56.488Z", "user": 6, "content_type": 24, "object_id": "15", "object_repr": "Indagan bajo protocolo de feminicidio, la muerte de una mujer, quien fue hallada sin vida al interior de su domicilio en Av. Añil, col. Granjas México, Iztacalco", "action_flag": 1, "change_message": "[{\"added\": {}}]"}}, {"model": "admin.logentry", "pk": 83, "fields": {"action_time": "2023-10-07T02:52:14.758Z", "user": 6, "content_type": 24, "object_id": "16", "object_repr": "Se registró la caída de un árbol en calles de la colonia Doctores, servicios de emergencia ya trabajan en la zona", "action_flag": 1, "change_message": "[{\"added\": {}}]"}}, {"model": "admin.logentry", "pk": 84, "fields": {"action_time": "2023-10-07T16:34:55.305Z", "user": 14, "content_type": 9, "object_id": "8", "object_repr": "C5/20231007/02267", "action_flag": 1, "change_message": "[{\"added\": {}}]"}}, {"model": "admin.logentry", "pk": 85, "fields": {"action_time": "2023-10-07T21:08:30.061Z", "user": 14, "content_type": 9, "object_id": "9", "object_repr": "C5/20231007/03422", "action_flag": 1, "change_message": "[{\"added\": {}}]"}}, {"model": "admin.logentry", "pk": 86, "fields": {"action_time": "2023-10-10T20:00:16.645Z", "user": 9, "content_type": 9, "object_id": "10", "object_repr": "C5/20231010/01904", "action_flag": 1, "change_message": "[{\"added\": {}}]"}}, {"model": "admin.logentry", "pk": 87, "fields": {"action_time": "2023-10-10T20:20:10.447Z", "user": 9, "content_type": 9, "object_id": "11", "object_repr": "C5/20231010/02020", "action_flag": 1, "change_message": "[{\"added\": {}}]"}}, {"model": "admin.logentry", "pk": 88, "fields": {"action_time": "2023-10-11T00:53:57.306Z", "user": 4, "content_type": 9, "object_id": "12", "object_repr": "C5/20231008/03285", "action_flag": 1, "change_message": "[{\"added\": {}}]"}}, {"model": "admin.logentry", "pk": 89, "fields": {"action_time": "2023-10-11T03:52:23.439Z", "user": 4, "content_type": 9, "object_id": "13", "object_repr": "C5/20231010/04079", "action_flag": 1, "change_message": "[{\"added\": {}}]"}}, {"model": "admin.logentry", "pk": 90, "fields": {"action_time": "2023-10-11T18:59:01.164Z", "user": 14, "content_type": 9, "object_id": "14", "object_repr": "C5/20231011/01838", "action_flag": 1, "change_message": "[{\"added\": {}}]"}}, {"model": "admin.logentry", "pk": 91, "fields": {"action_time": "2023-10-12T11:57:33.877Z", "user": 11, "content_type": 9, "object_id": "15", "object_repr": "C5/20231011/03721", "action_flag": 1, "change_message": "[{\"added\": {}}]"}}, {"model": "admin.logentry", "pk": 92, "fields": {"action_time": "2023-10-12T11:58:54.832Z", "user": 11, "content_type": 9, "object_id": "15", "object_repr": "C5/20231011/03721", "action_flag": 2, "change_message": "[]"}}, {"model": "admin.logentry", "pk": 93, "fields": {"action_time": "2023-10-12T23:38:17.577Z", "user": 15, "content_type": 27, "object_id": "21", "object_repr": "C2O/20230527/00024", "action_flag": 1, "change_message": "[{\"added\": {}}]"}}, {"model": "admin.logentry", "pk": 94, "fields": {"action_time": "2023-10-12T23:44:20.830Z", "user": 15, "content_type": 27, "object_id": "22", "object_repr": "C5/20230526/01826", "action_flag": 1, "change_message": "[{\"added\": {}}]"}}, {"model": "admin.logentry", "pk": 95, "fields": {"action_time": "2023-10-12T23:46:04.925Z", "user": 15, "content_type": 27, "object_id": "23", "object_repr": "C5/20230912/03325", "action_flag": 1, "change_message": "[{\"added\": {}}]"}}, {"model": "admin.logentry", "pk": 96, "fields": {"action_time": "2023-10-12T23:48:08.114Z", "user": 15, "content_type": 27, "object_id": "23", "object_repr": "C5/20230912/03325", "action_flag": 2, "change_message": "[{\"changed\": {\"fields\": [\"Fecha\"]}}]"}}, {"model": "admin.logentry", "pk": 97, "fields": {"action_time": "2023-10-13T16:19:25.642Z", "user": 1, "content_type": 27, "object_id": "14", "object_repr": "C5/20230428/00577", "action_flag": 3, "change_message": ""}}, {"model": "admin.logentry", "pk": 98, "fields": {"action_time": "2023-10-13T16:19:25.700Z", "user": 1, "content_type": 27, "object_id": "9", "object_repr": "C5/20230428/05066", "action_flag": 3, "change_message": ""}}, {"model": "admin.logentry", "pk": 99, "fields": {"action_time": "2023-10-13T16:19:25.748Z", "user": 1, "content_type": 27, "object_id": "13", "object_repr": "F96793 01052023", "action_flag": 3, "change_message": ""}}, {"model": "admin.logentry", "pk": 100, "fields": {"action_time": "2023-10-13T16:19:25.796Z", "user": 1, "content_type": 27, "object_id": "11", "object_repr": "C5/20230524/01702", "action_flag": 3, "change_message": ""}}, {"model": "admin.logentry", "pk": 101, "fields": {"action_time": "2023-10-13T16:19:25.838Z", "user": 1, "content_type": 27, "object_id": "10", "object_repr": "C5/20230524/01702", "action_flag": 3, "change_message": ""}}, {"model": "admin.logentry", "pk": 102, "fields": {"action_time": "2023-10-13T16:19:25.880Z", "user": 1, "content_type": 27, "object_id": "12", "object_repr": "F 97243 050523", "action_flag": 3, "change_message": ""}}, {"model": "admin.logentry", "pk": 103, "fields": {"action_time": "2023-10-13T16:19:25.922Z", "user": 1, "content_type": 27, "object_id": "1", "object_repr": "C2N/20230513/00133", "action_flag": 3, "change_message": ""}}, {"model": "admin.logentry", "pk": 104, "fields": {"action_time": "2023-10-13T16:19:25.958Z", "user": 1, "content_type": 27, "object_id": "22", "object_repr": "C5/20230526/01826", "action_flag": 3, "change_message": ""}}, {"model": "admin.logentry", "pk": 105, "fields": {"action_time": "2023-10-13T16:19:26.000Z", "user": 1, "content_type": 27, "object_id": "21", "object_repr": "C2O/20230527/00024", "action_flag": 3, "change_message": ""}}, {"model": "admin.logentry", "pk": 106, "fields": {"action_time": "2023-10-13T16:19:26.048Z", "user": 1, "content_type": 27, "object_id": "7", "object_repr": "C2C/20230925/00013", "action_flag": 3, "change_message": ""}}, {"model": "admin.logentry", "pk": 107, "fields": {"action_time": "2023-10-13T16:19:26.096Z", "user": 1, "content_type": 27, "object_id": "16", "object_repr": "F 109214 260823", "action_flag": 3, "change_message": ""}}, {"model": "admin.logentry", "pk": 108, "fields": {"action_time": "2023-10-13T16:19:26.144Z", "user": 1, "content_type": 27, "object_id": "15", "object_repr": "C2C/20230829/00286", "action_flag": 3, "change_message": ""}}, {"model": "admin.logentry", "pk": 109, "fields": {"action_time": "2023-10-13T16:19:26.186Z", "user": 1, "content_type": 27, "object_id": "20", "object_repr": "C2C/20230828/00102", "action_flag": 3, "change_message": ""}}, {"model": "admin.logentry", "pk": 110, "fields": {"action_time": "2023-10-13T16:19:26.228Z", "user": 1, "content_type": 27, "object_id": "17", "object_repr": "C2S/20230828/00120", "action_flag": 3, "change_message": ""}}, {"model": "admin.logentry", "pk": 111, "fields": {"action_time": "2023-10-13T16:19:26.276Z", "user": 1, "content_type": 27, "object_id": "19", "object_repr": "C2P/20230830/00119", "action_flag": 3, "change_message": ""}}, {"model": "admin.logentry", "pk": 112, "fields": {"action_time": "2023-10-13T16:19:26.318Z", "user": 1, "content_type": 27, "object_id": "18", "object_repr": "C5/20230902/03232", "action_flag": 3, "change_message": ""}}, {"model": "admin.logentry", "pk": 113, "fields": {"action_time": "2023-10-13T16:19:26.366Z", "user": 1, "content_type": 27, "object_id": "23", "object_repr": "C5/20230912/03325", "action_flag": 3, "change_message": ""}}, {"model": "admin.logentry", "pk": 114, "fields": {"action_time": "2023-10-13T16:19:26.420Z", "user": 1, "content_type": 27, "object_id": "6", "object_repr": "C2C/20230925/00013", "action_flag": 3, "change_message": ""}}, {"model": "admin.logentry", "pk": 115, "fields": {"action_time": "2023-10-13T16:19:26.462Z", "user": 1, "content_type": 27, "object_id": "2", "object_repr": "C2C/20230927/00085", "action_flag": 3, "change_message": ""}}, {"model": "admin.logentry", "pk": 116, "fields": {"action_time": "2023-10-13T16:19:26.510Z", "user": 1, "content_type": 27, "object_id": "4", "object_repr": "C5/20230926/02080", "action_flag": 3, "change_message": ""}}, {"model": "admin.logentry", "pk": 117, "fields": {"action_time": "2023-10-13T16:19:36.295Z", "user": 1, "content_type": 27, "object_id": "5", "object_repr": "C5/20230929/05078", "action_flag": 3, "change_message": ""}}, {"model": "admin.logentry", "pk": 118, "fields": {"action_time": "2023-10-13T16:19:36.339Z", "user": 1, "content_type": 27, "object_id": "3", "object_repr": "C2S/20230929/00015", "action_flag": 3, "change_message": ""}}, {"model": "admin.logentry", "pk": 119, "fields": {"action_time": "2023-10-13T16:19:36.396Z", "user": 1, "content_type": 27, "object_id": "8", "object_repr": "C2O/20230428/00027", "action_flag": 3, "change_message": ""}}, {"model": "admin.logentry", "pk": 120, "fields": {"action_time": "2023-10-13T16:19:50.918Z", "user": 1, "content_type": 26, "object_id": "3", "object_repr": "Delitos Contra la Salud - C5 CDMX Iztapalapa", "action_flag": 3, "change_message": ""}}, {"model": "admin.logentry", "pk": 121, "fields": {"action_time": "2023-10-13T16:19:51.021Z", "user": 1, "content_type": 26, "object_id": "4", "object_repr": "Robo de Vehículo - C5 CDMX Iztapalapa", "action_flag": 3, "change_message": ""}}, {"model": "admin.logentry", "pk": 122, "fields": {"action_time": "2023-10-13T16:19:51.063Z", "user": 1, "content_type": 26, "object_id": "5", "object_repr": "Esto también es el C5 de la CDMX #ServiciosC5", "action_flag": 3, "change_message": ""}}, {"model": "admin.logentry", "pk": 123, "fields": {"action_time": "2023-10-13T16:19:51.105Z", "user": 1, "content_type": 26, "object_id": "6", "object_repr": "Robo a Transeúnte - C5 CDMX Gustavo A. Madero", "action_flag": 3, "change_message": ""}}, {"model": "admin.logentry", "pk": 124, "fields": {"action_time": "2023-10-13T16:19:51.147Z", "user": 1, "content_type": 26, "object_id": "7", "object_repr": "Casos Relevantes de la Semana del 28 de Agosto al 3 de Septiembre  - C5 CDMX #VideoDeLaSemana", "action_flag": 3, "change_message": ""}}, {"model": "admin.logentry", "pk": 125, "fields": {"action_time": "2023-10-13T16:19:51.189Z", "user": 1, "content_type": 26, "object_id": "1", "object_repr": "Robo a Transeúnte - C5 CDMX Gustavo A. Madero", "action_flag": 3, "change_message": ""}}, {"model": "admin.logentry", "pk": 126, "fields": {"action_time": "2023-10-13T16:19:51.237Z", "user": 1, "content_type": 26, "object_id": "2", "object_repr": "Casos Relevantes de la Semana del 11 al 17 de Septiembre - C5 CDMX #VideoDeLaSemana", "action_flag": 3, "change_message": ""}}, {"model": "admin.logentry", "pk": 127, "fields": {"action_time": "2023-10-13T16:31:48.443Z", "user": 1, "content_type": 3, "object_id": "3", "object_repr": "Monitoreo Inteligente", "action_flag": 2, "change_message": "[{\"changed\": {\"fields\": [\"Permissions\"]}}]"}}, {"model": "admin.logentry", "pk": 128, "fields": {"action_time": "2023-10-13T16:32:28.978Z", "user": 1, "content_type": 3, "object_id": "3", "object_repr": "Monitoreo Inteligente", "action_flag": 2, "change_message": "[{\"changed\": {\"fields\": [\"Permissions\"]}}]"}}, {"model": "admin.logentry", "pk": 129, "fields": {"action_time": "2023-10-13T16:33:35.015Z", "user": 1, "content_type": 25, "object_id": "1", "object_repr": "Tipo object (1)", "action_flag": 1, "change_message": "[{\"added\": {}}]"}}, {"model": "admin.logentry", "pk": 130, "fields": {"action_time": "2023-10-13T16:33:42.675Z", "user": 1, "content_type": 25, "object_id": "2", "object_repr": "Tipo object (2)", "action_flag": 1, "change_message": "[{\"added\": {}}]"}}, {"model": "admin.logentry", "pk": 131, "fields": {"action_time": "2023-10-13T16:35:33.711Z", "user": 1, "content_type": 25, "object_id": "3", "object_repr": "Tipo object (3)", "action_flag": 1, "change_message": "[{\"added\": {}}]"}}, {"model": "admin.logentry", "pk": 132, "fields": {"action_time": "2023-10-13T16:35:41.016Z", "user": 1, "content_type": 25, "object_id": "4", "object_repr": "Tipo object (4)", "action_flag": 1, "change_message": "[{\"added\": {}}]"}}, {"model": "admin.logentry", "pk": 133, "fields": {"action_time": "2023-10-13T16:40:39.358Z", "user": 1, "content_type": 25, "object_id": "1", "object_repr": "Tipo object (1)", "action_flag": 2, "change_message": "[]"}}, {"model": "admin.logentry", "pk": 134, "fields": {"action_time": "2023-10-13T16:40:42.130Z", "user": 1, "content_type": 25, "object_id": "1", "object_repr": "Tipo object (1)", "action_flag": 2, "change_message": "[]"}}, {"model": "admin.logentry", "pk": 135, "fields": {"action_time": "2023-10-13T16:41:54.119Z", "user": 1, "content_type": 25, "object_id": "4", "object_repr": "Tipo object (4)", "action_flag": 2, "change_message": "[]"}}, {"model": "admin.logentry", "pk": 136, "fields": {"action_time": "2023-10-13T16:42:31.423Z", "user": 1, "content_type": 25, "object_id": "4", "object_repr": "Tipo object (4)", "action_flag": 2, "change_message": "[]"}}, {"model": "admin.logentry", "pk": 137, "fields": {"action_time": "2023-10-13T16:43:53.482Z", "user": 1, "content_type": 25, "object_id": "4", "object_repr": "Tipo object (4)", "action_flag": 2, "change_message": "[]"}}, {"model": "admin.logentry", "pk": 138, "fields": {"action_time": "2023-10-13T16:57:55.664Z", "user": 1, "content_type": 25, "object_id": "1", "object_repr": "Tipo object (1)", "action_flag": 1, "change_message": "[{\"added\": {}}]"}}, {"model": "admin.logentry", "pk": 139, "fields": {"action_time": "2023-10-13T17:20:28.128Z", "user": 15, "content_type": 27, "object_id": "1", "object_repr": "Folio object (1)", "action_flag": 1, "change_message": "[{\"added\": {}}]"}}, {"model": "admin.logentry", "pk": 140, "fields": {"action_time": "2023-10-13T17:20:33.135Z", "user": 15, "content_type": 26, "object_id": "1", "object_repr": "Video object (1)", "action_flag": 1, "change_message": "[{\"added\": {}}]"}}, {"model": "admin.logentry", "pk": 141, "fields": {"action_time": "2023-10-13T17:22:18.931Z", "user": 15, "content_type": 27, "object_id": "1", "object_repr": "C2N/20230517/00017", "action_flag": 2, "change_message": "[]"}}, {"model": "admin.logentry", "pk": 142, "fields": {"action_time": "2023-10-13T17:50:47.929Z", "user": 15, "content_type": 27, "object_id": "2", "object_repr": "C5/20230512/00768", "action_flag": 1, "change_message": "[{\"added\": {}}]"}}, {"model": "admin.logentry", "pk": 143, "fields": {"action_time": "2023-10-13T17:53:03.924Z", "user": 15, "content_type": 27, "object_id": "3", "object_repr": "C5/20230517/02533", "action_flag": 1, "change_message": "[{\"added\": {}}]"}}, {"model": "admin.logentry", "pk": 144, "fields": {"action_time": "2023-10-13T17:58:39.075Z", "user": 15, "content_type": 26, "object_id": "1", "object_repr": "Robo a Vehículo - C5 CDMX Gustavo A. Madero", "action_flag": 2, "change_message": "[{\"changed\": {\"fields\": [\"Folios\"]}}]"}}, {"model": "admin.logentry", "pk": 145, "fields": {"action_time": "2023-10-13T17:58:51.098Z", "user": 15, "content_type": 26, "object_id": "1", "object_repr": "Robo a Vehículo - C5 CDMX Gustavo A. Madero", "action_flag": 2, "change_message": "[{\"changed\": {\"fields\": [\"Folios\"]}}]"}}, {"model": "admin.logentry", "pk": 146, "fields": {"action_time": "2023-10-13T18:00:36.275Z", "user": 15, "content_type": 26, "object_id": "2", "object_repr": "Esto también es el C5 de la CDMX #ServiciosC5", "action_flag": 1, "change_message": "[{\"added\": {}}]"}}, {"model": "admin.logentry", "pk": 147, "fields": {"action_time": "2023-10-13T18:02:56.681Z", "user": 15, "content_type": 10, "object_id": "1322", "object_repr": "EL GAVILÁN (IZTAPALAPA)", "action_flag": 1, "change_message": "[{\"added\": {}}]"}}, {"model": "admin.logentry", "pk": 148, "fields": {"action_time": "2023-10-13T18:03:31.491Z", "user": 15, "content_type": 27, "object_id": "4", "object_repr": "C2O/20230518/00062", "action_flag": 1, "change_message": "[{\"added\": {}}]"}}, {"model": "admin.logentry", "pk": 149, "fields": {"action_time": "2023-10-13T18:03:56.635Z", "user": 15, "content_type": 27, "object_id": "4", "object_repr": "C2O/20230518/00062", "action_flag": 2, "change_message": "[]"}}, {"model": "admin.logentry", "pk": 150, "fields": {"action_time": "2023-10-13T18:04:21.511Z", "user": 15, "content_type": 26, "object_id": "2", "object_repr": "Esto también es el C5 de la CDMX #ServiciosC5", "action_flag": 2, "change_message": "[{\"changed\": {\"fields\": [\"Folios\"]}}]"}}, {"model": "admin.logentry", "pk": 151, "fields": {"action_time": "2023-10-13T18:14:42.992Z", "user": 1, "content_type": 8, "object_id": "89", "object_repr": "DAÑOS POR FENOMENO NATURAL O TERCERO - Caída de árbol", "action_flag": 2, "change_message": "[{\"changed\": {\"fields\": [\"Nombre\"]}}]"}}, {"model": "admin.logentry", "pk": 152, "fields": {"action_time": "2023-10-13T18:15:01.640Z", "user": 15, "content_type": 27, "object_id": "5", "object_repr": "C2N/20230513/00133", "action_flag": 1, "change_message": "[{\"added\": {}}]"}}, {"model": "admin.logentry", "pk": 153, "fields": {"action_time": "2023-10-13T18:15:08.403Z", "user": 15, "content_type": 26, "object_id": "3", "object_repr": "Robo a Transeúnte - C5 CDMX Gustavo A. Madero", "action_flag": 1, "change_message": "[{\"added\": {}}]"}}, {"model": "admin.logentry", "pk": 154, "fields": {"action_time": "2023-10-13T18:18:49.656Z", "user": 15, "content_type": 27, "object_id": "6", "object_repr": "C2C/20230927/00085", "action_flag": 1, "change_message": "[{\"added\": {}}]"}}, {"model": "admin.logentry", "pk": 155, "fields": {"action_time": "2023-10-13T18:19:04.354Z", "user": 15, "content_type": 26, "object_id": "4", "object_repr": "Casos Relevantes de la Semana del 25 de septiembre al 1 de Octubre - C5 CDMX #VideoDeLaSemana", "action_flag": 1, "change_message": "[{\"added\": {}}]"}}, {"model": "admin.logentry", "pk": 156, "fields": {"action_time": "2023-10-13T18:21:35.874Z", "user": 15, "content_type": 27, "object_id": "7", "object_repr": "F_L F 113278 29092023", "action_flag": 1, "change_message": "[{\"added\": {}}]"}}, {"model": "admin.logentry", "pk": 157, "fields": {"action_time": "2023-10-13T18:21:44.495Z", "user": 15, "content_type": 26, "object_id": "4", "object_repr": "Casos Relevantes de la Semana del 25 de septiembre al 1 de Octubre - C5 CDMX #VideoDeLaSemana", "action_flag": 2, "change_message": "[{\"changed\": {\"fields\": [\"Folios\"]}}]"}}, {"model": "admin.logentry", "pk": 158, "fields": {"action_time": "2023-10-13T18:24:36.461Z", "user": 15, "content_type": 27, "object_id": "8", "object_repr": "C2S/20230929/00015", "action_flag": 1, "change_message": "[{\"added\": {}}]"}}, {"model": "admin.logentry", "pk": 159, "fields": {"action_time": "2023-10-13T18:24:38.426Z", "user": 15, "content_type": 26, "object_id": "4", "object_repr": "Casos Relevantes de la Semana del 25 de septiembre al 1 de Octubre - C5 CDMX #VideoDeLaSemana", "action_flag": 2, "change_message": "[{\"changed\": {\"fields\": [\"Folios\"]}}]"}}, {"model": "admin.logentry", "pk": 160, "fields": {"action_time": "2023-10-13T18:27:34.671Z", "user": 15, "content_type": 27, "object_id": "9", "object_repr": "C5/20230926/02080", "action_flag": 1, "change_message": "[{\"added\": {}}]"}}, {"model": "admin.logentry", "pk": 161, "fields": {"action_time": "2023-10-13T18:27:38.916Z", "user": 15, "content_type": 26, "object_id": "4", "object_repr": "Casos Relevantes de la Semana del 25 de septiembre al 1 de Octubre - C5 CDMX #VideoDeLaSemana", "action_flag": 2, "change_message": "[{\"changed\": {\"fields\": [\"Folios\"]}}]"}}, {"model": "admin.logentry", "pk": 162, "fields": {"action_time": "2023-10-13T18:31:02.412Z", "user": 15, "content_type": 27, "object_id": "10", "object_repr": "C5/20230929/05078", "action_flag": 1, "change_message": "[{\"added\": {}}]"}}, {"model": "admin.logentry", "pk": 163, "fields": {"action_time": "2023-10-13T18:31:10.279Z", "user": 15, "content_type": 26, "object_id": "4", "object_repr": "Casos Relevantes de la Semana del 25 de septiembre al 1 de Octubre - C5 CDMX #VideoDeLaSemana", "action_flag": 2, "change_message": "[{\"changed\": {\"fields\": [\"Folios\"]}}]"}}, {"model": "admin.logentry", "pk": 164, "fields": {"action_time": "2023-10-13T19:01:23.450Z", "user": 15, "content_type": 27, "object_id": "11", "object_repr": "C2C/20230925/00013", "action_flag": 1, "change_message": "[{\"added\": {}}]"}}, {"model": "admin.logentry", "pk": 165, "fields": {"action_time": "2023-10-13T19:01:27.571Z", "user": 15, "content_type": 26, "object_id": "4", "object_repr": "Casos Relevantes de la Semana del 25 de septiembre al 1 de Octubre - C5 CDMX #VideoDeLaSemana", "action_flag": 2, "change_message": "[{\"changed\": {\"fields\": [\"Folios\"]}}]"}}, {"model": "admin.logentry", "pk": 166, "fields": {"action_time": "2023-10-13T19:02:46.037Z", "user": 15, "content_type": 27, "object_id": "12", "object_repr": "C2N/20230824/00152", "action_flag": 1, "change_message": "[{\"added\": {}}]"}}, {"model": "admin.logentry", "pk": 167, "fields": {"action_time": "2023-10-13T19:02:50.497Z", "user": 15, "content_type": 26, "object_id": "4", "object_repr": "Casos Relevantes de la Semana del 25 de septiembre al 1 de Octubre - C5 CDMX #VideoDeLaSemana", "action_flag": 2, "change_message": "[{\"changed\": {\"fields\": [\"Folios\"]}}]"}}, {"model": "admin.logentry", "pk": 168, "fields": {"action_time": "2023-10-13T19:05:29.059Z", "user": 1, "content_type": 4, "object_id": "13", "object_repr": "efloresc", "action_flag": 2, "change_message": "[{\"changed\": {\"fields\": [\"password\"]}}]"}}, {"model": "admin.logentry", "pk": 169, "fields": {"action_time": "2023-10-13T19:05:36.627Z", "user": 1, "content_type": 4, "object_id": "13", "object_repr": "efloresc", "action_flag": 2, "change_message": "[]"}}, {"model": "admin.logentry", "pk": 170, "fields": {"action_time": "2023-10-13T19:06:07.015Z", "user": 15, "content_type": 27, "object_id": "13", "object_repr": "C2N/20230515/00074", "action_flag": 1, "change_message": "[{\"added\": {}}]"}}, {"model": "admin.logentry", "pk": 171, "fields": {"action_time": "2023-10-13T19:06:11.217Z", "user": 15, "content_type": 26, "object_id": "5", "object_repr": "Robo a Transeúnte - C5 CDMX Gustavo A. Madero", "action_flag": 1, "change_message": "[{\"added\": {}}]"}}, {"model": "admin.logentry", "pk": 172, "fields": {"action_time": "2023-10-13T19:07:59.610Z", "user": 1, "content_type": 18, "object_id": "4", "object_repr": "JEFA DE GOBIERNO", "action_flag": 2, "change_message": "[]"}}, {"model": "admin.logentry", "pk": 173, "fields": {"action_time": "2023-10-13T19:08:09.911Z", "user": 1, "content_type": 18, "object_id": "7", "object_repr": "Martí Batres", "action_flag": 1, "change_message": "[{\"added\": {}}]"}}, {"model": "admin.logentry", "pk": 174, "fields": {"action_time": "2023-10-13T19:09:35.928Z", "user": 1, "content_type": 18, "object_id": "7", "object_repr": "Martí Batres", "action_flag": 3, "change_message": ""}}, {"model": "admin.logentry", "pk": 175, "fields": {"action_time": "2023-10-13T19:10:12.084Z", "user": 1, "content_type": 21, "object_id": "25", "object_repr": "Martí Batres", "action_flag": 1, "change_message": "[{\"added\": {}}]"}}, {"model": "admin.logentry", "pk": 176, "fields": {"action_time": "2023-10-13T19:15:10.667Z", "user": 15, "content_type": 27, "object_id": "14", "object_repr": "C2O/20230527/00024", "action_flag": 1, "change_message": "[{\"added\": {}}]"}}, {"model": "admin.logentry", "pk": 177, "fields": {"action_time": "2023-10-13T19:15:52.979Z", "user": 15, "content_type": 26, "object_id": "6", "object_repr": "Portación de Arma de Fuego - C5 CDMX Iztapalapa", "action_flag": 1, "change_message": "[{\"added\": {}}]"}}, {"model": "admin.logentry", "pk": 178, "fields": {"action_time": "2023-10-13T19:19:45.971Z", "user": 15, "content_type": 27, "object_id": "15", "object_repr": "C5/20230526/01826", "action_flag": 1, "change_message": "[{\"added\": {}}]"}}, {"model": "admin.logentry", "pk": 179, "fields": {"action_time": "2023-10-13T19:19:53.660Z", "user": 15, "content_type": 26, "object_id": "7", "object_repr": "Esto también es el C5 de la CDMX #ServiciosC5", "action_flag": 1, "change_message": "[{\"added\": {}}]"}}, {"model": "admin.logentry", "pk": 180, "fields": {"action_time": "2023-10-13T19:21:20.474Z", "user": 1, "content_type": 27, "object_id": "16", "object_repr": "ga", "action_flag": 1, "change_message": "[{\"added\": {}}]"}}, {"model": "admin.logentry", "pk": 181, "fields": {"action_time": "2023-10-13T19:21:38.635Z", "user": 1, "content_type": 27, "object_id": "16", "object_repr": "ga", "action_flag": 3, "change_message": ""}}, {"model": "admin.logentry", "pk": 182, "fields": {"action_time": "2023-10-13T19:22:46.550Z", "user": 15, "content_type": 27, "object_id": "17", "object_repr": "C5/20230912/03325", "action_flag": 1, "change_message": "[{\"added\": {}}]"}}, {"model": "admin.logentry", "pk": 183, "fields": {"action_time": "2023-10-13T19:22:55.328Z", "user": 15, "content_type": 26, "object_id": "7", "object_repr": "Esto también es el C5 de la CDMX #ServiciosC5", "action_flag": 2, "change_message": "[{\"changed\": {\"fields\": [\"Folios\"]}}]"}}, {"model": "admin.logentry", "pk": 184, "fields": {"action_time": "2023-10-13T19:23:56.158Z", "user": 15, "content_type": 27, "object_id": "18", "object_repr": "C5/20230906/00591", "action_flag": 1, "change_message": "[{\"added\": {}}]"}}, {"model": "admin.logentry", "pk": 185, "fields": {"action_time": "2023-10-13T19:24:03.119Z", "user": 15, "content_type": 26, "object_id": "7", "object_repr": "Esto también es el C5 de la CDMX #ServiciosC5", "action_flag": 2, "change_message": "[{\"changed\": {\"fields\": [\"Folios\"]}}]"}}, {"model": "admin.logentry", "pk": 186, "fields": {"action_time": "2023-10-13T19:27:17.089Z", "user": 15, "content_type": 27, "object_id": "19", "object_repr": "C2O/20230527/00251", "action_flag": 1, "change_message": "[{\"added\": {}}]"}}, {"model": "admin.logentry", "pk": 187, "fields": {"action_time": "2023-10-13T19:27:24.964Z", "user": 15, "content_type": 26, "object_id": "8", "object_repr": "Robo a Transeúnte - C5 CDMX Tláhuac", "action_flag": 1, "change_message": "[{\"added\": {}}]"}}, {"model": "admin.logentry", "pk": 188, "fields": {"action_time": "2023-10-13T19:29:28.484Z", "user": 15, "content_type": 27, "object_id": "20", "object_repr": "C2C/20231004/00111", "action_flag": 1, "change_message": "[{\"added\": {}}]"}}, {"model": "admin.logentry", "pk": 189, "fields": {"action_time": "2023-10-13T19:29:36.498Z", "user": 15, "content_type": 26, "object_id": "9", "object_repr": "Casos Relevantes de la Semana del 2 al 8 de Octrubre  - C5 CDMX #VideoDeLaSemana", "action_flag": 1, "change_message": "[{\"added\": {}}]"}}, {"model": "admin.logentry", "pk": 190, "fields": {"action_time": "2023-10-13T19:30:39.153Z", "user": 15, "content_type": 27, "object_id": "21", "object_repr": "F_L F114063 06102023", "action_flag": 1, "change_message": "[{\"added\": {}}]"}}, {"model": "admin.logentry", "pk": 191, "fields": {"action_time": "2023-10-13T19:30:45.716Z", "user": 15, "content_type": 26, "object_id": "9", "object_repr": "Casos Relevantes de la Semana del 2 al 8 de Octrubre  - C5 CDMX #VideoDeLaSemana", "action_flag": 2, "change_message": "[{\"changed\": {\"fields\": [\"Folios\"]}}]"}}, {"model": "admin.logentry", "pk": 192, "fields": {"action_time": "2023-10-13T19:38:14.855Z", "user": 15, "content_type": 10, "object_id": "1323", "object_repr": "COAPA (TLALAPN)", "action_flag": 1, "change_message": "[{\"added\": {}}]"}}, {"model": "admin.logentry", "pk": 193, "fields": {"action_time": "2023-10-13T19:38:35.820Z", "user": 15, "content_type": 27, "object_id": "22", "object_repr": "C5/20231003/00234", "action_flag": 1, "change_message": "[{\"added\": {}}]"}}, {"model": "admin.logentry", "pk": 194, "fields": {"action_time": "2023-10-13T19:38:43.818Z", "user": 15, "content_type": 26, "object_id": "9", "object_repr": "Casos Relevantes de la Semana del 2 al 8 de Octrubre  - C5 CDMX #VideoDeLaSemana", "action_flag": 2, "change_message": "[{\"changed\": {\"fields\": [\"Folios\"]}}]"}}, {"model": "admin.logentry", "pk": 195, "fields": {"action_time": "2023-10-13T19:40:46.678Z", "user": 15, "content_type": 27, "object_id": "23", "object_repr": "C20/20231004/00023", "action_flag": 1, "change_message": "[{\"added\": {}}]"}}, {"model": "admin.logentry", "pk": 196, "fields": {"action_time": "2023-10-13T19:40:52.428Z", "user": 15, "content_type": 26, "object_id": "9", "object_repr": "Casos Relevantes de la Semana del 2 al 8 de Octrubre  - C5 CDMX #VideoDeLaSemana", "action_flag": 2, "change_message": "[{\"changed\": {\"fields\": [\"Folios\"]}}]"}}, {"model": "admin.logentry", "pk": 197, "fields": {"action_time": "2023-10-13T19:42:02.998Z", "user": 12, "content_type": 9, "object_id": "16", "object_repr": "C5/20231013/02394", "action_flag": 1, "change_message": "[{\"added\": {}}]"}}, {"model": "admin.logentry", "pk": 198, "fields": {"action_time": "2023-10-13T19:42:11.712Z", "user": 15, "content_type": 27, "object_id": "24", "object_repr": "C2P/20231004/00044", "action_flag": 1, "change_message": "[{\"added\": {}}]"}}, {"model": "admin.logentry", "pk": 199, "fields": {"action_time": "2023-10-13T19:42:14.323Z", "user": 15, "content_type": 26, "object_id": "9", "object_repr": "Casos Relevantes de la Semana del 2 al 8 de Octrubre  - C5 CDMX #VideoDeLaSemana", "action_flag": 2, "change_message": "[{\"changed\": {\"fields\": [\"Folios\"]}}]"}}, {"model": "admin.logentry", "pk": 200, "fields": {"action_time": "2023-10-13T19:43:08.567Z", "user": 15, "content_type": 27, "object_id": "25", "object_repr": "C5/20231007/00396", "action_flag": 1, "change_message": "[{\"added\": {}}]"}}, {"model": "admin.logentry", "pk": 201, "fields": {"action_time": "2023-10-13T19:43:13.583Z", "user": 15, "content_type": 26, "object_id": "9", "object_repr": "Casos Relevantes de la Semana del 2 al 8 de Octrubre  - C5 CDMX #VideoDeLaSemana", "action_flag": 2, "change_message": "[{\"changed\": {\"fields\": [\"Folios\"]}}]"}}, {"model": "admin.logentry", "pk": 202, "fields": {"action_time": "2023-10-13T19:46:07.618Z", "user": 15, "content_type": 27, "object_id": "26", "object_repr": "C2N/20230829/00078", "action_flag": 1, "change_message": "[{\"added\": {}}]"}}, {"model": "admin.logentry", "pk": 203, "fields": {"action_time": "2023-10-13T19:46:35.536Z", "user": 15, "content_type": 26, "object_id": "9", "object_repr": "Casos Relevantes de la Semana del 2 al 8 de Octrubre  - C5 CDMX #VideoDeLaSemana", "action_flag": 2, "change_message": "[{\"changed\": {\"fields\": [\"Folios\"]}}]"}}, {"model": "admin.logentry", "pk": 204, "fields": {"action_time": "2023-10-13T19:50:22.374Z", "user": 15, "content_type": 27, "object_id": "27", "object_repr": "F_H F 99762 020623", "action_flag": 1, "change_message": "[{\"added\": {}}]"}}, {"model": "admin.logentry", "pk": 205, "fields": {"action_time": "2023-10-13T19:52:09.132Z", "user": 15, "content_type": 26, "object_id": "10", "object_repr": "Robo a Transeúnte - C5 CDMX Central de Abasto", "action_flag": 1, "change_message": "[{\"added\": {}}]"}}, {"model": "admin.logentry", "pk": 206, "fields": {"action_time": "2023-10-13T20:49:53.335Z", "user": 1, "content_type": 8, "object_id": "87", "object_repr": "Árbol Ladeado - DAÑOS POR FENOMENO NATURAL O TERCERO ", "action_flag": 2, "change_message": "[{\"changed\": {\"fields\": [\"Nombre\"]}}]"}}, {"model": "admin.logentry", "pk": 207, "fields": {"action_time": "2023-10-13T20:50:28.480Z", "user": 1, "content_type": 8, "object_id": "307", "object_repr": "Transeúnte - ROBO  ", "action_flag": 2, "change_message": "[{\"changed\": {\"fields\": [\"Nombre\"]}}]"}}, {"model": "admin.logentry", "pk": 208, "fields": {"action_time": "2023-10-15T05:52:32.440Z", "user": 4, "content_type": 9, "object_id": "17", "object_repr": "C5/20231014/05842", "action_flag": 1, "change_message": "[{\"added\": {}}]"}}, {"model": "admin.logentry", "pk": 209, "fields": {"action_time": "2023-10-16T14:46:53.072Z", "user": 7, "content_type": 24, "object_id": "17", "object_repr": "Un tráiler se quedó atorado en un bajo puente en la lateral de Circuito Interior Río Churubusco, a la altura de la col. Granjas San Antonio, en la alcaldía Iztapalapa", "action_flag": 1, "change_message": "[{\"added\": {}}]"}}, {"model": "admin.logentry", "pk": 210, "fields": {"action_time": "2023-10-16T14:47:31.623Z", "user": 7, "content_type": 24, "object_id": "18", "object_repr": "Bloqueo en Eje 1 Norte, al cruce con Congreso de la Unión, en inmediaciones de la col. Morelos, alcaldía Venustiano Carranza", "action_flag": 1, "change_message": "[{\"added\": {}}]"}}, {"model": "admin.logentry", "pk": 211, "fields": {"action_time": "2023-10-16T15:06:21.168Z", "user": 7, "content_type": 24, "object_id": "19", "object_repr": "Cae uno por atraco a joyería “Ingrata Fortuna”, tras persecución y balacera en la colonia Tezozomoc, Azcapotzalco, detuvieron a Juan Carlos N", "action_flag": 1, "change_message": "[{\"added\": {}}]"}}, {"model": "admin.logentry", "pk": 212, "fields": {"action_time": "2023-10-16T16:21:13.441Z", "user": 7, "content_type": 24, "object_id": "20", "object_repr": "Mujer acude a clínica en Polanco, donde le hicieron una cirugía, posteriormente se sintió mal y tras ser hospitalizada murió", "action_flag": 1, "change_message": "[{\"added\": {}}]"}}, {"model": "admin.logentry", "pk": 213, "fields": {"action_time": "2023-10-16T20:06:13.286Z", "user": 9, "content_type": 9, "object_id": "18", "object_repr": "C5/20231016/01937", "action_flag": 1, "change_message": "[{\"added\": {}}]"}}, {"model": "admin.logentry", "pk": 214, "fields": {"action_time": "2023-10-18T16:37:32.092Z", "user": 7, "content_type": 24, "object_id": "21", "object_repr": "Cayó un árbol en la lateral de Insurgentes Norte y avenida La Fortuna.", "action_flag": 1, "change_message": "[{\"added\": {}}]"}}, {"model": "admin.logentry", "pk": 215, "fields": {"action_time": "2023-10-18T16:38:25.555Z", "user": 7, "content_type": 24, "object_id": "22", "object_repr": "En la alcaldía Iztapalapa, policías de la SSC detuvieron en diferentes acciones, a tres personas en posesión de dosis de posibles narcóticos", "action_flag": 1, "change_message": "[{\"added\": {}}]"}}, {"model": "admin.logentry", "pk": 216, "fields": {"action_time": "2023-10-18T18:19:55.768Z", "user": 7, "content_type": 24, "object_id": "23", "object_repr": "Detienen a David Vega y Sandra Mtz, se robaron un perfume Versage de un sanborns en Benito Juárez", "action_flag": 1, "change_message": "[{\"added\": {}}]"}}, {"model": "admin.logentry", "pk": 217, "fields": {"action_time": "2023-10-18T19:23:08.284Z", "user": 15, "content_type": 27, "object_id": "28", "object_repr": "C5/20230605/01237", "action_flag": 1, "change_message": "[{\"added\": {}}]"}}, {"model": "admin.logentry", "pk": 218, "fields": {"action_time": "2023-10-18T19:23:16.307Z", "user": 15, "content_type": 26, "object_id": "11", "object_repr": "Robo de Autopartes - C5 CDMX Benito Juárez", "action_flag": 1, "change_message": "[{\"added\": {}}]"}}, {"model": "admin.logentry", "pk": 219, "fields": {"action_time": "2023-10-19T02:40:13.992Z", "user": 14, "content_type": 10, "object_id": "1324", "object_repr": "San Lucas (Iztapalapa)", "action_flag": 1, "change_message": "[{\"added\": {}}]"}}, {"model": "admin.logentry", "pk": 220, "fields": {"action_time": "2023-10-19T02:40:17.592Z", "user": 14, "content_type": 9, "object_id": "19", "object_repr": "C5/20231018/03729", "action_flag": 1, "change_message": "[{\"added\": {}}]"}}, {"model": "admin.logentry", "pk": 221, "fields": {"action_time": "2023-10-19T05:10:10.988Z", "user": 14, "content_type": 9, "object_id": "20", "object_repr": "C5/20231018/04513", "action_flag": 1, "change_message": "[{\"added\": {}}]"}}, {"model": "admin.logentry", "pk": 222, "fields": {"action_time": "2023-10-19T12:04:28.462Z", "user": 14, "content_type": 9, "object_id": "21", "object_repr": "C5/20231019/00615", "action_flag": 1, "change_message": "[{\"added\": {}}]"}}, {"model": "admin.logentry", "pk": 223, "fields": {"action_time": "2023-10-19T16:06:08.623Z", "user": 7, "content_type": 24, "object_id": "24", "object_repr": "El Metro CDMX informó que no hay servicio en las estaciones Pantitlán y Agrícola Oriental de la Línea A por una revisión de cables; hay servicio provisional de Canal de San Juan a La Paz", "action_flag": 1, "change_message": "[{\"added\": {}}]"}}, {"model": "admin.logentry", "pk": 224, "fields": {"action_time": "2023-10-19T16:06:54.507Z", "user": 7, "content_type": 24, "object_id": "25", "object_repr": "En la alcaldía Cuauhtémoc, oficiales de la SSC detuvieron a dos personas en posesión de más de 600 dosis de aparente droga y dinero en efectivo", "action_flag": 1, "change_message": "[{\"added\": {}}]"}}, {"model": "admin.logentry", "pk": 225, "fields": {"action_time": "2023-10-19T16:07:36.362Z", "user": 7, "content_type": 24, "object_id": "26", "object_repr": "Personal de la FGR realiza un cateo en un inmueble donde se ubica una casa editorial en la col. Popotla, alcaldía Miguel Hidalgo", "action_flag": 1, "change_message": "[{\"added\": {}}]"}}, {"model": "admin.logentry", "pk": 226, "fields": {"action_time": "2023-10-19T20:41:26.987Z", "user": 7, "content_type": 24, "object_id": "27", "object_repr": "Se registró un flamazo por acumulación de gas en la calle Peñón, en la colonia Morelos, alcaldía Cuauhtémoc. Una mujer de la tercera edad resultó con quemaduras y ya fue atendida", "action_flag": 1, "change_message": "[{\"added\": {}}]"}}, {"model": "admin.logentry", "pk": 227, "fields": {"action_time": "2023-10-19T20:42:09.063Z", "user": 7, "content_type": 24, "object_id": "28", "object_repr": "En la alcaldía Cuauhtémoc, policías de la SSC detuvieron a un hombre con antecedentes delictivos, señalado de posiblemente asaltar a un ciudadano", "action_flag": 1, "change_message": "[{\"added\": {}}]"}}, {"model": "admin.logentry", "pk": 228, "fields": {"action_time": "2023-10-19T20:43:03.486Z", "user": 7, "content_type": 24, "object_id": "29", "object_repr": "Un automovilista arrolló a dos personas que viajaban en una motocicleta en av. Javier Rojo Gómez, en dirección a Calzada Zaragoza, alcaldía Iztacalco", "action_flag": 1, "change_message": "[{\"added\": {}}]"}}, {"model": "admin.logentry", "pk": 229, "fields": {"action_time": "2023-10-19T20:43:59.580Z", "user": 7, "content_type": 24, "object_id": "30", "object_repr": "Un hombre que, al parecer, con un cuchillo intentó lesionar a una mujer, fue detenido por efectivos de la SSC en calles de la alcaldía Iztapalapa", "action_flag": 1, "change_message": "[{\"added\": {}}]"}}, {"model": "admin.logentry", "pk": 230, "fields": {"action_time": "2023-10-19T20:44:57.972Z", "user": 7, "content_type": 24, "object_id": "31", "object_repr": "Hombres en una motocicleta balean al conductor de una camioneta en carriles centrales de Viaducto, antes de cruzar av. Revolución", "action_flag": 1, "change_message": "[{\"added\": {}}]"}}, {"model": "admin.logentry", "pk": 231, "fields": {"action_time": "2023-10-19T20:45:38.192Z", "user": 7, "content_type": 24, "object_id": "32", "object_repr": "Se reporta un bloqueo en Eje 7 Sur Felix Cuevas, a la altura de Adolfo Prieto, Colonia del Valle. Son trabajadores del la Universidad Autónoma de la CDMX", "action_flag": 1, "change_message": "[{\"added\": {}}]"}}, {"model": "admin.logentry", "pk": 232, "fields": {"action_time": "2023-10-20T12:06:25.320Z", "user": 11, "content_type": 9, "object_id": "22", "object_repr": "C5/20231019/04460", "action_flag": 1, "change_message": "[{\"added\": {}}]"}}, {"model": "admin.logentry", "pk": 233, "fields": {"action_time": "2023-10-20T14:22:43.165Z", "user": 7, "content_type": 24, "object_id": "33", "object_repr": "Bomberos controlan un incendio en una bodega de la Clínica 33 del IMSS, ubicada en la col. Los Ángeles, en la alcaldía Iztapalapa; al parecer se habría originado por un corto circuito", "action_flag": 1, "change_message": "[{\"added\": {}}]"}}, {"model": "admin.logentry", "pk": 234, "fields": {"action_time": "2023-10-20T14:47:58.402Z", "user": 7, "content_type": 24, "object_id": "34", "object_repr": "Efectivos de la SSC detuvieron a un hombre en posesión de aparente droga, posiblemente relacionado con la agresión en contra de una persona en la alcaldía Gustavo A. Madero", "action_flag": 1, "change_message": "[{\"added\": {}}]"}}, {"model": "admin.logentry", "pk": 235, "fields": {"action_time": "2023-10-20T15:43:47.773Z", "user": 7, "content_type": 24, "object_id": "35", "object_repr": "Reducción de carriles en av. Cuauhtémoc debido al choque entre un automóvil y una unidad del Metrobús, a la altura de la estación Etiopía", "action_flag": 1, "change_message": "[{\"added\": {}}]"}}, {"model": "admin.logentry", "pk": 236, "fields": {"action_time": "2023-10-20T16:14:29.059Z", "user": 7, "content_type": 24, "object_id": "36", "object_repr": "Amarande Riojas, sufre agresión sexual y en la Fiscalía intentaron enterrar el expediente", "action_flag": 1, "change_message": "[{\"added\": {}}]"}}, {"model": "admin.logentry", "pk": 237, "fields": {"action_time": "2023-10-21T05:52:20.930Z", "user": 9, "content_type": 9, "object_id": "23", "object_repr": "C5/20231020/05515", "action_flag": 1, "change_message": "[{\"added\": {}}]"}}, {"model": "admin.logentry", "pk": 238, "fields": {"action_time": "2023-10-21T06:28:18.178Z", "user": 9, "content_type": 9, "object_id": "24", "object_repr": "C5/20231021/00167", "action_flag": 1, "change_message": "[{\"added\": {}}]"}}, {"model": "admin.logentry", "pk": 239, "fields": {"action_time": "2023-10-21T07:54:26.592Z", "user": 9, "content_type": 9, "object_id": "25", "object_repr": "C5/20231021/00658", "action_flag": 1, "change_message": "[{\"added\": {}}]"}}, {"model": "admin.logentry", "pk": 240, "fields": {"action_time": "2023-10-21T20:53:26.411Z", "user": 4, "content_type": 9, "object_id": "26", "object_repr": "C5/20231021/03078", "action_flag": 1, "change_message": "[{\"added\": {}}]"}}, {"model": "admin.logentry", "pk": 241, "fields": {"action_time": "2023-10-21T20:54:27.997Z", "user": 4, "content_type": 9, "object_id": "27", "object_repr": "C5/20231021/03155", "action_flag": 1, "change_message": "[{\"added\": {}}]"}}, {"model": "admin.logentry", "pk": 242, "fields": {"action_time": "2023-10-22T12:36:04.695Z", "user": 11, "content_type": 9, "object_id": "28", "object_repr": "C5/20231021/04638", "action_flag": 1, "change_message": "[{\"added\": {}}]"}}, {"model": "admin.logentry", "pk": 243, "fields": {"action_time": "2023-10-22T12:38:38.899Z", "user": 11, "content_type": 9, "object_id": "29", "object_repr": "C5/20231022/01559", "action_flag": 1, "change_message": "[{\"added\": {}}]"}}, {"model": "admin.logentry", "pk": 244, "fields": {"action_time": "2023-10-23T17:33:07.690Z", "user": 15, "content_type": 27, "object_id": "29", "object_repr": "C5/20230621/00736", "action_flag": 1, "change_message": "[{\"added\": {}}]"}}, {"model": "admin.logentry", "pk": 245, "fields": {"action_time": "2023-10-23T17:33:14.228Z", "user": 15, "content_type": 26, "object_id": "12", "object_repr": "Esto también es el C5 de la CDMX #ServiciosC5", "action_flag": 1, "change_message": "[{\"added\": {}}]"}}, {"model": "admin.logentry", "pk": 246, "fields": {"action_time": "2023-10-23T17:35:42.251Z", "user": 15, "content_type": 27, "object_id": "30", "object_repr": "C5/20230624/01556", "action_flag": 1, "change_message": "[{\"added\": {}}]"}}, {"model": "admin.logentry", "pk": 247, "fields": {"action_time": "2023-10-23T17:35:51.985Z", "user": 15, "content_type": 26, "object_id": "12", "object_repr": "Esto también es el C5 de la CDMX #ServiciosC5", "action_flag": 2, "change_message": "[{\"changed\": {\"fields\": [\"Folios\"]}}]"}}, {"model": "admin.logentry", "pk": 248, "fields": {"action_time": "2023-10-23T17:38:15.238Z", "user": 15, "content_type": 27, "object_id": "31", "object_repr": "F_L F102550 300623", "action_flag": 1, "change_message": "[{\"added\": {}}]"}}, {"model": "admin.logentry", "pk": 249, "fields": {"action_time": "2023-10-23T17:38:18.491Z", "user": 15, "content_type": 26, "object_id": "12", "object_repr": "Esto también es el C5 de la CDMX #ServiciosC5", "action_flag": 2, "change_message": "[{\"changed\": {\"fields\": [\"Folios\"]}}]"}}, {"model": "admin.logentry", "pk": 250, "fields": {"action_time": "2023-10-23T17:41:51.218Z", "user": 15, "content_type": 27, "object_id": "32", "object_repr": "C2C/20230621/00144", "action_flag": 1, "change_message": "[{\"added\": {}}]"}}, {"model": "admin.logentry", "pk": 251, "fields": {"action_time": "2023-10-23T17:41:54.696Z", "user": 15, "content_type": 26, "object_id": "13", "object_repr": "Robo a Transeúnte - C5 CDMX Cuauhtémoc", "action_flag": 1, "change_message": "[{\"added\": {}}]"}}, {"model": "admin.logentry", "pk": 252, "fields": {"action_time": "2023-10-23T17:47:06.399Z", "user": 15, "content_type": 27, "object_id": "33", "object_repr": "C2C/20231013/00174", "action_flag": 1, "change_message": "[{\"added\": {}}]"}}, {"model": "admin.logentry", "pk": 253, "fields": {"action_time": "2023-10-23T17:47:11.863Z", "user": 15, "content_type": 26, "object_id": "14", "object_repr": "Casos Relevantes de la Semana del 9 al 15 de Octrubre  - C5 CDMX #VideoDeLaSemana", "action_flag": 1, "change_message": "[{\"added\": {}}]"}}, {"model": "admin.logentry", "pk": 254, "fields": {"action_time": "2023-10-23T17:49:13.545Z", "user": 15, "content_type": 27, "object_id": "34", "object_repr": "F_L F114511 111023", "action_flag": 1, "change_message": "[{\"added\": {}}]"}}, {"model": "admin.logentry", "pk": 255, "fields": {"action_time": "2023-10-23T17:57:03.704Z", "user": 15, "content_type": 27, "object_id": "35", "object_repr": "C5/20231010/02131", "action_flag": 1, "change_message": "[{\"added\": {}}]"}}, {"model": "admin.logentry", "pk": 256, "fields": {"action_time": "2023-10-23T17:57:06.571Z", "user": 15, "content_type": 26, "object_id": "14", "object_repr": "Casos Relevantes de la Semana del 9 al 15 de Octrubre  - C5 CDMX #VideoDeLaSemana", "action_flag": 2, "change_message": "[{\"changed\": {\"fields\": [\"Folios\"]}}]"}}, {"model": "admin.logentry", "pk": 257, "fields": {"action_time": "2023-10-23T18:11:16.863Z", "user": 15, "content_type": 10, "object_id": "1325", "object_repr": "LA CONCEPCIÓN (TLÁHUAC)", "action_flag": 1, "change_message": "[{\"added\": {}}]"}}, {"model": "admin.logentry", "pk": 258, "fields": {"action_time": "2023-10-23T18:11:40.452Z", "user": 15, "content_type": 27, "object_id": "36", "object_repr": "C2O/20231012/00208", "action_flag": 1, "change_message": "[{\"added\": {}}]"}}, {"model": "admin.logentry", "pk": 259, "fields": {"action_time": "2023-10-23T18:13:43.804Z", "user": 15, "content_type": 27, "object_id": "37", "object_repr": "C2O/20231012/00208", "action_flag": 1, "change_message": "[{\"added\": {}}]"}}, {"model": "admin.logentry", "pk": 260, "fields": {"action_time": "2023-10-23T18:14:46.182Z", "user": 15, "content_type": 27, "object_id": "38", "object_repr": "C2C/20231010/00208", "action_flag": 1, "change_message": "[{\"added\": {}}]"}}, {"model": "admin.logentry", "pk": 261, "fields": {"action_time": "2023-10-23T18:16:38.815Z", "user": 15, "content_type": 27, "object_id": "39", "object_repr": "C2N/20230925/00149", "action_flag": 1, "change_message": "[{\"added\": {}}]"}}, {"model": "admin.logentry", "pk": 262, "fields": {"action_time": "2023-10-23T18:16:47.217Z", "user": 15, "content_type": 26, "object_id": "14", "object_repr": "Casos Relevantes de la Semana del 9 al 15 de Octrubre  - C5 CDMX #VideoDeLaSemana", "action_flag": 2, "change_message": "[{\"changed\": {\"fields\": [\"Folios\"]}}]"}}, {"model": "admin.logentry", "pk": 263, "fields": {"action_time": "2023-10-23T18:18:55.154Z", "user": 15, "content_type": 27, "object_id": "40", "object_repr": "C2C/20230627/00054", "action_flag": 1, "change_message": "[{\"added\": {}}]"}}, {"model": "admin.logentry", "pk": 264, "fields": {"action_time": "2023-10-23T18:18:58.586Z", "user": 15, "content_type": 26, "object_id": "15", "object_repr": "Portación de Arma de Fuego - C5 CDMX Cuauhtémoc", "action_flag": 1, "change_message": "[{\"added\": {}}]"}}, {"model": "admin.logentry", "pk": 265, "fields": {"action_time": "2023-10-23T18:21:18.484Z", "user": 15, "content_type": 27, "object_id": "41", "object_repr": "C5/20230602/01978", "action_flag": 1, "change_message": "[{\"added\": {}}]"}}, {"model": "admin.logentry", "pk": 266, "fields": {"action_time": "2023-10-23T18:21:23.614Z", "user": 15, "content_type": 26, "object_id": "16", "object_repr": "Robo a Transéunte - C5 CDMXÁlvaro Obregón", "action_flag": 1, "change_message": "[{\"added\": {}}]"}}, {"model": "admin.logentry", "pk": 267, "fields": {"action_time": "2023-10-23T20:41:54.108Z", "user": 14, "content_type": 9, "object_id": "30", "object_repr": "C5/20231023/02483", "action_flag": 1, "change_message": "[{\"added\": {}}]"}}, {"model": "admin.logentry", "pk": 268, "fields": {"action_time": "2023-10-24T18:57:50.993Z", "user": 14, "content_type": 9, "object_id": "31", "object_repr": "C5/20231024/01721", "action_flag": 1, "change_message": "[{\"added\": {}}]"}}, {"model": "admin.logentry", "pk": 269, "fields": {"action_time": "2023-10-25T02:53:38.632Z", "user": 4, "content_type": 9, "object_id": "32", "object_repr": "C5/20231024/03814", "action_flag": 1, "change_message": "[{\"added\": {}}]"}}, {"model": "admin.logentry", "pk": 270, "fields": {"action_time": "2023-10-25T03:05:55.260Z", "user": 4, "content_type": 9, "object_id": "33", "object_repr": "C5/20231024/03908", "action_flag": 1, "change_message": "[{\"added\": {}}]"}}, {"model": "admin.logentry", "pk": 271, "fields": {"action_time": "2023-10-25T15:29:01.316Z", "user": 1, "content_type": 4, "object_id": "6", "object_repr": "vpalominob", "action_flag": 2, "change_message": "[{\"changed\": {\"fields\": [\"password\"]}}]"}}, {"model": "admin.logentry", "pk": 272, "fields": {"action_time": "2023-10-25T15:39:03.943Z", "user": 6, "content_type": 24, "object_id": "37", "object_repr": "Se realizó un corte de energía y maniobras en la Línea B, para retirar de vías de la estación Oceanía un objeto metálico (paraguas)", "action_flag": 1, "change_message": "[{\"added\": {}}]"}}, {"model": "admin.logentry", "pk": 273, "fields": {"action_time": "2023-10-25T22:26:53.646Z", "user": 9, "content_type": 9, "object_id": "34", "object_repr": "C5/20231025/02722", "action_flag": 1, "change_message": "[{\"added\": {}}]"}}, {"model": "admin.logentry", "pk": 274, "fields": {"action_time": "2023-10-26T11:53:49.624Z", "user": 11, "content_type": 9, "object_id": "35", "object_repr": "C5/20231025/03332", "action_flag": 1, "change_message": "[{\"added\": {}}]"}}, {"model": "admin.logentry", "pk": 275, "fields": {"action_time": "2023-10-26T11:54:55.081Z", "user": 11, "content_type": 9, "object_id": "36", "object_repr": "C5/20231025/04214", "action_flag": 1, "change_message": "[{\"added\": {}}]"}}, {"model": "admin.logentry", "pk": 276, "fields": {"action_time": "2023-10-26T20:53:37.944Z", "user": 6, "content_type": 24, "object_id": "38", "object_repr": "Policías de la SSC detuvieron a dos hombres, que amenazaban con un cúter a las personas para asaltarlas, en Iztapalapa", "action_flag": 1, "change_message": "[{\"added\": {}}]"}}, {"model": "admin.logentry", "pk": 277, "fields": {"action_time": "2023-10-27T16:11:57.426Z", "user": 12, "content_type": 9, "object_id": "37", "object_repr": "C5/20231027/01162", "action_flag": 1, "change_message": "[{\"added\": {}}]"}}, {"model": "admin.logentry", "pk": 278, "fields": {"action_time": "2023-10-27T16:14:25.713Z", "user": 12, "content_type": 9, "object_id": "38", "object_repr": "C5/20231027/01334", "action_flag": 1, "change_message": "[{\"added\": {}}]"}}, {"model": "admin.logentry", "pk": 279, "fields": {"action_time": "2023-10-27T16:15:03.691Z", "user": 12, "content_type": 9, "object_id": "37", "object_repr": "C5/20231027/01162", "action_flag": 2, "change_message": "[{\"changed\": {\"fields\": [\"Ubicacion\"]}}]"}}, {"model": "admin.logentry", "pk": 280, "fields": {"action_time": "2023-10-27T17:47:14.011Z", "user": 15, "content_type": 27, "object_id": "42", "object_repr": "C5/20230602/01978", "action_flag": 1, "change_message": "[{\"added\": {}}]"}}, {"model": "admin.logentry", "pk": 281, "fields": {"action_time": "2023-10-27T17:47:22.256Z", "user": 15, "content_type": 26, "object_id": "17", "object_repr": "Robo a Transeúnte - C5 CDMX Álvaro Obregón", "action_flag": 1, "change_message": "[{\"added\": {}}]"}}, {"model": "admin.logentry", "pk": 282, "fields": {"action_time": "2023-10-27T17:53:36.159Z", "user": 15, "content_type": 27, "object_id": "43", "object_repr": "C5/20230608/00655", "action_flag": 1, "change_message": "[{\"added\": {}}]"}}, {"model": "admin.logentry", "pk": 283, "fields": {"action_time": "2023-10-27T17:55:59.649Z", "user": 15, "content_type": 27, "object_id": "44", "object_repr": "C5/20230620/00280", "action_flag": 1, "change_message": "[{\"added\": {}}]"}}, {"model": "admin.logentry", "pk": 284, "fields": {"action_time": "2023-10-27T17:58:02.430Z", "user": 15, "content_type": 10, "object_id": "1326", "object_repr": "CACAMA (IZTAPALAPA)", "action_flag": 1, "change_message": "[{\"added\": {}}]"}}, {"model": "admin.logentry", "pk": 285, "fields": {"action_time": "2023-10-27T17:58:09.793Z", "user": 15, "content_type": 27, "object_id": "45", "object_repr": "C5/20230617/02071", "action_flag": 1, "change_message": "[{\"added\": {}}]"}}, {"model": "admin.logentry", "pk": 286, "fields": {"action_time": "2023-10-27T17:58:21.205Z", "user": 15, "content_type": 26, "object_id": "18", "object_repr": "Esto también es el C5 de la CDMX #ServiciosC5", "action_flag": 1, "change_message": "[{\"added\": {}}]"}}, {"model": "admin.logentry", "pk": 287, "fields": {"action_time": "2023-10-27T17:59:12.081Z", "user": 1, "content_type": 26, "object_id": "16", "object_repr": "Robo a Transéunte - C5 CDMXÁlvaro Obregón", "action_flag": 3, "change_message": ""}}, {"model": "admin.logentry", "pk": 288, "fields": {"action_time": "2023-10-27T18:01:45.172Z", "user": 15, "content_type": 27, "object_id": "46", "object_repr": "C2P/20230605/00120", "action_flag": 1, "change_message": "[{\"added\": {}}]"}}, {"model": "admin.logentry", "pk": 289, "fields": {"action_time": "2023-10-27T18:01:53.665Z", "user": 15, "content_type": 26, "object_id": "19", "object_repr": "Robo a Transeúnte - C5 CDMX Azcapotzalco", "action_flag": 1, "change_message": "[{\"added\": {}}]"}}, {"model": "admin.logentry", "pk": 290, "fields": {"action_time": "2023-10-27T18:04:10.366Z", "user": 15, "content_type": 27, "object_id": "47", "object_repr": "C2C/20231016/00136", "action_flag": 1, "change_message": "[{\"added\": {}}]"}}, {"model": "admin.logentry", "pk": 291, "fields": {"action_time": "2023-10-27T18:05:42.358Z", "user": 15, "content_type": 27, "object_id": "48", "object_repr": "F_L F115316 201023", "action_flag": 1, "change_message": "[{\"added\": {}}]"}}, {"model": "admin.logentry", "pk": 292, "fields": {"action_time": "2023-10-27T18:07:13.635Z", "user": 15, "content_type": 10, "object_id": "1327", "object_repr": "RINCÓN DE SAN JUAN (TLALAPN)", "action_flag": 1, "change_message": "[{\"added\": {}}]"}}, {"model": "admin.logentry", "pk": 293, "fields": {"action_time": "2023-10-27T18:07:23.767Z", "user": 15, "content_type": 27, "object_id": "49", "object_repr": "C2S/20231020/00041", "action_flag": 1, "change_message": "[{\"added\": {}}]"}}, {"model": "admin.logentry", "pk": 294, "fields": {"action_time": "2023-10-27T18:09:41.863Z", "user": 15, "content_type": 10, "object_id": "1328", "object_repr": "SAN LORENZO TEZONCO (IZTAPALAPA)", "action_flag": 1, "change_message": "[{\"added\": {}}]"}}, {"model": "admin.logentry", "pk": 295, "fields": {"action_time": "2023-10-27T18:09:53.427Z", "user": 15, "content_type": 27, "object_id": "50", "object_repr": "C2O/20231016/00087", "action_flag": 1, "change_message": "[{\"added\": {}}]"}}, {"model": "admin.logentry", "pk": 296, "fields": {"action_time": "2023-10-27T18:11:18.616Z", "user": 15, "content_type": 10, "object_id": "1329", "object_repr": "EL ROSARIO (AZCAPOTZALCO)", "action_flag": 1, "change_message": "[{\"added\": {}}]"}}, {"model": "admin.logentry", "pk": 297, "fields": {"action_time": "2023-10-27T18:11:26.317Z", "user": 15, "content_type": 27, "object_id": "51", "object_repr": "C5/20231019/02399", "action_flag": 1, "change_message": "[{\"added\": {}}]"}}, {"model": "admin.logentry", "pk": 298, "fields": {"action_time": "2023-10-27T18:13:46.791Z", "user": 15, "content_type": 27, "object_id": "52", "object_repr": "C5/20231018/01614", "action_flag": 1, "change_message": "[{\"added\": {}}]"}}, {"model": "admin.logentry", "pk": 299, "fields": {"action_time": "2023-10-27T18:15:04.802Z", "user": 15, "content_type": 27, "object_id": "53", "object_repr": "C5/20230911/01366", "action_flag": 1, "change_message": "[{\"added\": {}}]"}}, {"model": "admin.logentry", "pk": 300, "fields": {"action_time": "2023-10-27T18:15:15.606Z", "user": 15, "content_type": 26, "object_id": "20", "object_repr": "Casos Relevantes de la Semana del 16 al 22 de Octrubre  - C5 CDMX #VideoDeLaSemana", "action_flag": 1, "change_message": "[{\"added\": {}}]"}}, {"model": "admin.logentry", "pk": 301, "fields": {"action_time": "2023-10-27T18:17:59.980Z", "user": 15, "content_type": 27, "object_id": "54", "object_repr": "C2P/20230606/00003", "action_flag": 1, "change_message": "[{\"added\": {}}]"}}, {"model": "admin.logentry", "pk": 302, "fields": {"action_time": "2023-10-27T18:18:06.046Z", "user": 15, "content_type": 26, "object_id": "21", "object_repr": "Robo de Vehículo - C5 CDMX La Magdalena Contreras", "action_flag": 1, "change_message": "[{\"added\": {}}]"}}, {"model": "admin.logentry", "pk": 303, "fields": {"action_time": "2023-10-27T23:46:21.163Z", "user": 12, "content_type": 9, "object_id": "39", "object_repr": "C5/20231027/02482", "action_flag": 1, "change_message": "[{\"added\": {}}]"}}, {"model": "admin.logentry", "pk": 304, "fields": {"action_time": "2023-10-29T03:43:51.982Z", "user": 4, "content_type": 9, "object_id": "40", "object_repr": "C5/20231028/05438", "action_flag": 1, "change_message": "[{\"added\": {}}]"}}, {"model": "admin.logentry", "pk": 305, "fields": {"action_time": "2023-10-29T11:11:33.636Z", "user": 4, "content_type": 9, "object_id": "41", "object_repr": "C5/20231029/01804", "action_flag": 1, "change_message": "[{\"added\": {}}]"}}, {"model": "admin.logentry", "pk": 306, "fields": {"action_time": "2023-10-29T19:28:43.814Z", "user": 5, "content_type": 9, "object_id": "42", "object_repr": "C5/20231029/03299", "action_flag": 1, "change_message": "[{\"added\": {}}]"}}, {"model": "admin.logentry", "pk": 307, "fields": {"action_time": "2023-11-03T11:57:45.089Z", "user": 11, "content_type": 9, "object_id": "43", "object_repr": "C5/20231102/03987", "action_flag": 1, "change_message": "[{\"added\": {}}]"}}, {"model": "admin.logentry", "pk": 308, "fields": {"action_time": "2023-11-03T16:55:24.250Z", "user": 14, "content_type": 8, "object_id": "442", "object_repr": "SUSTANCIA O MATERIAL EN PAVIMENTO - DERRAME O FUGA - 442", "action_flag": 1, "change_message": "[{\"added\": {}}]"}}, {"model": "admin.logentry", "pk": 309, "fields": {"action_time": "2023-11-03T17:09:05.342Z", "user": 14, "content_type": 9, "object_id": "44", "object_repr": "C5/20231103/01560", "action_flag": 1, "change_message": "[{\"added\": {}}]"}}, {"model": "admin.logentry", "pk": 310, "fields": {"action_time": "2023-11-05T12:55:45.795Z", "user": 11, "content_type": 9, "object_id": "45", "object_repr": "C5/20231105/05047", "action_flag": 1, "change_message": "[{\"added\": {}}]"}}, {"model": "admin.logentry", "pk": 311, "fields": {"action_time": "2023-11-06T01:05:00.066Z", "user": 14, "content_type": 9, "object_id": "46", "object_repr": "C5/20231105/04264", "action_flag": 1, "change_message": "[{\"added\": {}}]"}}, {"model": "admin.logentry", "pk": 312, "fields": {"action_time": "2023-11-06T14:59:08.925Z", "user": 4, "content_type": 9, "object_id": "47", "object_repr": "C5/20231106/00030", "action_flag": 1, "change_message": "[{\"added\": {}}]"}}, {"model": "admin.logentry", "pk": 313, "fields": {"action_time": "2023-11-06T15:08:21.414Z", "user": 4, "content_type": 9, "object_id": "48", "object_repr": "C5/20231106/00032", "action_flag": 1, "change_message": "[{\"added\": {}}]"}}, {"model": "admin.logentry", "pk": 314, "fields": {"action_time": "2023-11-06T15:21:52.347Z", "user": 4, "content_type": 9, "object_id": "49", "object_repr": "C5/20231106/00034", "action_flag": 1, "change_message": "[{\"added\": {}}]"}}, {"model": "admin.logentry", "pk": 315, "fields": {"action_time": "2023-11-06T15:30:51.933Z", "user": 1, "content_type": 10, "object_id": "307", "object_repr": "PARQUE AGUILAS 1° 2° (ALVARO OBREGON)", "action_flag": 2, "change_message": "[{\"changed\": {\"fields\": [\"Colonia\"]}}]"}}, {"model": "admin.logentry", "pk": 316, "fields": {"action_time": "2023-11-06T15:32:03.283Z", "user": 1, "content_type": 10, "object_id": "308", "object_repr": "AMPL LAS ÁGUILAS (ALVARO OBREGON)", "action_flag": 2, "change_message": "[{\"changed\": {\"fields\": [\"Colonia\"]}}]"}}, {"model": "admin.logentry", "pk": 317, "fields": {"action_time": "2023-11-06T15:32:38.643Z", "user": 1, "content_type": 10, "object_id": "422", "object_repr": "U.H. BARR LAS ÁGUILAS (ALVARO OBREGON)", "action_flag": 2, "change_message": "[{\"changed\": {\"fields\": [\"Colonia\"]}}]"}}, {"model": "admin.logentry", "pk": 318, "fields": {"action_time": "2023-11-06T15:32:55.283Z", "user": 1, "content_type": 10, "object_id": "309", "object_repr": "LAS ÁGUILAS (ALVARO OBREGON)", "action_flag": 2, "change_message": "[{\"changed\": {\"fields\": [\"Colonia\"]}}]"}}, {"model": "admin.logentry", "pk": 319, "fields": {"action_time": "2023-11-06T19:42:30.064Z", "user": 1, "content_type": 9, "object_id": "50", "object_repr": "C5/20231106/00974", "action_flag": 1, "change_message": "[{\"added\": {}}]"}}, {"model": "admin.logentry", "pk": 320, "fields": {"action_time": "2023-11-07T11:51:31.120Z", "user": 11, "content_type": 9, "object_id": "51", "object_repr": "C5/20231106/02904", "action_flag": 1, "change_message": "[{\"added\": {}}]"}}, {"model": "admin.logentry", "pk": 321, "fields": {"action_time": "2023-11-07T11:53:10.098Z", "user": 11, "content_type": 9, "object_id": "52", "object_repr": "C5/20231107/00507", "action_flag": 1, "change_message": "[{\"added\": {}}]"}}, {"model": "admin.logentry", "pk": 322, "fields": {"action_time": "2023-11-07T12:07:03.005Z", "user": 11, "content_type": 9, "object_id": "53", "object_repr": "C5/20231107/00537", "action_flag": 1, "change_message": "[{\"added\": {}}]"}}, {"model": "admin.logentry", "pk": 323, "fields": {"action_time": "2023-11-07T18:40:09.519Z", "user": 1, "content_type": 26, "object_id": "12", "object_repr": "Esto también es el C5 de la CDMX #ServiciosC5", "action_flag": 2, "change_message": "[{\"changed\": {\"fields\": [\"Tipo\"]}}]"}}, {"model": "auth.permission", "pk": 1, "fields": {"name": "Can add log entry", "content_type": 1, "codename": "add_logentry"}}, {"model": "auth.permission", "pk": 2, "fields": {"name": "Can change log entry", "content_type": 1, "codename": "change_logentry"}}, {"model": "auth.permission", "pk": 3, "fields": {"name": "Can delete log entry", "content_type": 1, "codename": "delete_logentry"}}, {"model": "auth.permission", "pk": 4, "fields": {"name": "Can view log entry", "content_type": 1, "codename": "view_logentry"}}, {"model": "auth.permission", "pk": 5, "fields": {"name": "Can add permission", "content_type": 2, "codename": "add_permission"}}, {"model": "auth.permission", "pk": 6, "fields": {"name": "Can change permission", "content_type": 2, "codename": "change_permission"}}, {"model": "auth.permission", "pk": 7, "fields": {"name": "Can delete permission", "content_type": 2, "codename": "delete_permission"}}, {"model": "auth.permission", "pk": 8, "fields": {"name": "Can view permission", "content_type": 2, "codename": "view_permission"}}, {"model": "auth.permission", "pk": 9, "fields": {"name": "Can add group", "content_type": 3, "codename": "add_group"}}, {"model": "auth.permission", "pk": 10, "fields": {"name": "Can change group", "content_type": 3, "codename": "change_group"}}, {"model": "auth.permission", "pk": 11, "fields": {"name": "Can delete group", "content_type": 3, "codename": "delete_group"}}, {"model": "auth.permission", "pk": 12, "fields": {"name": "Can view group", "content_type": 3, "codename": "view_group"}}, {"model": "auth.permission", "pk": 13, "fields": {"name": "Can add user", "content_type": 4, "codename": "add_user"}}, {"model": "auth.permission", "pk": 14, "fields": {"name": "Can change user", "content_type": 4, "codename": "change_user"}}, {"model": "auth.permission", "pk": 15, "fields": {"name": "Can delete user", "content_type": 4, "codename": "delete_user"}}, {"model": "auth.permission", "pk": 16, "fields": {"name": "Can view user", "content_type": 4, "codename": "view_user"}}, {"model": "auth.permission", "pk": 17, "fields": {"name": "Can add content type", "content_type": 5, "codename": "add_contenttype"}}, {"model": "auth.permission", "pk": 18, "fields": {"name": "Can change content type", "content_type": 5, "codename": "change_contenttype"}}, {"model": "auth.permission", "pk": 19, "fields": {"name": "Can delete content type", "content_type": 5, "codename": "delete_contenttype"}}, {"model": "auth.permission", "pk": 20, "fields": {"name": "Can view content type", "content_type": 5, "codename": "view_contenttype"}}, {"model": "auth.permission", "pk": 21, "fields": {"name": "Can add session", "content_type": 6, "codename": "add_session"}}, {"model": "auth.permission", "pk": 22, "fields": {"name": "Can change session", "content_type": 6, "codename": "change_session"}}, {"model": "auth.permission", "pk": 23, "fields": {"name": "Can delete session", "content_type": 6, "codename": "delete_session"}}, {"model": "auth.permission", "pk": 24, "fields": {"name": "Can view session", "content_type": 6, "codename": "view_session"}}, {"model": "auth.permission", "pk": 25, "fields": {"name": "Can add motivo", "content_type": 7, "codename": "add_motivo"}}, {"model": "auth.permission", "pk": 26, "fields": {"name": "Can change motivo", "content_type": 7, "codename": "change_motivo"}}, {"model": "auth.permission", "pk": 27, "fields": {"name": "Can delete motivo", "content_type": 7, "codename": "delete_motivo"}}, {"model": "auth.permission", "pk": 28, "fields": {"name": "Can view motivo", "content_type": 7, "codename": "view_motivo"}}, {"model": "auth.permission", "pk": 29, "fields": {"name": "Can add Motivo CAD", "content_type": 8, "codename": "add_submotivo"}}, {"model": "auth.permission", "pk": 30, "fields": {"name": "Can change Motivo CAD", "content_type": 8, "codename": "change_submotivo"}}, {"model": "auth.permission", "pk": 31, "fields": {"name": "Can delete Motivo CAD", "content_type": 8, "codename": "delete_submotivo"}}, {"model": "auth.permission", "pk": 32, "fields": {"name": "Can view Motivo CAD", "content_type": 8, "codename": "view_submotivo"}}, {"model": "auth.permission", "pk": 33, "fields": {"name": "Can add Folio", "content_type": 9, "codename": "add_folio"}}, {"model": "auth.permission", "pk": 34, "fields": {"name": "Can change Folio", "content_type": 9, "codename": "change_folio"}}, {"model": "auth.permission", "pk": 35, "fields": {"name": "Can delete Folio", "content_type": 9, "codename": "delete_folio"}}, {"model": "auth.permission", "pk": 36, "fields": {"name": "Can view Folio", "content_type": 9, "codename": "view_folio"}}, {"model": "auth.permission", "pk": 37, "fields": {"name": "Can add Ubicacion", "content_type": 10, "codename": "add_ubicacion"}}, {"model": "auth.permission", "pk": 38, "fields": {"name": "Can change Ubicacion", "content_type": 10, "codename": "change_ubicacion"}}, {"model": "auth.permission", "pk": 39, "fields": {"name": "Can delete Ubicacion", "content_type": 10, "codename": "delete_ubicacion"}}, {"model": "auth.permission", "pk": 40, "fields": {"name": "Can view Ubicacion", "content_type": 10, "codename": "view_ubicacion"}}, {"model": "auth.permission", "pk": 41, "fields": {"name": "Can add Medio", "content_type": 11, "codename": "add_medio"}}, {"model": "auth.permission", "pk": 42, "fields": {"name": "Can change Medio", "content_type": 11, "codename": "change_medio"}}, {"model": "auth.permission", "pk": 43, "fields": {"name": "Can delete Medio", "content_type": 11, "codename": "delete_medio"}}, {"model": "auth.permission", "pk": 44, "fields": {"name": "Can view Medio", "content_type": 11, "codename": "view_medio"}}, {"model": "auth.permission", "pk": 45, "fields": {"name": "Can add Canal", "content_type": 12, "codename": "add_canal"}}, {"model": "auth.permission", "pk": 46, "fields": {"name": "Can change Canal", "content_type": 12, "codename": "change_canal"}}, {"model": "auth.permission", "pk": 47, "fields": {"name": "Can delete Canal", "content_type": 12, "codename": "delete_canal"}}, {"model": "auth.permission", "pk": 48, "fields": {"name": "Can view Canal", "content_type": 12, "codename": "view_canal"}}, {"model": "auth.permission", "pk": 49, "fields": {"name": "Can add Estacion", "content_type": 13, "codename": "add_estacion"}}, {"model": "auth.permission", "pk": 50, "fields": {"name": "Can change Estacion", "content_type": 13, "codename": "change_estacion"}}, {"model": "auth.permission", "pk": 51, "fields": {"name": "Can delete Estacion", "content_type": 13, "codename": "delete_estacion"}}, {"model": "auth.permission", "pk": 52, "fields": {"name": "Can view Estacion", "content_type": 13, "codename": "view_estacion"}}, {"model": "auth.permission", "pk": 53, "fields": {"name": "Can add Programa de Radio", "content_type": 14, "codename": "add_programaradio"}}, {"model": "auth.permission", "pk": 54, "fields": {"name": "Can change Programa de Radio", "content_type": 14, "codename": "change_programaradio"}}, {"model": "auth.permission", "pk": 55, "fields": {"name": "Can delete Programa de Radio", "content_type": 14, "codename": "delete_programaradio"}}, {"model": "auth.permission", "pk": 56, "fields": {"name": "Can view Programa de Radio", "content_type": 14, "codename": "view_programaradio"}}, {"model": "auth.permission", "pk": 57, "fields": {"name": "Can add Programa de TV", "content_type": 15, "codename": "add_programatv"}}, {"model": "auth.permission", "pk": 58, "fields": {"name": "Can change Programa de TV", "content_type": 15, "codename": "change_programatv"}}, {"model": "auth.permission", "pk": 59, "fields": {"name": "Can delete Programa de TV", "content_type": 15, "codename": "delete_programatv"}}, {"model": "auth.permission", "pk": 60, "fields": {"name": "Can view Programa de TV", "content_type": 15, "codename": "view_programatv"}}, {"model": "auth.permission", "pk": 61, "fields": {"name": "Can add Red Social", "content_type": 16, "codename": "add_redsocial"}}, {"model": "auth.permission", "pk": 62, "fields": {"name": "Can change Red Social", "content_type": 16, "codename": "change_redsocial"}}, {"model": "auth.permission", "pk": 63, "fields": {"name": "Can delete Red Social", "content_type": 16, "codename": "delete_redsocial"}}, {"model": "auth.permission", "pk": 64, "fields": {"name": "Can view Red Social", "content_type": 16, "codename": "view_redsocial"}}, {"model": "auth.permission", "pk": 65, "fields": {"name": "Can add Periodico", "content_type": 17, "codename": "add_periodico"}}, {"model": "auth.permission", "pk": 66, "fields": {"name": "Can change Periodico", "content_type": 17, "codename": "change_periodico"}}, {"model": "auth.permission", "pk": 67, "fields": {"name": "Can delete Periodico", "content_type": 17, "codename": "delete_periodico"}}, {"model": "auth.permission", "pk": 68, "fields": {"name": "Can view Periodico", "content_type": 17, "codename": "view_periodico"}}, {"model": "auth.permission", "pk": 69, "fields": {"name": "Can add Tema", "content_type": 18, "codename": "add_tema"}}, {"model": "auth.permission", "pk": 70, "fields": {"name": "Can change Tema", "content_type": 18, "codename": "change_tema"}}, {"model": "auth.permission", "pk": 71, "fields": {"name": "Can delete Tema", "content_type": 18, "codename": "delete_tema"}}, {"model": "auth.permission", "pk": 72, "fields": {"name": "Can view Tema", "content_type": 18, "codename": "view_tema"}}, {"model": "auth.permission", "pk": 73, "fields": {"name": "Can add Subtema", "content_type": 19, "codename": "add_subtema"}}, {"model": "auth.permission", "pk": 74, "fields": {"name": "Can change Subtema", "content_type": 19, "codename": "change_subtema"}}, {"model": "auth.permission", "pk": 75, "fields": {"name": "Can delete Subtema", "content_type": 19, "codename": "delete_subtema"}}, {"model": "auth.permission", "pk": 76, "fields": {"name": "Can view Subtema", "content_type": 19, "codename": "view_subtema"}}, {"model": "auth.permission", "pk": 77, "fields": {"name": "Can add Tipo", "content_type": 20, "codename": "add_tipo"}}, {"model": "auth.permission", "pk": 78, "fields": {"name": "Can change Tipo", "content_type": 20, "codename": "change_tipo"}}, {"model": "auth.permission", "pk": 79, "fields": {"name": "Can delete Tipo", "content_type": 20, "codename": "delete_tipo"}}, {"model": "auth.permission", "pk": 80, "fields": {"name": "Can view Tipo", "content_type": 20, "codename": "view_tipo"}}, {"model": "auth.permission", "pk": 81, "fields": {"name": "Can add Subtipo", "content_type": 21, "codename": "add_subtipo"}}, {"model": "auth.permission", "pk": 82, "fields": {"name": "Can change Subtipo", "content_type": 21, "codename": "change_subtipo"}}, {"model": "auth.permission", "pk": 83, "fields": {"name": "Can delete Subtipo", "content_type": 21, "codename": "delete_subtipo"}}, {"model": "auth.permission", "pk": 84, "fields": {"name": "Can view Subtipo", "content_type": 21, "codename": "view_subtipo"}}, {"model": "auth.permission", "pk": 85, "fields": {"name": "Can add Submotivo", "content_type": 22, "codename": "add_submotivo"}}, {"model": "auth.permission", "pk": 86, "fields": {"name": "Can change Submotivo", "content_type": 22, "codename": "change_submotivo"}}, {"model": "auth.permission", "pk": 87, "fields": {"name": "Can delete Submotivo", "content_type": 22, "codename": "delete_submotivo"}}, {"model": "auth.permission", "pk": 88, "fields": {"name": "Can view Submotivo", "content_type": 22, "codename": "view_submotivo"}}, {"model": "auth.permission", "pk": 89, "fields": {"name": "Can add Mencion", "content_type": 23, "codename": "add_mencion"}}, {"model": "auth.permission", "pk": 90, "fields": {"name": "Can change Mencion", "content_type": 23, "codename": "change_mencion"}}, {"model": "auth.permission", "pk": 91, "fields": {"name": "Can delete Mencion", "content_type": 23, "codename": "delete_mencion"}}, {"model": "auth.permission", "pk": 92, "fields": {"name": "Can view Mencion", "content_type": 23, "codename": "view_mencion"}}, {"model": "auth.permission", "pk": 93, "fields": {"name": "Can add noticia", "content_type": 24, "codename": "add_noticia"}}, {"model": "auth.permission", "pk": 94, "fields": {"name": "Can change noticia", "content_type": 24, "codename": "change_noticia"}}, {"model": "auth.permission", "pk": 95, "fields": {"name": "Can delete noticia", "content_type": 24, "codename": "delete_noticia"}}, {"model": "auth.permission", "pk": 96, "fields": {"name": "Can view noticia", "content_type": 24, "codename": "view_noticia"}}, {"model": "auth.permission", "pk": 97, "fields": {"name": "Can add Tipo", "content_type": 25, "codename": "add_tipo"}}, {"model": "auth.permission", "pk": 98, "fields": {"name": "Can change Tipo", "content_type": 25, "codename": "change_tipo"}}, {"model": "auth.permission", "pk": 99, "fields": {"name": "Can delete Tipo", "content_type": 25, "codename": "delete_tipo"}}, {"model": "auth.permission", "pk": 100, "fields": {"name": "Can view Tipo", "content_type": 25, "codename": "view_tipo"}}, {"model": "auth.permission", "pk": 101, "fields": {"name": "Can add Video", "content_type": 26, "codename": "add_video"}}, {"model": "auth.permission", "pk": 102, "fields": {"name": "Can change Video", "content_type": 26, "codename": "change_video"}}, {"model": "auth.permission", "pk": 103, "fields": {"name": "Can delete Video", "content_type": 26, "codename": "delete_video"}}, {"model": "auth.permission", "pk": 104, "fields": {"name": "Can view Video", "content_type": 26, "codename": "view_video"}}, {"model": "auth.permission", "pk": 105, "fields": {"name": "Can add Folio", "content_type": 27, "codename": "add_folio"}}, {"model": "auth.permission", "pk": 106, "fields": {"name": "Can change Folio", "content_type": 27, "codename": "change_folio"}}, {"model": "auth.permission", "pk": 107, "fields": {"name": "Can delete Folio", "content_type": 27, "codename": "delete_folio"}}, {"model": "auth.permission", "pk": 108, "fields": {"name": "Can view Folio", "content_type": 27, "codename": "view_folio"}}, {"model": "auth.group", "pk": 1, "fields": {"name": "Administradores", "permissions": [13, 14, 15, 16, 33, 34, 35, 36, 25, 26, 27, 28, 29, 30, 31, 32, 37, 38, 39, 40, 45, 46, 47, 48, 49, 50, 51, 52, 41, 42, 43, 44, 89, 90, 91, 92, 93, 94, 95, 96, 65, 66, 67, 68, 53, 54, 55, 56, 57, 58, 59, 60, 61, 62, 63, 64, 85, 86, 87, 88, 73, 74, 75, 76, 81, 82, 83, 84, 69, 70, 71, 72, 77, 78, 79, 80, 105, 106, 107, 108, 97, 98, 99, 100, 101, 102, 103, 104]}}, {"model": "auth.group", "pk": 2, "fields": {"name": "Gestión y Control de Información Ciudadana", "permissions": [33, 34, 35, 36, 93, 94, 95, 96]}}, {"model": "auth.group", "pk": 3, "fields": {"name": "Monitoreo Inteligente", "permissions": [37, 38, 39, 40, 105, 106, 107, 108, 97, 98, 99, 100, 101, 102, 103, 104]}}, {"model": "auth.user", "pk": 1, "fields": {"password": "pbkdf2_sha256$600000$ctnPo2FrAlfrBIR8wChQ4F$auhlh/9lMolkUTGQIaRyRVStV97+3Wi5C2bMMqJYz4c=", "last_login": "2023-11-09T15:18:16.809Z", "is_superuser": true, "username": "admin", "first_name": "", "last_name": "", "email": "admin@admin.com", "is_staff": true, "is_active": true, "date_joined": "2023-08-31T18:19:32Z", "groups": [2], "user_permissions": []}}, {"model": "auth.user", "pk": 3, "fields": {"password": "pbkdf2_sha256$600000$xiEN1pngKp0s5rdPOC4tCW$3+Kl5UwkWyZyMT9YsS1f/+tWIVV0aNACO3L3QwoBzBk=", "last_login": "2023-09-14T18:38:39Z", "is_superuser": false, "username": "mjacam", "first_name": "María de los Ángeles", "last_name": "Jaca Morán", "email": "mjacam@c5.cdmx.gob.mx", "is_staff": true, "is_active": true, "date_joined": "2023-08-31T18:54:00Z", "groups": [1], "user_permissions": []}}, {"model": "auth.user", "pk": 4, "fields": {"password": "pbkdf2_sha256$600000$Vbe36gAN0IiT7oXdUFi7gj$5Z1ECXyNv3Load3piKvmT2LfS7D4brhoiJ2xrPEN8RY=", "last_login": "2023-11-06T14:54:40.965Z", "is_superuser": false, "username": "grodriguezl", "first_name": "Giovanna Vanesa", "last_name": "Rodríguez Lara", "email": "grodriguezl@c5.cdmx.gob.mx", "is_staff": true, "is_active": true, "date_joined": "2023-08-31T19:21:56Z", "groups": [2], "user_permissions": []}}, {"model": "auth.user", "pk": 5, "fields": {"password": "pbkdf2_sha256$600000$CyziV13gF70zwXmvqZLUwN$7FoaPCocsmGI+a/I5iVXgOjPcVGIjLuXpNeZw6wNa5c=", "last_login": "2023-10-29T19:25:50.883Z", "is_superuser": false, "username": "afloresd", "first_name": "Alejandro", "last_name": "Flores Díaz", "email": "afloresd@c5.cdmx.gob.mx", "is_staff": true, "is_active": true, "date_joined": "2023-08-31T19:25:33Z", "groups": [2], "user_permissions": []}}, {"model": "auth.user", "pk": 6, "fields": {"password": "pbkdf2_sha256$600000$187UZGL3lSPrzVPKQgqPDq$Q/IlYxxZwoX+B9Kh9zUISGgLcbu8RB36u+HLSBUF18g=", "last_login": "2023-10-25T15:29:18.669Z", "is_superuser": false, "username": "vpalominob", "first_name": "Viridiana", "last_name": "Palomino Blancas", "email": "vpalominob@c5.cdmx.gob.mx", "is_staff": true, "is_active": true, "date_joined": "2023-08-31T19:28:05Z", "groups": [2], "user_permissions": []}}, {"model": "auth.user", "pk": 7, "fields": {"password": "pbkdf2_sha256$600000$ZeWlnYvtySjofmPq86RX1n$+JVzW1mP5G2kbmQ0XXw8gAyeUU1kWgEhVbQQzYNUWb4=", "last_login": "2023-10-16T12:57:35.499Z", "is_superuser": false, "username": "langelesa", "first_name": "Laura", "last_name": "Angeles", "email": "muselala@gmail.com", "is_staff": true, "is_active": true, "date_joined": "2023-08-31T20:00:44Z", "groups": [2], "user_permissions": []}}, {"model": "auth.user", "pk": 8, "fields": {"password": "pbkdf2_sha256$600000$ns8jFjTGuHJQ3xOAF51AdV$6uWjJnffST8YH2YDISSpLWlnDQJqw+A8eVEvIl1/8JY=", "last_login": "2023-10-04T15:08:12.124Z", "is_superuser": false, "username": "msantamariag", "first_name": "Mónica", "last_name": "Santamaría Guzmán", "email": "monica.santamaria.mosa@gmail.com", "is_staff": true, "is_active": true, "date_joined": "2023-09-04T16:46:28Z", "groups": [2], "user_permissions": []}}, {"model": "auth.user", "pk": 9, "fields": {"password": "pbkdf2_sha256$600000$CvAg4eA9A36nwNY09RXUhX$4LWc5gllR2BWjvkQNobiloHSXKsKIfPOzCGWIWlFA9w=", "last_login": "2023-10-21T05:51:40.684Z", "is_superuser": false, "username": "jtorresl", "first_name": "Jonathan", "last_name": "Torres", "email": "jonathan.24xyz@gmail.com", "is_staff": true, "is_active": true, "date_joined": "2023-09-04T16:51:30Z", "groups": [2], "user_permissions": []}}, {"model": "auth.user", "pk": 10, "fields": {"password": "pbkdf2_sha256$600000$Shd9pICjtq4FbEfexIgEsI$diDydqoS0e40cApCJILi7iqWPVjoK0ShrJ+qKq8u3qg=", "last_login": "2023-09-04T17:18:30Z", "is_superuser": false, "username": "jolverag", "first_name": "José Maximiliano", "last_name": "Olvera Guerrero", "email": "jolverag@c5.cdmx.gob.mx", "is_staff": true, "is_active": true, "date_joined": "2023-09-04T17:17:21Z", "groups": [1], "user_permissions": []}}, {"model": "auth.user", "pk": 11, "fields": {"password": "pbkdf2_sha256$600000$Ny6nCDzI2ahTg3m99umL6Z$my5nNg6S61WpOqkquwj83lfNKmYta5mjXPNFMbLCK4Y=", "last_login": "2023-11-05T12:53:46.346Z", "is_superuser": false, "username": "elalan0803", "first_name": "Antonio Alan", "last_name": "Castillo vargas", "email": "alan.sam3013@gmail.com", "is_staff": true, "is_active": true, "date_joined": "2023-09-14T00:47:42Z", "groups": [2], "user_permissions": []}}, {"model": "auth.user", "pk": 12, "fields": {"password": "pbkdf2_sha256$600000$QAc07AOAuu0pZCjWj8RLCR$OckyyNh4NIzIIARrjJwKKLPU52x17bdS2PhVQmozIMI=", "last_login": "2023-10-27T16:09:19.365Z", "is_superuser": false, "username": "llimonr", "first_name": "Laura Herminia", "last_name": "Limón Ravelo", "email": "lauralimonr20@gmail.com", "is_staff": true, "is_active": true, "date_joined": "2023-09-15T16:14:10Z", "groups": [2], "user_permissions": []}}, {"model": "auth.user", "pk": 13, "fields": {"password": "pbkdf2_sha256$600000$AjwQJoUjCtgE2PxZO1DVNu$jqYM0AUQn1LdtNqZD2zhDL0E1Q5omHhNjzLyCdO0C0o=", "last_login": "2023-09-18T23:39:40Z", "is_superuser": false, "username": "efloresc", "first_name": "Eréndira Yadira", "last_name": "Floresc Cano", "email": "ereyadi.fc@gmail.com", "is_staff": true, "is_active": true, "date_joined": "2023-09-18T19:33:47Z", "groups": [2], "user_permissions": []}}, {"model": "auth.user", "pk": 14, "fields": {"password": "pbkdf2_sha256$600000$whi1EDIyncxm8fKGH20Y4F$XKgKxHfuL0gKn82kZOjRbjh11bOcNuVbReh6gAsr5ZY=", "last_login": "2023-10-23T20:40:14.796Z", "is_superuser": false, "username": "lriveras", "first_name": "Beatriz", "last_name": "Rivera", "email": "lriveras0612@gmail.com", "is_staff": true, "is_active": true, "date_joined": "2023-09-28T20:27:29Z", "groups": [2], "user_permissions": [1, 2, 3, 4, 9, 10, 11, 12, 5, 6, 7, 8, 13, 14, 15, 16, 17, 18, 19, 20, 33, 34, 35, 36, 25, 26, 27, 28, 29, 30, 31, 32, 37, 38, 39, 40, 45, 46, 47, 48, 49, 50, 51, 52, 41, 42, 43, 44, 89, 90, 91, 92, 93, 94, 95, 96, 65, 66, 67, 68, 53, 54, 55, 56, 57, 58, 59, 60, 61, 62, 63, 64, 85, 86, 87, 88, 73, 74, 75, 76, 81, 82, 83, 84, 69, 70, 71, 72, 77, 78, 79, 80, 21, 22, 23, 24, 105, 106, 107, 108, 97, 98, 99, 100, 101, 102, 103, 104]}}, {"model": "auth.user", "pk": 15, "fields": {"password": "pbkdf2_sha256$600000$HmW3PPPIZY2owLVSZH2B8r$KISt4EVGArrsjMbvGZUTlj2o0mtYrZMj9ZYeVW69opQ=", "last_login": "2023-10-23T17:29:36.881Z", "is_superuser": false, "username": "dsalasf", "first_name": "Diego Armando", "last_name": "Salas Flores", "email": "dsalasf@c5.cdmx.gob.mx", "is_staff": true, "is_active": true, "date_joined": "2023-09-29T20:44:26Z", "groups": [3], "user_permissions": []}}, {"model": "auth.user", "pk": 16, "fields": {"password": "pbkdf2_sha256$600000$CRO0aNRr0foGwpWyeWZbZV$wiwJ6/4VHPs8MkLiCMgslaQtawjDAabpxzyHldbaQDg=", "last_login": "2023-11-08T15:44:10.470Z", "is_superuser": false, "username": "apenag", "first_name": "Azucena", "last_name": "Peña Gómez", "email": "apenag@c5.cdmx.gob.mx", "is_staff": true, "is_active": true, "date_joined": "2023-09-29T21:09:34Z", "groups": [3], "user_permissions": []}}, {"model": "auth.user", "pk": 17, "fields": {"password": "pbkdf2_sha256$600000$hhzo7l7rWPc4Cqe7xTJZxN$RHOA+M6QvVUbXzxqWwskk5hJ4bQ0/2cbr96wQHHgu6A=", "last_login": "2023-10-04T19:47:38.431Z", "is_superuser": false, "username": "rrochac", "first_name": "Rebeca", "last_name": "Rocha Camarena", "email": "rrochac@c5.cdmx.gob.mx", "is_staff": true, "is_active": true, "date_joined": "2023-10-04T19:30:57Z", "groups": [1], "user_permissions": []}}, {"model": "contenttypes.contenttype", "pk": 1, "fields": {"app_label": "admin", "model": "logentry"}}, {"model": "contenttypes.contenttype", "pk": 2, "fields": {"app_label": "auth", "model": "permission"}}, {"model": "contenttypes.contenttype", "pk": 3, "fields": {"app_label": "auth", "model": "group"}}, {"model": "contenttypes.contenttype", "pk": 4, "fields": {"app_label": "auth", "model": "user"}}, {"model": "contenttypes.contenttype", "pk": 5, "fields": {"app_label": "contenttypes", "model": "contenttype"}}, {"model": "contenttypes.contenttype", "pk": 6, "fields": {"app_label": "sessions", "model": "session"}}, {"model": "contenttypes.contenttype", "pk": 7, "fields": {"app_label": "folios", "model": "motivo"}}, {"model": "contenttypes.contenttype", "pk": 8, "fields": {"app_label": "folios", "model": "submotivo"}}, {"model": "contenttypes.contenttype", "pk": 9, "fields": {"app_label": "folios", "model": "folio"}}, {"model": "contenttypes.contenttype", "pk": 10, "fields": {"app_label": "folios", "model": "ubicacion"}}, {"model": "contenttypes.contenttype", "pk": 11, "fields": {"app_label": "noticias", "model": "medio"}}, {"model": "contenttypes.contenttype", "pk": 12, "fields": {"app_label": "noticias", "model": "canal"}}, {"model": "contenttypes.contenttype", "pk": 13, "fields": {"app_label": "noticias", "model": "estacion"}}, {"model": "contenttypes.contenttype", "pk": 14, "fields": {"app_label": "noticias", "model": "programaradio"}}, {"model": "contenttypes.contenttype", "pk": 15, "fields": {"app_label": "noticias", "model": "programatv"}}, {"model": "contenttypes.contenttype", "pk": 16, "fields": {"app_label": "noticias", "model": "redsocial"}}, {"model": "contenttypes.contenttype", "pk": 17, "fields": {"app_label": "noticias", "model": "periodico"}}, {"model": "contenttypes.contenttype", "pk": 18, "fields": {"app_label": "noticias", "model": "tema"}}, {"model": "contenttypes.contenttype", "pk": 19, "fields": {"app_label": "noticias", "model": "subtema"}}, {"model": "contenttypes.contenttype", "pk": 20, "fields": {"app_label": "noticias", "model": "tipo"}}, {"model": "contenttypes.contenttype", "pk": 21, "fields": {"app_label": "noticias", "model": "subtipo"}}, {"model": "contenttypes.contenttype", "pk": 22, "fields": {"app_label": "noticias", "model": "submotivo"}}, {"model": "contenttypes.contenttype", "pk": 23, "fields": {"app_label": "noticias", "model": "mencion"}}, {"model": "contenttypes.contenttype", "pk": 24, "fields": {"app_label": "noticias", "model": "noticia"}}, {"model": "contenttypes.contenttype", "pk": 25, "fields": {"app_label": "videos", "model": "tipo"}}, {"model": "contenttypes.contenttype", "pk": 26, "fields": {"app_label": "videos", "model": "video"}}, {"model": "contenttypes.contenttype", "pk": 27, "fields": {"app_label": "videos", "model": "folio"}}, {"model": "sessions.session", "pk": "04ij68hhi3zrz7ds8jrxygj02gyefgd0", "fields": {"session_data": ".eJxVjEEOwiAQRe_C2hBgRoe6dN8zkIFBqRpISrsy3l2bdKHb_977LxV4XUpYe57DJOqsrDr8bpHTI9cNyJ3rrenU6jJPUW-K3mnXY5P8vOzu30HhXr41GBMBokNrhTmBgDhPJNdE1onNBn3yA1AeLJ0QgQ04n0jo6BDQoHp_AMnHNpw:1qnqOm:ZaKEySW4t58CH-613aS6ipMV_sKNNouCVu8bPcZc1Uk", "expire_date": "2023-10-18T01:10:00.751Z"}}, {"model": "sessions.session", "pk": "1d2bxp0u3xqz0d95z1q9fp8bepqptt5d", "fields": {"session_data": ".eJxVjDEOwjAMAP-SGUV2sUvCyM4bIjtOaQG1UtNOiL-jog6w3p3u5ZKsS5_WWuY0mDs7RHf4hSr5UcbN2F3G2-TzNC7zoH5L_G6rv05Wnpe9_Rv0UvvvN0YIyI0wEjRGoAokGpnDEULLMUpnxAig1uEpZ2oBWQIpl64l9_4AxbE2zQ:1qtoEu:dJ0NLBciGZIbJUiJeLCz4e0888UOk039OkvkCt6u180", "expire_date": "2023-11-03T12:04:28.956Z"}}, {"model": "sessions.session", "pk": "1vqbvgll2tngw45yl0i0j6v3nrhx3k5z", "fields": {"session_data": ".eJxVjEEOwiAQRe_C2hBgRoe6dN8zkIFBqRpISrsy3l2bdKHb_977LxV4XUpYe57DJOqsrDr8bpHTI9cNyJ3rrenU6jJPUW-K3mnXY5P8vOzu30HhXr41GBMBokNrhTmBgDhPJNdE1onNBn3yA1AeLJ0QgQ04n0jo6BDQoHp_AMnHNpw:1r16mx:2zWtFwDyuDtAXhZwbLVoLZRbR-QbZ1O5Q-xm1d9yJ_E", "expire_date": "2023-11-23T15:17:47.571Z"}}, {"model": "sessions.session", "pk": "2yvntetcfeh5hhroyim8239u9p707bcd", "fields": {"session_data": ".eJxVjDsOwyAQBe9CHSHzZ1Om9xkQsEtwEmHJ2FWUu0dILpL2zcx7sxCPvYaj0xYWZFcmNLv8jinmJ7VB8BHbfeV5bfu2JD4UftLO5xXpdTvdv4Maex01kCggHZqCCFFpsiCTjToLRcKpPEmJaCB5QJCmOJspWY1O-clbLdnnCxiWN_M:1qoPr3:pobSP5CJQdDwNYYKxDtJc9F7mesenGa0g1V0LzqmL1Q", "expire_date": "2023-10-19T15:01:33.719Z"}}, {"model": "sessions.session", "pk": "4qaws5cnliyvamqjep33olfs5cksbo1t", "fields": {"session_data": ".eJxVjEEOwiAQRe_C2pChUwZ06b5nIMAMUjVtUtqV8e7apAvd_vfef6kQt7WGrckSRlYXZTp1-h1TzA-ZdsL3ON1mnedpXcakd0UftOlhZnleD_fvoMZWvzWerQMHTFbAI2CBTrgnn40wG8Ii2RpOCEJIJnnriqG-hxw9dsWSen8A5To3PQ:1qwPOh:TnxMimjxrutwAM_UYBgilk_GM3gSCgFjVo3dfSXEZBk", "expire_date": "2023-11-10T16:09:19.407Z"}}, {"model": "sessions.session", "pk": "4vwa8cd426ybknrsaggqp2vsjujzs4vi", "fields": {"session_data": ".eJxVjEEOwiAQRe_C2hBgRoe6dN8zkIFBqRpISrsy3l2bdKHb_977LxV4XUpYe57DJOqsrDr8bpHTI9cNyJ3rrenU6jJPUW-K3mnXY5P8vOzu30HhXr41GBMBokNrhTmBgDhPJNdE1onNBn3yA1AeLJ0QgQ04n0jo6BDQoHp_AMnHNpw:1qo8Bt:Bep66HV95V4O7XEJaL4Hh9Ovtj4IzCJEvLbIoMplZBU", "expire_date": "2023-10-18T20:09:53.548Z"}}, {"model": "sessions.session", "pk": "5uy75olg1b42yj958multubj95en2wno", "fields": {"session_data": ".eJxVjEEOwiAQRe_C2hBgRoe6dN8zkIFBqRpISrsy3l2bdKHb_977LxV4XUpYe57DJOqsrDr8bpHTI9cNyJ3rrenU6jJPUW-K3mnXY5P8vOzu30HhXr41GBMBokNrhTmBgDhPJNdE1onNBn3yA1AeLJ0QgQ04n0jo6BDQoHp_AMnHNpw:1qnpwf:XF2h9cwKzCyewFSN6dtlLU7ib8EDP-zzLVCkRI09m_0", "expire_date": "2023-10-18T00:40:57.279Z"}}, {"model": "sessions.session", "pk": "655flcaf4y5v8ucgrsw9u8bid1ndph2t", "fields": {"session_data": ".eJxVjEEOwiAQRe_C2hBgRoe6dN8zkIFBqRpISrsy3l2bdKHb_977LxV4XUpYe57DJOqsrDr8bpHTI9cNyJ3rrenU6jJPUW-K3mnXY5P8vOzu30HhXr41GBMBokNrhTmBgDhPJNdE1onNBn3yA1AeLJ0QgQ04n0jo6BDQoHp_AMnHNpw:1qoQwo:DcptMEdu5mgL8fIW_2tbxBgui4ML-fwHFp5mMHDIqEU", "expire_date": "2023-10-19T16:11:34.050Z"}}, {"model": "sessions.session", "pk": "69qeq0t42oq7p3unyou6syp3v6snpj7i", "fields": {"session_data": ".eJxVjEEOwiAQRe_C2hBgRoe6dN8zkIFBqRpISrsy3l2bdKHb_977LxV4XUpYe57DJOqsrDr8bpHTI9cNyJ3rrenU6jJPUW-K3mnXY5P8vOzu30HhXr41GBMBokNrhTmBgDhPJNdE1onNBn3yA1AeLJ0QgQ04n0jo6BDQoHp_AMnHNpw:1qqNik:rBVK7W9DY46ZcgzHKbUPkdLOPyuEEbPwW2ZWC2dy1KU", "expire_date": "2023-10-25T01:09:06.548Z"}}, {"model": "sessions.session", "pk": "6qnoqsc8imw2u7cvjpdbew76iaxarkzl", "fields": {"session_data": ".eJxVjEEOwiAQRe_C2pChUwZ06b5nIMAMUjVtUtqV8e7apAvd_vfef6kQt7WGrckSRlYXZTp1-h1TzA-ZdsL3ON1mnedpXcakd0UftOlhZnleD_fvoMZWvzWerQMHTFbAI2CBTrgnn40wG8Ii2RpOCEJIJnnriqG-hxw9dsWSen8A5To3PQ:1qoPrM:GIcltA_lT0NI5W7x8Y-cc_5Lw5nWtm7XhjncSIRbGhg", "expire_date": "2023-10-19T15:01:52.476Z"}}, {"model": "sessions.session", "pk": "6yzn1e8dwue1jfmerxrywbu23z1mdk9x", "fields": {"session_data": ".eJxVjMsOwiAQRf-FtSHAyMule7-BDMwgVVOS0q6M_26adKHbe865b5FwW1vaBi9pInER2orT75ixPHneCT1wvndZ-rwuU5a7Ig865K0Tv66H-3fQcLS99kazL-jBEptKpDVlcFEFZ413CpQKXP2ZQ45UXPUBQGtAsowKahSfLwVdN9w:1qo6YY:N81rA-7vPkR2AAapYAJETlCamq-foPU0jvvdgDS42fQ", "expire_date": "2023-10-18T18:25:10.265Z"}}, {"model": "sessions.session", "pk": "944lxlz7z3zqb6x6j7b42qsxu899dpyn", "fields": {"session_data": ".eJxVjDEOwjAMRe-SGUVpGpuUkZ0zRHZsSAGlUtNOiLtDpQ6w_vfef5lE61LS2nROo5iTAXP43ZjyQ-sG5E71Ntk81WUe2W6K3Wmzl0n0ed7dv4NCrXzrqI4Yj8xe0Av1oJ3vrx5DZFSAGAJAiILZDUw4eIqBRdSpZKGOxbw_6I84jQ:1qo3xB:89RxyB12hj3GW6_g9U_8rvdjbypQ080-GHVSNBrRtE8", "expire_date": "2023-10-18T15:38:25.005Z"}}, {"model": "sessions.session", "pk": "9ahj1vhh61k983pq6wsqo4ii8fo8ru1p", "fields": {"session_data": ".eJxVjEEOwiAQRe_C2hAGSgGX7j0DmQFGqoYmpV0Z765NutDtf-_9l4i4rTVuvSxxyuIsBnH63QjTo7Qd5Du22yzT3NZlIrkr8qBdXudcnpfD_Tuo2Ou3hoCKSRuPFJiUHRiRs0ohOyQPo2WrPRTDntGQY-8ASI0hJJ2gsBHvDwUYOJQ:1quIjL:Cu-qvp1Fp__mxonLlV1HlAr522YrmkDY_MwhOBAzmfU", "expire_date": "2023-11-04T20:37:55.135Z"}}, {"model": "sessions.session", "pk": "a4r1gvffbjlzbqo3gqv6mlxhzfukm53d", "fields": {"session_data": ".eJxVjDEOwjAMRe-SGUVpGpuUkZ0zRHZsSAGlUtNOiLtDpQ6w_vfef5lE61LS2nROo5iTAXP43ZjyQ-sG5E71Ntk81WUe2W6K3Wmzl0n0ed7dv4NCrXzrqI4Yj8xe0Av1oJ3vrx5DZFSAGAJAiILZDUw4eIqBRdSpZKGOxbw_6I84jQ:1qxBPy:iAGvAcSIBaNnf4rD6oqpWeb5E-s6R089gNEGHUrKLJQ", "expire_date": "2023-11-12T19:25:50.931Z"}}, {"model": "sessions.session", "pk": "bbxiqm5p7os3kwl613rou7prq3mimbc3", "fields": {"session_data": ".eJxVjDsOwyAQBe9CHSHzZ1Om9xkQsEtwEmHJ2FWUu0dILpL2zcx7sxCPvYaj0xYWZFcmNLv8jinmJ7VB8BHbfeV5bfu2JD4UftLO5xXpdTvdv4Maex01kCggHZqCCFFpsiCTjToLRcKpPEmJaCB5QJCmOJspWY1O-clbLdnnCxiWN_M:1qv1ig:jQUylu-b4rgGfQlTST3rNs5-LoCzf9DNER63I7jTUu4", "expire_date": "2023-11-06T20:40:14.839Z"}}, {"model": "sessions.session", "pk": "by0jvlfl239m2hra9b848bjtfcxwclrk", "fields": {"session_data": ".eJxVjEEOgjAQRe_StWnagaGDS_ecgUw7rUUNTSisjHcXEha6fe_9_1Yjb2setxqXcRJ1VbZTl1_oOTzjfBh58HwvOpR5XSavj0SftuqhSHzdzvbvIHPN-xp8aKBD1xJ6tmDFGNP2kazQjhvCBMlHiJ2TBoESOjAsfQqWGJmc-nwB4LM3Sg:1r0kiw:wk1swDtA3jfcq38lrzlXuu_dKRhXx9txgXY9TqbBNK8", "expire_date": "2023-11-22T15:44:10.506Z"}}, {"model": "sessions.session", "pk": "c9q63ihz115z2tjrsjq3jwd68nor34s5", "fields": {"session_data": ".eJxVjEEOwiAQRe_C2hBgRoe6dN8zkIFBqRpISrsy3l2bdKHb_977LxV4XUpYe57DJOqsrDr8bpHTI9cNyJ3rrenU6jJPUW-K3mnXY5P8vOzu30HhXr41GBMBokNrhTmBgDhPJNdE1onNBn3yA1AeLJ0QgQ04n0jo6BDQoHp_AMnHNpw:1r16nQ:eiHD2HnKcs8Tub5UDTxX0aCe2AFBjyl_V9o2goOLh-c", "expire_date": "2023-11-23T15:18:16.852Z"}}, {"model": "sessions.session", "pk": "d9b4o33on9xpatxb73e0awnrk1l4o7xl", "fields": {"session_data": ".eJxVjEEOwiAQRe_C2pCWDkVcuu8ZmmGYkaqBpLQr492VpAvdvvf-f6kZ9y3Ne-V1XqK6KK9OvywgPTg3Ee-Yb0VTydu6BN0SfdiqpxL5eT3av4OENbU1GOe8tyZEhBAJ6TwYBwSe2OKXG7DOClkvIxoR6i2zGQG7gTvpRb0_7pw4Qg:1qu4tg:PjTtXoAb7qhTuhlS-ZJeh7OhV5D5mASZIkP9x_CXxNM", "expire_date": "2023-11-04T05:51:40.735Z"}}, {"model": "sessions.session", "pk": "fgzfdcniprntwtj3o3q90j71om2b0hju", "fields": {"session_data": ".eJxVjEEOwiAQRe_C2hBgWgGX7nsGMsOAVA0kpV0Z765NutDtf-_9lwi4rSVsPS1hZnERTpx-N8L4SHUHfMd6azK2ui4zyV2RB-1yapye18P9OyjYy7dOpAcNTNmSBZtGAs-koicGtqwGhawpOWcMarKcI2ZjGOwIyF65s3h_AAwhOLY:1qo3Tw:5hAowawCZrwJ6MhyyA-uw2TFsaQt-lbPgXaUPzy_PiY", "expire_date": "2023-10-18T15:08:12.172Z"}}, {"model": "sessions.session", "pk": "h8utu8eq4eo2tvx63wshal3wfxaagv27", "fields": {"session_data": ".eJxVjMsOwiAQRf-FtSFQecy4dO83EGAGqRqalHZl_HfbpAvdnnPufYsQ16WGtfMcRhIX4cTpl6WYn9x2QY_Y7pPMU1vmMck9kYft8jYRv65H-3dQY6_bGtR58DmBQQDSxoEyyXMEJMWxOOMLebQZGMqQtEWykDeOSjsi5Cw-X9SQOAY:1qnqS2:5hnN29P3kEBQVPd3wut0-15j9ZZ6va1XlEWBIdmIUfY", "expire_date": "2023-10-18T01:13:22.147Z"}}, {"model": "sessions.session", "pk": "ht0ctxse4j3h3emhqvy7eq7yxzfth0cg", "fields": {"session_data": ".eJxVjMsOwiAQRf-FtSHAyMule7-BDMwgVVOS0q6M_26adKHbe865b5FwW1vaBi9pInER2orT75ixPHneCT1wvndZ-rwuU5a7Ig865K0Tv66H-3fQcLS99kazL-jBEptKpDVlcFEFZ413CpQKXP2ZQ45UXPUBQGtAsowKahSfLwVdN9w:1quykC:O7-VORDhj1OoDBUyJ_w-p5GttvNrnwYv_HADDdb8Zgo", "expire_date": "2023-11-06T17:29:36.924Z"}}, {"model": "sessions.session", "pk": "jr7ng76qemciqsldo426slf4nw8bedtt", "fields": {"session_data": ".eJxVjMsOwiAQAP-FsyE8dkvx6L3fQLawlaqBpLQn478bkh70OjOZtwh07DkcjbewJnEVTlx-2UzxyaWL9KByrzLWsm_rLHsiT9vkVBO_bmf7N8jUct-iYe0NEnsHiyUgQgCjCHFAi0mjVX7EqCzjwtEMo7MGlUsxKjCgxecLuTk2fA:1qsNA7:N0qFfZiFKYN-6cktQ-lxPiXC2yihV37-TAaUP4HvuOY", "expire_date": "2023-10-30T12:57:35.544Z"}}, {"model": "sessions.session", "pk": "jvapzfytep9xpwsuf4uhqwpv1212738l", "fields": {"session_data": ".eJxVjDEOwjAMAP-SGUV2sUvCyM4bIjtOaQG1UtNOiL-jog6w3p3u5ZKsS5_WWuY0mDs7RHf4hSr5UcbN2F3G2-TzNC7zoH5L_G6rv05Wnpe9_Rv0UvvvN0YIyI0wEjRGoAokGpnDEULLMUpnxAig1uEpZ2oBWQIpl64l9_4AxbE2zQ:1qnqWp:T--_CB9nLLwFd1e2-4n3P2WLR_6GmGnXAvj5WLXvmG8", "expire_date": "2023-10-18T01:18:19.474Z"}}, {"model": "sessions.session", "pk": "nyrbnw0l0l44s25hq1e6ajojjl4hs1fl", "fields": {"session_data": ".eJxVjEEOwiAQRe_C2hAGSgGX7j0DmQFGqoYmpV0Z765NutDtf-_9l4i4rTVuvSxxyuIsBnH63QjTo7Qd5Du22yzT3NZlIrkr8qBdXudcnpfD_Tuo2Ou3hoCKSRuPFJiUHRiRs0ohOyQPo2WrPRTDntGQY-8ASI0hJJ2gsBHvDwUYOJQ:1qtVG8:EW58jyS_VFkaWjPktVwggVXgL1jhczni6cBgwmVAOHo", "expire_date": "2023-11-02T15:48:28.632Z"}}, {"model": "sessions.session", "pk": "pjj807at7cccgt08okmyzw6cj571ifkf", "fields": {"session_data": ".eJxVjDEOwjAMAP-SGUV2sUvCyM4bIjtOaQG1UtNOiL-jog6w3p3u5ZKsS5_WWuY0mDs7RHf4hSr5UcbN2F3G2-TzNC7zoH5L_G6rv05Wnpe9_Rv0UvvvN0YIyI0wEjRGoAokGpnDEULLMUpnxAig1uEpZ2oBWQIpl64l9_4AxbE2zQ:1qzcdO:_au7w0y7aWZ2uxYdO3ck8VcKKgAAgTsnVGinvFe7F1U", "expire_date": "2023-11-19T12:53:46.389Z"}}, {"model": "sessions.session", "pk": "q9uo6jidk7lfhqia9wg6ltmdqclpa6k0", "fields": {"session_data": ".eJxVjEEOwiAQRe_C2hBgRoe6dN8zkIFBqRpISrsy3l2bdKHb_977LxV4XUpYe57DJOqsrDr8bpHTI9cNyJ3rrenU6jJPUW-K3mnXY5P8vOzu30HhXr41GBMBokNrhTmBgDhPJNdE1onNBn3yA1AeLJ0QgQ04n0jo6BDQoHp_AMnHNpw:1quwoP:qH993n9rYZ5LURohTXaN3yQJYAInhCAVvTl9KddSa1M", "expire_date": "2023-11-06T15:25:49.397Z"}}, {"model": "sessions.session", "pk": "qh2mm6otdcsp6ufwmrvkak9g0zgnumck", "fields": {"session_data": ".eJxVjEEOwiAQRe_C2pCWDkVcuu8ZmmGYkaqBpLQr492VpAvdvvf-f6kZ9y3Ne-V1XqK6KK9OvywgPTg3Ee-Yb0VTydu6BN0SfdiqpxL5eT3av4OENbU1GOe8tyZEhBAJ6TwYBwSe2OKXG7DOClkvIxoR6i2zGQG7gTvpRb0_7pw4Qg:1qrRMg:W-vAA-FI5SOgnDdHgXdooCoVH0yvY5wG8pM8V3WrUuI", "expire_date": "2023-10-27T23:14:42.913Z"}}, {"model": "sessions.session", "pk": "ry9pxd9zgq5k9m7ithu103j74j38deii", "fields": {"session_data": ".eJxVjEEOwiAQRe_C2hBgRoe6dN8zkIFBqRpISrsy3l2bdKHb_977LxV4XUpYe57DJOqsrDr8bpHTI9cNyJ3rrenU6jJPUW-K3mnXY5P8vOzu30HhXr41GBMBokNrhTmBgDhPJNdE1onNBn3yA1AeLJ0QgQ04n0jo6BDQoHp_AMnHNpw:1qoosh:cPpT83MpbKSoL65VTOUpRFWcC0Ii_K5a6a4iiNW-lDs", "expire_date": "2023-10-20T17:44:55.816Z"}}, {"model": "sessions.session", "pk": "sa7h87ysaq4ndp36xqd2qasdbl7q0c1c", "fields": {"session_data": ".eJxVjEEOwiAQRe_C2hBgRoe6dN8zkIFBqRpISrsy3l2bdKHb_977LxV4XUpYe57DJOqsrDr8bpHTI9cNyJ3rrenU6jJPUW-K3mnXY5P8vOzu30HhXr41GBMBokNrhTmBgDhPJNdE1onNBn3yA1AeLJ0QgQ04n0jo6BDQoHp_AMnHNpw:1qrNTV:xlWL0PQ9C15bJsyE6DGcviZxgRVXQe26hZKV9XFYlQA", "expire_date": "2023-10-27T19:05:29.188Z"}}, {"model": "sessions.session", "pk": "sbtk347jz9dw2s4gyvgioqdvenbt5xc7", "fields": {"session_data": ".eJxVjEEOwiAQRe_C2pCWDkVcuu8ZmmGYkaqBpLQr492VpAvdvvf-f6kZ9y3Ne-V1XqK6KK9OvywgPTg3Ee-Yb0VTydu6BN0SfdiqpxL5eT3av4OENbU1GOe8tyZEhBAJ6TwYBwSe2OKXG7DOClkvIxoR6i2zGQG7gTvpRb0_7pw4Qg:1qoAmE:GHVaElIZYApdsGORUy7rIeNdjs_cJACNClhX2sPsONM", "expire_date": "2023-10-18T22:55:34.937Z"}}, {"model": "sessions.session", "pk": "sjvnr4yw6mnvuvkmiqbg71qugqmg0uz2", "fields": {"session_data": ".eJxVjMsOwiAQRf-FtSHAyMule7-BDMwgVVOS0q6M_26adKHbe865b5FwW1vaBi9pInER2orT75ixPHneCT1wvndZ-rwuU5a7Ig865K0Tv66H-3fQcLS99kazL-jBEptKpDVlcFEFZ413CpQKXP2ZQ45UXPUBQGtAsowKahSfLwVdN9w:1qtC4a:m8dbsD0QbOtMqpnCilDtC3-X_AP4npS5s1ZkAvwvRiY", "expire_date": "2023-11-01T19:19:16.430Z"}}, {"model": "sessions.session", "pk": "so1wpganw02xz8c9n3egzs7rw3ketxbw", "fields": {"session_data": ".eJxVjMsOwiAQRf-FtSEFpsC4dO83kBkeUjU0Ke3K-O_apAvd3nPOfYlA21rD1vMSpiTOworT78YUH7ntIN2p3WYZ57YuE8tdkQft8jqn_Lwc7t9BpV6_dfaDR-0QgQ0qo7R1FgadWBmrATKMrDFGR84nTZw9O8BSRuASqRgj3h-tVjdY:1qvfos:7taPk57fGK4XFyYUlDeCwAIU66fogDz5xSIEz-lPktE", "expire_date": "2023-11-08T15:29:18.717Z"}}, {"model": "sessions.session", "pk": "sonm75fgn202b7j59fhy7xu2ixzh23jr", "fields": {"session_data": ".eJxVjEEOwiAQRe_C2hBgRoe6dN8zkIFBqRpISrsy3l2bdKHb_977LxV4XUpYe57DJOqsrDr8bpHTI9cNyJ3rrenU6jJPUW-K3mnXY5P8vOzu30HhXr41GBMBokNrhTmBgDhPJNdE1onNBn3yA1AeLJ0QgQ04n0jo6BDQoHp_AMnHNpw:1r01Xj:5WIXI47Ea8eINgiAkK1nKUSMMlb2zua9qJQ5hc2m9Mw", "expire_date": "2023-11-20T15:29:35.890Z"}}, {"model": "sessions.session", "pk": "sy3wwkq89lmp7gfcqupluzmlejbfovak", "fields": {"session_data": ".eJxVjDEOwjAMRe-SGUVpGpuUkZ0zRHZsSAGlUtNOiLtDpQ6w_vfef5lE61LS2nROo5iTAXP43ZjyQ-sG5E71Ntk81WUe2W6K3Wmzl0n0ed7dv4NCrXzrqI4Yj8xe0Av1oJ3vrx5DZFSAGAJAiILZDUw4eIqBRdSpZKGOxbw_6I84jQ:1qvfmD:qCkEvpgR2-lXt1079MekJytM-d8Ju8hGXHkerucpHco", "expire_date": "2023-11-08T15:26:33.436Z"}}, {"model": "sessions.session", "pk": "u7lhif9uw7x0ximmjg8ktw5lrxoxflqw", "fields": {"session_data": ".eJxVjEEOwiAQRe_C2hBgRoe6dN8zkIFBqRpISrsy3l2bdKHb_977LxV4XUpYe57DJOqsrDr8bpHTI9cNyJ3rrenU6jJPUW-K3mnXY5P8vOzu30HhXr41GBMBokNrhTmBgDhPJNdE1onNBn3yA1AeLJ0QgQ04n0jo6BDQoHp_AMnHNpw:1qqLnA:RFVaOQsTPNgvh7JuvVwiDaRHuTBgvt43NQ97AB_FlOA", "expire_date": "2023-10-24T23:05:32.534Z"}}, {"model": "sessions.session", "pk": "wxbcbdxqjdfqkih2wvdoepqak9g1h24e", "fields": {"session_data": ".eJxVjEEOwiAQRe_C2hBgRoe6dN8zkIFBqRpISrsy3l2bdKHb_977LxV4XUpYe57DJOqsrDr8bpHTI9cNyJ3rrenU6jJPUW-K3mnXY5P8vOzu30HhXr41GBMBokNrhTmBgDhPJNdE1onNBn3yA1AeLJ0QgQ04n0jo6BDQoHp_AMnHNpw:1qrLJV:zbuKgvR2nzuYKy3JXDxqNfjjxWzF28Tdt9LthoKA0uY", "expire_date": "2023-10-27T16:47:01.687Z"}}, {"model": "sessions.session", "pk": "zynt7ku2n3ucjb2t0hgo849jjrlihc7q", "fields": {"session_data": ".eJxVjEEOwiAQRe_C2hAGSgGX7j0DmQFGqoYmpV0Z765NutDtf-_9l4i4rTVuvSxxyuIsBnH63QjTo7Qd5Du22yzT3NZlIrkr8qBdXudcnpfD_Tuo2Ou3hoCKSRuPFJiUHRiRs0ohOyQPo2WrPRTDntGQY-8ASI0hJJ2gsBHvDwUYOJQ:1qo260:jb6P-Jve-7aiAKg1EYVNn24XniW15OaXOTpR-c9tJ0Q", "expire_date": "2023-10-18T13:39:24.425Z"}}, {"model": "folios.motivo", "pk": 1, "fields": {"nombre": "ABANDONO"}}, {"model": "folios.motivo", "pk": 2, "fields": {"nombre": "ACCIDENTE"}}, {"model": "folios.motivo", "pk": 3, "fields": {"nombre": "ADMINISTRATIVAS"}}, {"model": "folios.motivo", "pk": 4, "fields": {"nombre": "AGRESIÓN"}}, {"model": "folios.motivo", "pk": 5, "fields": {"nombre": "AMENAZA"}}, {"model": "folios.motivo", "pk": 6, "fields": {"nombre": "CADÁVER"}}, {"model": "folios.motivo", "pk": 7, "fields": {"nombre": "CONTRA LA SALUD"}}, {"model": "folios.motivo", "pk": 8, "fields": {"nombre": "DAÑOS"}}, {"model": "folios.motivo", "pk": 9, "fields": {"nombre": "DAÑOS POR FENOMENO NATURAL O TERCERO"}}, {"model": "folios.motivo", "pk": 10, "fields": {"nombre": "DENUNCIA"}}, {"model": "folios.motivo", "pk": 11, "fields": {"nombre": "DERRAME O FUGA"}}, {"model": "folios.motivo", "pk": 12, "fields": {"nombre": "DETENCIÓN CIUDADANA"}}, {"model": "folios.motivo", "pk": 13, "fields": {"nombre": "DISTURBIO"}}, {"model": "folios.motivo", "pk": 14, "fields": {"nombre": "ELECTORALES"}}, {"model": "folios.motivo", "pk": 15, "fields": {"nombre": "EXPLOSIÓN"}}, {"model": "folios.motivo", "pk": 16, "fields": {"nombre": "INCENDIO"}}, {"model": "folios.motivo", "pk": 17, "fields": {"nombre": "INTENTO DE SUICIDIO"}}, {"model": "folios.motivo", "pk": 18, "fields": {"nombre": "LESIONADO"}}, {"model": "folios.motivo", "pk": 19, "fields": {"nombre": "MÉDICOS"}}, {"model": "folios.motivo", "pk": 20, "fields": {"nombre": "OTROS"}}, {"model": "folios.motivo", "pk": 21, "fields": {"nombre": "PRIVACIÓN DE LA LIBERTAD"}}, {"model": "folios.motivo", "pk": 22, "fields": {"nombre": "ROBO "}}, {"model": "folios.motivo", "pk": 23, "fields": {"nombre": "SERVICIOS"}}, {"model": "folios.motivo", "pk": 24, "fields": {"nombre": "SEXUALES"}}, {"model": "folios.motivo", "pk": 25, "fields": {"nombre": "SISMO"}}, {"model": "folios.motivo", "pk": 26, "fields": {"nombre": "SOS MUJERES"}}, {"model": "folios.motivo", "pk": 27, "fields": {"nombre": "TELEMEDICINA"}}, {"model": "folios.motivo", "pk": 28, "fields": {"nombre": "TRANSFERENCIA A LOCATEL"}}, {"model": "folios.submotivo", "pk": 1, "fields": {"nombre": "Animal", "motivo": 1}}, {"model": "folios.submotivo", "pk": 2, "fields": {"nombre": "Arma - Cartucho", "motivo": 1}}, {"model": "folios.submotivo", "pk": 3, "fields": {"nombre": "Artefacto Explosivo", "motivo": 1}}, {"model": "folios.submotivo", "pk": 4, "fields": {"nombre": "De Objeto", "motivo": 1}}, {"model": "folios.submotivo", "pk": 5, "fields": {"nombre": "Ërganos - Tejido-Extremidades", "motivo": 1}}, {"model": "folios.submotivo", "pk": 6, "fields": {"nombre": "Persona", "motivo": 1}}, {"model": "folios.submotivo", "pk": 7, "fields": {"nombre": "Vehículo", "motivo": 1}}, {"model": "folios.submotivo", "pk": 8, "fields": {"nombre": "Vehículo Abandonado con Reporte en ANPR", "motivo": 1}}, {"model": "folios.submotivo", "pk": 9, "fields": {"nombre": "Otros", "motivo": 1}}, {"model": "folios.submotivo", "pk": 10, "fields": {"nombre": "Acuático", "motivo": 2}}, {"model": "folios.submotivo", "pk": 11, "fields": {"nombre": "Aéreo", "motivo": 2}}, {"model": "folios.submotivo", "pk": 12, "fields": {"nombre": "Choque con Lesionados", "motivo": 2}}, {"model": "folios.submotivo", "pk": 13, "fields": {"nombre": "Choque con Prensados", "motivo": 2}}, {"model": "folios.submotivo", "pk": 14, "fields": {"nombre": "Choque sin Lesionados", "motivo": 2}}, {"model": "folios.submotivo", "pk": 15, "fields": {"nombre": "Ciclista ", "motivo": 2}}, {"model": "folios.submotivo", "pk": 16, "fields": {"nombre": "Ferroviario", "motivo": 2}}, {"model": "folios.submotivo", "pk": 17, "fields": {"nombre": "Monopatín", "motivo": 2}}, {"model": "folios.submotivo", "pk": 18, "fields": {"nombre": "Motociclista", "motivo": 2}}, {"model": "folios.submotivo", "pk": 19, "fields": {"nombre": "Persona Atrapada", "motivo": 2}}, {"model": "folios.submotivo", "pk": 20, "fields": {"nombre": "Persona Desbarrancada", "motivo": 2}}, {"model": "folios.submotivo", "pk": 21, "fields": {"nombre": "Sumersión", "motivo": 2}}, {"model": "folios.submotivo", "pk": 22, "fields": {"nombre": "Vehículo Atrapado-Varado", "motivo": 2}}, {"model": "folios.submotivo", "pk": 23, "fields": {"nombre": "Vehículo Desbarrancado", "motivo": 2}}, {"model": "folios.submotivo", "pk": 24, "fields": {"nombre": "Volcadura", "motivo": 2}}, {"model": "folios.submotivo", "pk": 25, "fields": {"nombre": "Sumersión-Ahogamiento", "motivo": 2}}, {"model": "folios.submotivo", "pk": 26, "fields": {"nombre": "Otros", "motivo": 2}}, {"model": "folios.submotivo", "pk": 27, "fields": {"nombre": "Comercio Informal ", "motivo": 3}}, {"model": "folios.submotivo", "pk": 28, "fields": {"nombre": "Drogados", "motivo": 3}}, {"model": "folios.submotivo", "pk": 29, "fields": {"nombre": "Ebrios", "motivo": 3}}, {"model": "folios.submotivo", "pk": 30, "fields": {"nombre": "Faltas a la Moral", "motivo": 3}}, {"model": "folios.submotivo", "pk": 31, "fields": {"nombre": "Fisiológica", "motivo": 3}}, {"model": "folios.submotivo", "pk": 32, "fields": {"nombre": "Franeleros", "motivo": 3}}, {"model": "folios.submotivo", "pk": 33, "fields": {"nombre": "Grafitis", "motivo": 3}}, {"model": "folios.submotivo", "pk": 34, "fields": {"nombre": "Prostitución", "motivo": 3}}, {"model": "folios.submotivo", "pk": 35, "fields": {"nombre": "Tirar Basura en Vía P·blica", "motivo": 3}}, {"model": "folios.submotivo", "pk": 36, "fields": {"nombre": "Otros", "motivo": 3}}, {"model": "folios.submotivo", "pk": 37, "fields": {"nombre": "A Policía ", "motivo": 4}}, {"model": "folios.submotivo", "pk": 38, "fields": {"nombre": "Casa Habitación", "motivo": 4}}, {"model": "folios.submotivo", "pk": 39, "fields": {"nombre": "Negocio", "motivo": 4}}, {"model": "folios.submotivo", "pk": 40, "fields": {"nombre": "Persona", "motivo": 4}}, {"model": "folios.submotivo", "pk": 41, "fields": {"nombre": "Servidor P·blico", "motivo": 4}}, {"model": "folios.submotivo", "pk": 42, "fields": {"nombre": "Violencia contra la Mujer ", "motivo": 4}}, {"model": "folios.submotivo", "pk": 43, "fields": {"nombre": "Violencia  Familiar", "motivo": 4}}, {"model": "folios.submotivo", "pk": 44, "fields": {"nombre": "Otros", "motivo": 4}}, {"model": "folios.submotivo", "pk": 45, "fields": {"nombre": "A Inmueble", "motivo": 5}}, {"model": "folios.submotivo", "pk": 46, "fields": {"nombre": "A Persona", "motivo": 5}}, {"model": "folios.submotivo", "pk": 47, "fields": {"nombre": "Bomba", "motivo": 5}}, {"model": "folios.submotivo", "pk": 48, "fields": {"nombre": "De Suicidio", "motivo": 5}}, {"model": "folios.submotivo", "pk": 49, "fields": {"nombre": "Otros", "motivo": 5}}, {"model": "folios.submotivo", "pk": 50, "fields": {"nombre": "Abandonado", "motivo": 6}}, {"model": "folios.submotivo", "pk": 51, "fields": {"nombre": "Accidente Automovilístico", "motivo": 6}}, {"model": "folios.submotivo", "pk": 52, "fields": {"nombre": "Atragantamiento-Asfixia ", "motivo": 6}}, {"model": "folios.submotivo", "pk": 53, "fields": {"nombre": "Arma Blanca ", "motivo": 6}}, {"model": "folios.submotivo", "pk": 54, "fields": {"nombre": "Arma Contusa", "motivo": 6}}, {"model": "folios.submotivo", "pk": 55, "fields": {"nombre": "Arma de Fuego", "motivo": 6}}, {"model": "folios.submotivo", "pk": 56, "fields": {"nombre": "Atropellado", "motivo": 6}}, {"model": "folios.submotivo", "pk": 57, "fields": {"nombre": "Caída", "motivo": 6}}, {"model": "folios.submotivo", "pk": 58, "fields": {"nombre": "Enterrado", "motivo": 6}}, {"model": "folios.submotivo", "pk": 59, "fields": {"nombre": "Estrangulado", "motivo": 6}}, {"model": "folios.submotivo", "pk": 60, "fields": {"nombre": "Feto", "motivo": 6}}, {"model": "folios.submotivo", "pk": 61, "fields": {"nombre": "Homicidio", "motivo": 6}}, {"model": "folios.submotivo", "pk": 62, "fields": {"nombre": "Intoxicación", "motivo": 6}}, {"model": "folios.submotivo", "pk": 63, "fields": {"nombre": "Muerte Causa Ignorada", "motivo": 6}}, {"model": "folios.submotivo", "pk": 64, "fields": {"nombre": "Muerte por enfermedad previamente diagnosticada ", "motivo": 6}}, {"model": "folios.submotivo", "pk": 65, "fields": {"nombre": "Quemado o Electrocutado", "motivo": 6}}, {"model": "folios.submotivo", "pk": 66, "fields": {"nombre": "Riña o Golpes", "motivo": 6}}, {"model": "folios.submotivo", "pk": 67, "fields": {"nombre": "Suicidio", "motivo": 6}}, {"model": "folios.submotivo", "pk": 68, "fields": {"nombre": "Sumersión- Ahogamiento ", "motivo": 6}}, {"model": "folios.submotivo", "pk": 69, "fields": {"nombre": "Suspendido", "motivo": 6}}, {"model": "folios.submotivo", "pk": 70, "fields": {"nombre": "Vías del Metro", "motivo": 6}}, {"model": "folios.submotivo", "pk": 71, "fields": {"nombre": "Muerte por probable COVID", "motivo": 6}}, {"model": "folios.submotivo", "pk": 72, "fields": {"nombre": "Otros", "motivo": 6}}, {"model": "folios.submotivo", "pk": 73, "fields": {"nombre": "Consumo de Droga o Estupefacientes", "motivo": 7}}, {"model": "folios.submotivo", "pk": 74, "fields": {"nombre": "Traslado de Droga o Estupefacientes", "motivo": 7}}, {"model": "folios.submotivo", "pk": 75, "fields": {"nombre": "Venta o Distribución  de Droga o Estupefacientes", "motivo": 7}}, {"model": "folios.submotivo", "pk": 76, "fields": {"nombre": "Otros", "motivo": 7}}, {"model": "folios.submotivo", "pk": 77, "fields": {"nombre": "A la Nación - Vías de Comunicación", "motivo": 8}}, {"model": "folios.submotivo", "pk": 78, "fields": {"nombre": "Casa Habitación", "motivo": 8}}, {"model": "folios.submotivo", "pk": 79, "fields": {"nombre": "Instalaciones Gubernamentales", "motivo": 8}}, {"model": "folios.submotivo", "pk": 80, "fields": {"nombre": "Negocio", "motivo": 8}}, {"model": "folios.submotivo", "pk": 81, "fields": {"nombre": "Propiedad Ajena", "motivo": 8}}, {"model": "folios.submotivo", "pk": 82, "fields": {"nombre": "Sistema Tecnológico de Videovigilancia", "motivo": 8}}, {"model": "folios.submotivo", "pk": 83, "fields": {"nombre": "Otros", "motivo": 8}}, {"model": "folios.submotivo", "pk": 84, "fields": {"nombre": "Afectación Inmueble ", "motivo": 9}}, {"model": "folios.submotivo", "pk": 85, "fields": {"nombre": "Afectación Vehículo", "motivo": 9}}, {"model": "folios.submotivo", "pk": 86, "fields": {"nombre": "Agrietamiento", "motivo": 9}}, {"model": "folios.submotivo", "pk": 87, "fields": {"nombre": "Árbol Ladeado", "motivo": 9}}, {"model": "folios.submotivo", "pk": 88, "fields": {"nombre": "Caída de Anuncio Espectacular", "motivo": 9}}, {"model": "folios.submotivo", "pk": 89, "fields": {"nombre": "Caída de árbol", "motivo": 9}}, {"model": "folios.submotivo", "pk": 90, "fields": {"nombre": "Caída de Barda", "motivo": 9}}, {"model": "folios.submotivo", "pk": 91, "fields": {"nombre": "Caída de Cables", "motivo": 9}}, {"model": "folios.submotivo", "pk": 92, "fields": {"nombre": "Caída de Ceniza", "motivo": 9}}, {"model": "folios.submotivo", "pk": 93, "fields": {"nombre": "Caída de Poste", "motivo": 9}}, {"model": "folios.submotivo", "pk": 94, "fields": {"nombre": "Caída Rama", "motivo": 9}}, {"model": "folios.submotivo", "pk": 95, "fields": {"nombre": "Caída de Rayo", "motivo": 9}}, {"model": "folios.submotivo", "pk": 96, "fields": {"nombre": "Derrumbe", "motivo": 9}}, {"model": "folios.submotivo", "pk": 97, "fields": {"nombre": "Desborde - Canal - Rio - Presa", "motivo": 9}}, {"model": "folios.submotivo", "pk": 98, "fields": {"nombre": "Deslave", "motivo": 9}}, {"model": "folios.submotivo", "pk": 99, "fields": {"nombre": "Desprendimiento Lona de Espectacular", "motivo": 9}}, {"model": "folios.submotivo", "pk": 100, "fields": {"nombre": "Encharcamiento", "motivo": 9}}, {"model": "folios.submotivo", "pk": 101, "fields": {"nombre": "Hundimiento", "motivo": 9}}, {"model": "folios.submotivo", "pk": 102, "fields": {"nombre": "Inundación", "motivo": 9}}, {"model": "folios.submotivo", "pk": 103, "fields": {"nombre": "Poste Ladeado", "motivo": 9}}, {"model": "folios.submotivo", "pk": 104, "fields": {"nombre": "Socavón", "motivo": 9}}, {"model": "folios.submotivo", "pk": 105, "fields": {"nombre": "Zona sin Energía Eléctrica", "motivo": 9}}, {"model": "folios.submotivo", "pk": 106, "fields": {"nombre": "Otros", "motivo": 9}}, {"model": "folios.submotivo", "pk": 107, "fields": {"nombre": "Allanamiento ", "motivo": 10}}, {"model": "folios.submotivo", "pk": 108, "fields": {"nombre": "Extorsión", "motivo": 10}}, {"model": "folios.submotivo", "pk": 109, "fields": {"nombre": "Extorsión Telefónica", "motivo": 10}}, {"model": "folios.submotivo", "pk": 110, "fields": {"nombre": "Fraude", "motivo": 10}}, {"model": "folios.submotivo", "pk": 111, "fields": {"nombre": "Fuga de Reos", "motivo": 10}}, {"model": "folios.submotivo", "pk": 112, "fields": {"nombre": "Hechos", "motivo": 10}}, {"model": "folios.submotivo", "pk": 113, "fields": {"nombre": "Invasión de Predio", "motivo": 10}}, {"model": "folios.submotivo", "pk": 114, "fields": {"nombre": "Maltrato Animal", "motivo": 10}}, {"model": "folios.submotivo", "pk": 115, "fields": {"nombre": "Maltrato - Discriminación", "motivo": 10}}, {"model": "folios.submotivo", "pk": 116, "fields": {"nombre": "Motín", "motivo": 10}}, {"model": "folios.submotivo", "pk": 117, "fields": {"nombre": "Olor Fétido - Manchas Hemáticas en Inmueble", "motivo": 10}}, {"model": "folios.submotivo", "pk": 118, "fields": {"nombre": "Persona Desaparecida", "motivo": 10}}, {"model": "folios.submotivo", "pk": 119, "fields": {"nombre": "Persona en Riesgo", "motivo": 10}}, {"model": "folios.submotivo", "pk": 120, "fields": {"nombre": "Persona Sospechosa", "motivo": 10}}, {"model": "folios.submotivo", "pk": 121, "fields": {"nombre": "Reventa ", "motivo": 10}}, {"model": "folios.submotivo", "pk": 122, "fields": {"nombre": "Ruptura de Sellos", "motivo": 10}}, {"model": "folios.submotivo", "pk": 123, "fields": {"nombre": "Servidor P·blico", "motivo": 10}}, {"model": "folios.submotivo", "pk": 124, "fields": {"nombre": "Tala Clandestina", "motivo": 10}}, {"model": "folios.submotivo", "pk": 125, "fields": {"nombre": "Vehículo con Manchas Hemáticas - Olor fétido", "motivo": 10}}, {"model": "folios.submotivo", "pk": 126, "fields": {"nombre": "Venta de Pirotecnia", "motivo": 10}}, {"model": "folios.submotivo", "pk": 127, "fields": {"nombre": "Venta Ilegal de Combustibles", "motivo": 10}}, {"model": "folios.submotivo", "pk": 128, "fields": {"nombre": "Toma Clandestina", "motivo": 10}}, {"model": "folios.submotivo", "pk": 129, "fields": {"nombre": "Menor en riesgo ", "motivo": 10}}, {"model": "folios.submotivo", "pk": 130, "fields": {"nombre": "Sustracción ilegal de combustible", "motivo": 10}}, {"model": "folios.submotivo", "pk": 131, "fields": {"nombre": "Almacenamiento  ilegal de combustible ", "motivo": 10}}, {"model": "folios.submotivo", "pk": 132, "fields": {"nombre": "Transporte ilegal de combustible", "motivo": 10}}, {"model": "folios.submotivo", "pk": 133, "fields": {"nombre": "Uso o presentación de documento falso ", "motivo": 10}}, {"model": "folios.submotivo", "pk": 134, "fields": {"nombre": "Instalación Prohibida de Publicidad", "motivo": 10}}, {"model": "folios.submotivo", "pk": 135, "fields": {"nombre": "Otros", "motivo": 10}}, {"model": "folios.submotivo", "pk": 136, "fields": {"nombre": "Aguas Negras", "motivo": 11}}, {"model": "folios.submotivo", "pk": 137, "fields": {"nombre": "Agua Potable", "motivo": 11}}, {"model": "folios.submotivo", "pk": 138, "fields": {"nombre": "Cilindro de Gas", "motivo": 11}}, {"model": "folios.submotivo", "pk": 139, "fields": {"nombre": "Gas Natural", "motivo": 11}}, {"model": "folios.submotivo", "pk": 140, "fields": {"nombre": "Material o Sustancia en pavimento", "motivo": 11}}, {"model": "folios.submotivo", "pk": 141, "fields": {"nombre": "Olor a Gas - Combustible-Químicos", "motivo": 11}}, {"model": "folios.submotivo", "pk": 142, "fields": {"nombre": "Petróleo y Derivados o Ductos", "motivo": 11}}, {"model": "folios.submotivo", "pk": 143, "fields": {"nombre": "Pipa de Gas", "motivo": 11}}, {"model": "folios.submotivo", "pk": 144, "fields": {"nombre": "Productos Químicos", "motivo": 11}}, {"model": "folios.submotivo", "pk": 145, "fields": {"nombre": "Tanque Estacionario", "motivo": 11}}, {"model": "folios.submotivo", "pk": 146, "fields": {"nombre": "Otros", "motivo": 11}}, {"model": "folios.submotivo", "pk": 147, "fields": {"nombre": "Accidente Automovilístico", "motivo": 12}}, {"model": "folios.submotivo", "pk": 148, "fields": {"nombre": "Agresión", "motivo": 12}}, {"model": "folios.submotivo", "pk": 149, "fields": {"nombre": "Allanamiento", "motivo": 12}}, {"model": "folios.submotivo", "pk": 150, "fields": {"nombre": "Atropellamiento", "motivo": 12}}, {"model": "folios.submotivo", "pk": 151, "fields": {"nombre": "Daños", "motivo": 12}}, {"model": "folios.submotivo", "pk": 152, "fields": {"nombre": "Delitos Sexuales", "motivo": 12}}, {"model": "folios.submotivo", "pk": 153, "fields": {"nombre": "Fraude", "motivo": 12}}, {"model": "folios.submotivo", "pk": 154, "fields": {"nombre": "Robo", "motivo": 12}}, {"model": "folios.submotivo", "pk": 155, "fields": {"nombre": "Secuestro", "motivo": 12}}, {"model": "folios.submotivo", "pk": 156, "fields": {"nombre": "Otros", "motivo": 12}}, {"model": "folios.submotivo", "pk": 157, "fields": {"nombre": "Arrancones", "motivo": 13}}, {"model": "folios.submotivo", "pk": 158, "fields": {"nombre": "Bloqueos", "motivo": 13}}, {"model": "folios.submotivo", "pk": 159, "fields": {"nombre": "Casa Habitación", "motivo": 13}}, {"model": "folios.submotivo", "pk": 160, "fields": {"nombre": "Concentración de Personas", "motivo": 13}}, {"model": "folios.submotivo", "pk": 161, "fields": {"nombre": "Desperdicio de Agua", "motivo": 13}}, {"model": "folios.submotivo", "pk": 162, "fields": {"nombre": "Disparos", "motivo": 13}}, {"model": "folios.submotivo", "pk": 163, "fields": {"nombre": "Escándalo", "motivo": 13}}, {"model": "folios.submotivo", "pk": 164, "fields": {"nombre": "Fiestas", "motivo": 13}}, {"model": "folios.submotivo", "pk": 165, "fields": {"nombre": "Jugadores", "motivo": 13}}, {"model": "folios.submotivo", "pk": 166, "fields": {"nombre": "Linchamiento", "motivo": 13}}, {"model": "folios.submotivo", "pk": 167, "fields": {"nombre": "Marcha de Personas", "motivo": 13}}, {"model": "folios.submotivo", "pk": 168, "fields": {"nombre": "Quema de Pirotecnia", "motivo": 13}}, {"model": "folios.submotivo", "pk": 169, "fields": {"nombre": "Riña", "motivo": 13}}, {"model": "folios.submotivo", "pk": 170, "fields": {"nombre": "Otros", "motivo": 13}}, {"model": "folios.submotivo", "pk": 171, "fields": {"nombre": "Agresión a Funcionarios", "motivo": 14}}, {"model": "folios.submotivo", "pk": 172, "fields": {"nombre": "Agresión a Inmueble", "motivo": 14}}, {"model": "folios.submotivo", "pk": 173, "fields": {"nombre": "Compra de Votos", "motivo": 14}}, {"model": "folios.submotivo", "pk": 174, "fields": {"nombre": "Credencial Apócrifa", "motivo": 14}}, {"model": "folios.submotivo", "pk": 175, "fields": {"nombre": "Impedir Instalación", "motivo": 14}}, {"model": "folios.submotivo", "pk": 176, "fields": {"nombre": "Proselitismo", "motivo": 14}}, {"model": "folios.submotivo", "pk": 177, "fields": {"nombre": "Quema de Urnas o Boletas", "motivo": 14}}, {"model": "folios.submotivo", "pk": 178, "fields": {"nombre": "Quema del Paquete Electoral", "motivo": 14}}, {"model": "folios.submotivo", "pk": 179, "fields": {"nombre": "Retiro de Propaganda ", "motivo": 14}}, {"model": "folios.submotivo", "pk": 180, "fields": {"nombre": "Robo de Urnas o Boletas", "motivo": 14}}, {"model": "folios.submotivo", "pk": 181, "fields": {"nombre": "Robo del Paquete Electoral", "motivo": 14}}, {"model": "folios.submotivo", "pk": 182, "fields": {"nombre": "Queja por instalación tardía", "motivo": 14}}, {"model": "folios.submotivo", "pk": 183, "fields": {"nombre": "Otros", "motivo": 14}}, {"model": "folios.submotivo", "pk": 184, "fields": {"nombre": "Artefacto Explosivo", "motivo": 15}}, {"model": "folios.submotivo", "pk": 185, "fields": {"nombre": "Casa Habitación", "motivo": 15}}, {"model": "folios.submotivo", "pk": 186, "fields": {"nombre": "Comercio ambulante ", "motivo": 15}}, {"model": "folios.submotivo", "pk": 187, "fields": {"nombre": "Ductos", "motivo": 15}}, {"model": "folios.submotivo", "pk": 188, "fields": {"nombre": "Edificio", "motivo": 15}}, {"model": "folios.submotivo", "pk": 189, "fields": {"nombre": "Escuela", "motivo": 15}}, {"model": "folios.submotivo", "pk": 190, "fields": {"nombre": "Gasolinera", "motivo": 15}}, {"model": "folios.submotivo", "pk": 191, "fields": {"nombre": "Industria", "motivo": 15}}, {"model": "folios.submotivo", "pk": 192, "fields": {"nombre": "Instalaciones de Gobierno", "motivo": 15}}, {"model": "folios.submotivo", "pk": 193, "fields": {"nombre": "Instalación o Subestación eléctrica", "motivo": 15}}, {"model": "folios.submotivo", "pk": 194, "fields": {"nombre": "Instalaciones PEMEX", "motivo": 15}}, {"model": "folios.submotivo", "pk": 195, "fields": {"nombre": "Mufa", "motivo": 15}}, {"model": "folios.submotivo", "pk": 196, "fields": {"nombre": "Negocio û Plaza Comercial -  Mercado", "motivo": 15}}, {"model": "folios.submotivo", "pk": 197, "fields": {"nombre": "Pipa", "motivo": 15}}, {"model": "folios.submotivo", "pk": 198, "fields": {"nombre": "Polvorín Clandestino", "motivo": 15}}, {"model": "folios.submotivo", "pk": 199, "fields": {"nombre": "Transformador", "motivo": 15}}, {"model": "folios.submotivo", "pk": 200, "fields": {"nombre": "Vehículo", "motivo": 15}}, {"model": "folios.submotivo", "pk": 201, "fields": {"nombre": "Otros", "motivo": 15}}, {"model": "folios.submotivo", "pk": 202, "fields": {"nombre": "Árbol", "motivo": 16}}, {"model": "folios.submotivo", "pk": 203, "fields": {"nombre": "Casa Habitación", "motivo": 16}}, {"model": "folios.submotivo", "pk": 204, "fields": {"nombre": "Comercio ambulante ", "motivo": 16}}, {"model": "folios.submotivo", "pk": 205, "fields": {"nombre": "Ductos", "motivo": 16}}, {"model": "folios.submotivo", "pk": 206, "fields": {"nombre": "Edificio", "motivo": 16}}, {"model": "folios.submotivo", "pk": 207, "fields": {"nombre": "Escuela", "motivo": 16}}, {"model": "folios.submotivo", "pk": 208, "fields": {"nombre": "Forestal", "motivo": 16}}, {"model": "folios.submotivo", "pk": 209, "fields": {"nombre": "Gasolinera", "motivo": 16}}, {"model": "folios.submotivo", "pk": 210, "fields": {"nombre": "Industria", "motivo": 16}}, {"model": "folios.submotivo", "pk": 211, "fields": {"nombre": "Instalaciones de Gobierno", "motivo": 16}}, {"model": "folios.submotivo", "pk": 212, "fields": {"nombre": "Instalación o Subestación eléctrica", "motivo": 16}}, {"model": "folios.submotivo", "pk": 213, "fields": {"nombre": "Instalaciones PEMEX", "motivo": 16}}, {"model": "folios.submotivo", "pk": 214, "fields": {"nombre": "Lote baldío", "motivo": 16}}, {"model": "folios.submotivo", "pk": 215, "fields": {"nombre": "Mufa", "motivo": 16}}, {"model": "folios.submotivo", "pk": 216, "fields": {"nombre": "Negocio û Plaza Comercial -  Mercado", "motivo": 16}}, {"model": "folios.submotivo", "pk": 217, "fields": {"nombre": "Pipa", "motivo": 16}}, {"model": "folios.submotivo", "pk": 218, "fields": {"nombre": "Quema de Basura", "motivo": 16}}, {"model": "folios.submotivo", "pk": 219, "fields": {"nombre": "Quema de Pastizal", "motivo": 16}}, {"model": "folios.submotivo", "pk": 220, "fields": {"nombre": "Transformador", "motivo": 16}}, {"model": "folios.submotivo", "pk": 221, "fields": {"nombre": "Vehículo", "motivo": 16}}, {"model": "folios.submotivo", "pk": 222, "fields": {"nombre": "Otros", "motivo": 16}}, {"model": "folios.submotivo", "pk": 223, "fields": {"nombre": "Tomó pastillas o estupefacientes", "motivo": 17}}, {"model": "folios.submotivo", "pk": 224, "fields": {"nombre": "Se arrojó  al vacío ", "motivo": 17}}, {"model": "folios.submotivo", "pk": 225, "fields": {"nombre": "Se arrojó  a las vías del metro ", "motivo": 17}}, {"model": "folios.submotivo", "pk": 226, "fields": {"nombre": "Se disparó", "motivo": 17}}, {"model": "folios.submotivo", "pk": 227, "fields": {"nombre": "Se cortó-autolesionó", "motivo": 17}}, {"model": "folios.submotivo", "pk": 228, "fields": {"nombre": "Se suspendió", "motivo": 17}}, {"model": "folios.submotivo", "pk": 229, "fields": {"nombre": "Inhalación de gas-químicos", "motivo": 17}}, {"model": "folios.submotivo", "pk": 230, "fields": {"nombre": "Otros", "motivo": 17}}, {"model": "folios.submotivo", "pk": 231, "fields": {"nombre": "Atropellado", "motivo": 18}}, {"model": "folios.submotivo", "pk": 232, "fields": {"nombre": "Caída", "motivo": 18}}, {"model": "folios.submotivo", "pk": 233, "fields": {"nombre": "Cayó de estructura o inmueble", "motivo": 18}}, {"model": "folios.submotivo", "pk": 234, "fields": {"nombre": "Electrocutado", "motivo": 18}}, {"model": "folios.submotivo", "pk": 235, "fields": {"nombre": "Por causa animal- Picadura-Mordedura", "motivo": 18}}, {"model": "folios.submotivo", "pk": 236, "fields": {"nombre": "Policía", "motivo": 18}}, {"model": "folios.submotivo", "pk": 237, "fields": {"nombre": "Por Arma Blanca", "motivo": 18}}, {"model": "folios.submotivo", "pk": 238, "fields": {"nombre": "Por Arma de Fuego", "motivo": 18}}, {"model": "folios.submotivo", "pk": 239, "fields": {"nombre": "Por Golpes-Agresión ", "motivo": 18}}, {"model": "folios.submotivo", "pk": 240, "fields": {"nombre": "Por Herramienta o Maquinaria", "motivo": 18}}, {"model": "folios.submotivo", "pk": 241, "fields": {"nombre": "Por Objeto Contuso", "motivo": 18}}, {"model": "folios.submotivo", "pk": 242, "fields": {"nombre": "Prácticas Deportivas", "motivo": 18}}, {"model": "folios.submotivo", "pk": 243, "fields": {"nombre": "Prensado", "motivo": 18}}, {"model": "folios.submotivo", "pk": 244, "fields": {"nombre": "Quemadura", "motivo": 18}}, {"model": "folios.submotivo", "pk": 245, "fields": {"nombre": "Suspendido ", "motivo": 18}}, {"model": "folios.submotivo", "pk": 246, "fields": {"nombre": "Otros", "motivo": 18}}, {"model": "folios.submotivo", "pk": 247, "fields": {"nombre": "Amenaza de Aborto", "motivo": 19}}, {"model": "folios.submotivo", "pk": 248, "fields": {"nombre": "Asfixia-Atragantamiento", "motivo": 19}}, {"model": "folios.submotivo", "pk": 249, "fields": {"nombre": "Convulsiones", "motivo": 19}}, {"model": "folios.submotivo", "pk": 250, "fields": {"nombre": "Crisis Nerviosa", "motivo": 19}}, {"model": "folios.submotivo", "pk": 251, "fields": {"nombre": "Dolor", "motivo": 19}}, {"model": "folios.submotivo", "pk": 252, "fields": {"nombre": "Enfermo", "motivo": 19}}, {"model": "folios.submotivo", "pk": 253, "fields": {"nombre": "Evento Vascular Cerebral", "motivo": 19}}, {"model": "folios.submotivo", "pk": 254, "fields": {"nombre": "Hemorragia", "motivo": 19}}, {"model": "folios.submotivo", "pk": 255, "fields": {"nombre": "Hipoglucemia", "motivo": 19}}, {"model": "folios.submotivo", "pk": 256, "fields": {"nombre": "Inconsciente", "motivo": 19}}, {"model": "folios.submotivo", "pk": 257, "fields": {"nombre": "Infarto", "motivo": 19}}, {"model": "folios.submotivo", "pk": 258, "fields": {"nombre": "Intoxicado", "motivo": 19}}, {"model": "folios.submotivo", "pk": 259, "fields": {"nombre": "Sumersión-Ahogamiento", "motivo": 19}}, {"model": "folios.submotivo", "pk": 260, "fields": {"nombre": "Trabajo de Parto - Alumbramiento", "motivo": 19}}, {"model": "folios.submotivo", "pk": 261, "fields": {"nombre": "Enfermo-Infección Respiratoria (IR)", "motivo": 19}}, {"model": "folios.submotivo", "pk": 262, "fields": {"nombre": "Enfermo-Probable COVID-Con traslado AMB", "motivo": 19}}, {"model": "folios.submotivo", "pk": 263, "fields": {"nombre": "Enfermo-Probable COVID- Se traslada por sus medios", "motivo": 19}}, {"model": "folios.submotivo", "pk": 264, "fields": {"nombre": "Enfermo Probable COVID- Hospital en casa ", "motivo": 19}}, {"model": "folios.submotivo", "pk": 265, "fields": {"nombre": "Evento en puesto de vacunación", "motivo": 19}}, {"model": "folios.submotivo", "pk": 266, "fields": {"nombre": "Probable reacción por vacunación", "motivo": 19}}, {"model": "folios.submotivo", "pk": 267, "fields": {"nombre": "Otros", "motivo": 19}}, {"model": "folios.submotivo", "pk": 268, "fields": {"nombre": "Traslado secundario", "motivo": 19}}, {"model": "folios.submotivo", "pk": 269, "fields": {"nombre": "Agradecimiento Servicio-911", "motivo": 20}}, {"model": "folios.submotivo", "pk": 270, "fields": {"nombre": "Agradecimiento Servicio-Despacho", "motivo": 20}}, {"model": "folios.submotivo", "pk": 271, "fields": {"nombre": "Apoyo a Policía", "motivo": 20}}, {"model": "folios.submotivo", "pk": 272, "fields": {"nombre": "Eventos Dentro de las Instalaciones del Metro", "motivo": 20}}, {"model": "folios.submotivo", "pk": 273, "fields": {"nombre": "Eventos Especiales", "motivo": 20}}, {"model": "folios.submotivo", "pk": 274, "fields": {"nombre": "Operativos Especiales", "motivo": 20}}, {"model": "folios.submotivo", "pk": 275, "fields": {"nombre": "Queja Contra Operador ", "motivo": 20}}, {"model": "folios.submotivo", "pk": 276, "fields": {"nombre": "Queja Contra el servicio y recursos ", "motivo": 20}}, {"model": "folios.submotivo", "pk": 277, "fields": {"nombre": "Reporte ANPR", "motivo": 20}}, {"model": "folios.submotivo", "pk": 278, "fields": {"nombre": "Falsa alarma-Botón de auxilio ", "motivo": 20}}, {"model": "folios.submotivo", "pk": 279, "fields": {"nombre": "Retención de Menores", "motivo": 21}}, {"model": "folios.submotivo", "pk": 280, "fields": {"nombre": "Secuestro", "motivo": 21}}, {"model": "folios.submotivo", "pk": 281, "fields": {"nombre": "Secuestro Express", "motivo": 21}}, {"model": "folios.submotivo", "pk": 282, "fields": {"nombre": "Otros", "motivo": 21}}, {"model": "folios.submotivo", "pk": 283, "fields": {"nombre": "A taxista", "motivo": 22}}, {"model": "folios.submotivo", "pk": 284, "fields": {"nombre": "Animales", "motivo": 22}}, {"model": "folios.submotivo", "pk": 285, "fields": {"nombre": "Auto partes", "motivo": 22}}, {"model": "folios.submotivo", "pk": 286, "fields": {"nombre": "Automovilista", "motivo": 22}}, {"model": "folios.submotivo", "pk": 287, "fields": {"nombre": "Bancos", "motivo": 22}}, {"model": "folios.submotivo", "pk": 288, "fields": {"nombre": "Bienes Gubernamentales (Coladeras, Cable)", "motivo": 22}}, {"model": "folios.submotivo", "pk": 289, "fields": {"nombre": "Cable", "motivo": 22}}, {"model": "folios.submotivo", "pk": 290, "fields": {"nombre": "Cajero Automático", "motivo": 22}}, {"model": "folios.submotivo", "pk": 291, "fields": {"nombre": "Camioneta de Valores", "motivo": 22}}, {"model": "folios.submotivo", "pk": 292, "fields": {"nombre": "Casa Habitación con Violencia", "motivo": 22}}, {"model": "folios.submotivo", "pk": 293, "fields": {"nombre": "Casa Habitación sin Violencia", "motivo": 22}}, {"model": "folios.submotivo", "pk": 294, "fields": {"nombre": "Cuentahabiente", "motivo": 22}}, {"model": "folios.submotivo", "pk": 295, "fields": {"nombre": "Escuela", "motivo": 22}}, {"model": "folios.submotivo", "pk": 296, "fields": {"nombre": "Establecimiento con Violencia", "motivo": 22}}, {"model": "folios.submotivo", "pk": 297, "fields": {"nombre": "Establecimiento sin Violencia", "motivo": 22}}, {"model": "folios.submotivo", "pk": 298, "fields": {"nombre": "Institución P·blica", "motivo": 22}}, {"model": "folios.submotivo", "pk": 299, "fields": {"nombre": "Objetos personales al interior de vehículo ", "motivo": 22}}, {"model": "folios.submotivo", "pk": 300, "fields": {"nombre": "Pasajero Transporte P·blico APP", "motivo": 22}}, {"model": "folios.submotivo", "pk": 301, "fields": {"nombre": "Pasajero Transporte P·blico M1", "motivo": 22}}, {"model": "folios.submotivo", "pk": 302, "fields": {"nombre": "Pasajero Transporte P·blico Metro", "motivo": 22}}, {"model": "folios.submotivo", "pk": 303, "fields": {"nombre": "Pasajero Transporte P·blico Metrobus", "motivo": 22}}, {"model": "folios.submotivo", "pk": 304, "fields": {"nombre": "Pasajero Transporte P·blico Microb·s-Camión", "motivo": 22}}, {"model": "folios.submotivo", "pk": 305, "fields": {"nombre": "Pasajero Transporte P·blico Mini VAN ", "motivo": 22}}, {"model": "folios.submotivo", "pk": 306, "fields": {"nombre": "Pasajero Transporte P·blico Transportes Eléctricos", "motivo": 22}}, {"model": "folios.submotivo", "pk": 307, "fields": {"nombre": "Transeúnte", "motivo": 22}}, {"model": "folios.submotivo", "pk": 308, "fields": {"nombre": "Transporte de Carga o Mercancías", "motivo": 22}}, {"model": "folios.submotivo", "pk": 309, "fields": {"nombre": "Transporte de pasajeros- Foráneo ", "motivo": 22}}, {"model": "folios.submotivo", "pk": 310, "fields": {"nombre": "Transporte P·blico Taxi", "motivo": 22}}, {"model": "folios.submotivo", "pk": 311, "fields": {"nombre": "Repartidor", "motivo": 22}}, {"model": "folios.submotivo", "pk": 312, "fields": {"nombre": "Robo a clientes en interior de negocio ", "motivo": 22}}, {"model": "folios.submotivo", "pk": 313, "fields": {"nombre": "Vehículo con Violencia", "motivo": 22}}, {"model": "folios.submotivo", "pk": 314, "fields": {"nombre": "Vehículo sin Violencia", "motivo": 22}}, {"model": "folios.submotivo", "pk": 315, "fields": {"nombre": "Intento de saqueo", "motivo": 22}}, {"model": "folios.submotivo", "pk": 316, "fields": {"nombre": "Saqueo de establecimiento ", "motivo": 22}}, {"model": "folios.submotivo", "pk": 317, "fields": {"nombre": "Otros", "motivo": 22}}, {"model": "folios.submotivo", "pk": 318, "fields": {"nombre": "Abastecimiento de agua", "motivo": 23}}, {"model": "folios.submotivo", "pk": 319, "fields": {"nombre": "Alarma Activada", "motivo": 23}}, {"model": "folios.submotivo", "pk": 320, "fields": {"nombre": "Animales Peligrosos", "motivo": 23}}, {"model": "folios.submotivo", "pk": 321, "fields": {"nombre": "Apoyo para Desalojo", "motivo": 23}}, {"model": "folios.submotivo", "pk": 322, "fields": {"nombre": "Apoyo Vial Embotellamiento", "motivo": 23}}, {"model": "folios.submotivo", "pk": 323, "fields": {"nombre": "Apoyo Vial Semáforos Descompuestos", "motivo": 23}}, {"model": "folios.submotivo", "pk": 324, "fields": {"nombre": "Baches", "motivo": 23}}, {"model": "folios.submotivo", "pk": 325, "fields": {"nombre": "Coladera o Registro sin Tapa", "motivo": 23}}, {"model": "folios.submotivo", "pk": 326, "fields": {"nombre": "Corto Cables - Transformador", "motivo": 23}}, {"model": "folios.submotivo", "pk": 327, "fields": {"nombre": "Corto Circuito instalación o subestación eléctrica", "motivo": 23}}, {"model": "folios.submotivo", "pk": 328, "fields": {"nombre": "Denuncia Profeco", "motivo": 23}}, {"model": "folios.submotivo", "pk": 329, "fields": {"nombre": "Desalojo Simulacro", "motivo": 23}}, {"model": "folios.submotivo", "pk": 330, "fields": {"nombre": "Enjambre", "motivo": 23}}, {"model": "folios.submotivo", "pk": 331, "fields": {"nombre": "Entrevista Ciudadana", "motivo": 23}}, {"model": "folios.submotivo", "pk": 332, "fields": {"nombre": "Falla en STV o marco ANPR", "motivo": 23}}, {"model": "folios.submotivo", "pk": 333, "fields": {"nombre": "Falta de Agua", "motivo": 23}}, {"model": "folios.submotivo", "pk": 334, "fields": {"nombre": "Menor extraviado ", "motivo": 23}}, {"model": "folios.submotivo", "pk": 335, "fields": {"nombre": "Peregrinación", "motivo": 23}}, {"model": "folios.submotivo", "pk": 336, "fields": {"nombre": "Persona Extraviada", "motivo": 23}}, {"model": "folios.submotivo", "pk": 337, "fields": {"nombre": "Persona Extraviada en zona boscosa", "motivo": 23}}, {"model": "folios.submotivo", "pk": 338, "fields": {"nombre": "Reporte de Vehículo Vía GPS ", "motivo": 23}}, {"model": "folios.submotivo", "pk": 339, "fields": {"nombre": "Reporte de Vehículo Vía Radio", "motivo": 23}}, {"model": "folios.submotivo", "pk": 340, "fields": {"nombre": "Reporte de Vehículo vía Radio Estado de México", "motivo": 23}}, {"model": "folios.submotivo", "pk": 341, "fields": {"nombre": "Transporte de Carga Fuera de Horario", "motivo": 23}}, {"model": "folios.submotivo", "pk": 342, "fields": {"nombre": "Simulacro", "motivo": 23}}, {"model": "folios.submotivo", "pk": 343, "fields": {"nombre": "Solicitud de Escolta", "motivo": 23}}, {"model": "folios.submotivo", "pk": 344, "fields": {"nombre": "Vehículo Chatarra", "motivo": 23}}, {"model": "folios.submotivo", "pk": 345, "fields": {"nombre": "Vehículo Descompuesto", "motivo": 23}}, {"model": "folios.submotivo", "pk": 346, "fields": {"nombre": "Vehículo Obstruyendo", "motivo": 23}}, {"model": "folios.submotivo", "pk": 347, "fields": {"nombre": "Vehículo Recuperado-Localizado", "motivo": 23}}, {"model": "folios.submotivo", "pk": 348, "fields": {"nombre": "911 CDMX - Llamada Silenciosa", "motivo": 23}}, {"model": "folios.submotivo", "pk": 349, "fields": {"nombre": "Sanitización de domicilio-inmueble ", "motivo": 23}}, {"model": "folios.submotivo", "pk": 350, "fields": {"nombre": "Traslado Interhospitalario ", "motivo": 23}}, {"model": "folios.submotivo", "pk": 351, "fields": {"nombre": "Alerta Activada - Transporte P·blico ORT", "motivo": 23}}, {"model": "folios.submotivo", "pk": 352, "fields": {"nombre": "Alerta Activada - UBER", "motivo": 23}}, {"model": "folios.submotivo", "pk": 353, "fields": {"nombre": "Servicios-comisión para ERUM", "motivo": 23}}, {"model": "folios.submotivo", "pk": 354, "fields": {"nombre": "Alarma Activada - SEPROBAN", "motivo": 23}}, {"model": "folios.submotivo", "pk": 355, "fields": {"nombre": "Solicitud de rescate fauna silvestre-doméstica", "motivo": 23}}, {"model": "folios.submotivo", "pk": 356, "fields": {"nombre": "Reporte-Queja de servicio del STCM", "motivo": 23}}, {"model": "folios.submotivo", "pk": 357, "fields": {"nombre": "Otros", "motivo": 23}}, {"model": "folios.submotivo", "pk": 358, "fields": {"nombre": "Abuso", "motivo": 24}}, {"model": "folios.submotivo", "pk": 359, "fields": {"nombre": "Acoso", "motivo": 24}}, {"model": "folios.submotivo", "pk": 360, "fields": {"nombre": "Acoso en transporte p·blico", "motivo": 24}}, {"model": "folios.submotivo", "pk": 361, "fields": {"nombre": "Violación", "motivo": 24}}, {"model": "folios.submotivo", "pk": 362, "fields": {"nombre": "Otros", "motivo": 24}}, {"model": "folios.submotivo", "pk": 363, "fields": {"nombre": "Agrietamiento", "motivo": 25}}, {"model": "folios.submotivo", "pk": 364, "fields": {"nombre": "Caída de ┴rbol", "motivo": 25}}, {"model": "folios.submotivo", "pk": 365, "fields": {"nombre": "Caída de Anuncio espectacular", "motivo": 25}}, {"model": "folios.submotivo", "pk": 366, "fields": {"nombre": "Caída de Cables", "motivo": 25}}, {"model": "folios.submotivo", "pk": 367, "fields": {"nombre": "Caída de Barda", "motivo": 25}}, {"model": "folios.submotivo", "pk": 368, "fields": {"nombre": "Caída de Poste", "motivo": 25}}, {"model": "folios.submotivo", "pk": 369, "fields": {"nombre": "Choque con Lesionados", "motivo": 25}}, {"model": "folios.submotivo", "pk": 370, "fields": {"nombre": "Colapso de puente vehicular-peatonal", "motivo": 25}}, {"model": "folios.submotivo", "pk": 371, "fields": {"nombre": "Daños a STV", "motivo": 25}}, {"model": "folios.submotivo", "pk": 372, "fields": {"nombre": "Derrumbe", "motivo": 25}}, {"model": "folios.submotivo", "pk": 373, "fields": {"nombre": "Desborde-Canal-Rio-Presa", "motivo": 25}}, {"model": "folios.submotivo", "pk": 374, "fields": {"nombre": "Deslave", "motivo": 25}}, {"model": "folios.submotivo", "pk": 375, "fields": {"nombre": "Estructura en Riesgo de Colapso", "motivo": 25}}, {"model": "folios.submotivo", "pk": 376, "fields": {"nombre": "Evacuación", "motivo": 25}}, {"model": "folios.submotivo", "pk": 377, "fields": {"nombre": "Evaluación-Casa Habitación", "motivo": 25}}, {"model": "folios.submotivo", "pk": 378, "fields": {"nombre": "Evaluación-Edificio ", "motivo": 25}}, {"model": "folios.submotivo", "pk": 379, "fields": {"nombre": "Evaluación- Edificio de Gobierno", "motivo": 25}}, {"model": "folios.submotivo", "pk": 380, "fields": {"nombre": "Evaluación-Escuela ", "motivo": 25}}, {"model": "folios.submotivo", "pk": 381, "fields": {"nombre": "Evaluación-Unidad Habitacional", "motivo": 25}}, {"model": "folios.submotivo", "pk": 382, "fields": {"nombre": "Explosión", "motivo": 25}}, {"model": "folios.submotivo", "pk": 383, "fields": {"nombre": "Explosión Transformador", "motivo": 25}}, {"model": "folios.submotivo", "pk": 384, "fields": {"nombre": "Falta energía Eléctrica ", "motivo": 25}}, {"model": "folios.submotivo", "pk": 385, "fields": {"nombre": "Fuga de Agua", "motivo": 25}}, {"model": "folios.submotivo", "pk": 386, "fields": {"nombre": "Fuga de Combustible ", "motivo": 25}}, {"model": "folios.submotivo", "pk": 387, "fields": {"nombre": "Fuga de Gas", "motivo": 25}}, {"model": "folios.submotivo", "pk": 388, "fields": {"nombre": "Fuga de Gas Natural", "motivo": 25}}, {"model": "folios.submotivo", "pk": 389, "fields": {"nombre": "Hundimiento", "motivo": 25}}, {"model": "folios.submotivo", "pk": 390, "fields": {"nombre": "Incendio", "motivo": 25}}, {"model": "folios.submotivo", "pk": 391, "fields": {"nombre": "Percepción de sismo (baja intensidad) ", "motivo": 25}}, {"model": "folios.submotivo", "pk": 392, "fields": {"nombre": "Persona Atrapada", "motivo": 25}}, {"model": "folios.submotivo", "pk": 393, "fields": {"nombre": "Persona atrapada-Elevador", "motivo": 25}}, {"model": "folios.submotivo", "pk": 394, "fields": {"nombre": "Persona atrapada-Escombros", "motivo": 25}}, {"model": "folios.submotivo", "pk": 395, "fields": {"nombre": "Persona Atropellada ", "motivo": 25}}, {"model": "folios.submotivo", "pk": 396, "fields": {"nombre": "Persona en crisis nerviosa", "motivo": 25}}, {"model": "folios.submotivo", "pk": 397, "fields": {"nombre": "Persona Lesionada", "motivo": 25}}, {"model": "folios.submotivo", "pk": 398, "fields": {"nombre": "Poste o árbol Ladeado", "motivo": 25}}, {"model": "folios.submotivo", "pk": 399, "fields": {"nombre": "Se arrojó al vacío", "motivo": 25}}, {"model": "folios.submotivo", "pk": 400, "fields": {"nombre": "Socavón", "motivo": 25}}, {"model": "folios.submotivo", "pk": 401, "fields": {"nombre": "Otros", "motivo": 25}}, {"model": "folios.submotivo", "pk": 402, "fields": {"nombre": "Inconsciente ", "motivo": 25}}, {"model": "folios.submotivo", "pk": 403, "fields": {"nombre": "Atragantamiento-Asfixia ", "motivo": 25}}, {"model": "folios.submotivo", "pk": 404, "fields": {"nombre": "Infarto ", "motivo": 25}}, {"model": "folios.submotivo", "pk": 405, "fields": {"nombre": "Enfermo", "motivo": 25}}, {"model": "folios.submotivo", "pk": 406, "fields": {"nombre": "Amenza de muerte ", "motivo": 26}}, {"model": "folios.submotivo", "pk": 407, "fields": {"nombre": "Privación de la libertad ", "motivo": 26}}, {"model": "folios.submotivo", "pk": 408, "fields": {"nombre": "Agresión física en proceso ", "motivo": 26}}, {"model": "folios.submotivo", "pk": 409, "fields": {"nombre": "Denuncia de agresión y maltrato (No en proceso)", "motivo": 26}}, {"model": "folios.submotivo", "pk": 410, "fields": {"nombre": "Solicitud de información y orientación ", "motivo": 26}}, {"model": "folios.submotivo", "pk": 411, "fields": {"nombre": "Tm-Inconsciente", "motivo": 27}}, {"model": "folios.submotivo", "pk": 412, "fields": {"nombre": "Tm-Insuficiencia respiratoria", "motivo": 27}}, {"model": "folios.submotivo", "pk": 413, "fields": {"nombre": "Tm-Atragantamiento", "motivo": 27}}, {"model": "folios.submotivo", "pk": 414, "fields": {"nombre": "Tm-Trabajo de parto", "motivo": 27}}, {"model": "folios.submotivo", "pk": 415, "fields": {"nombre": "Tm-Estado de choque", "motivo": 27}}, {"model": "folios.submotivo", "pk": 416, "fields": {"nombre": "Tm-Hipoglicemia severa", "motivo": 27}}, {"model": "folios.submotivo", "pk": 417, "fields": {"nombre": "Tm-Estatus epiléptico", "motivo": 27}}, {"model": "folios.submotivo", "pk": 418, "fields": {"nombre": "Tm-SICA", "motivo": 27}}, {"model": "folios.submotivo", "pk": 419, "fields": {"nombre": "Tm-EVC", "motivo": 27}}, {"model": "folios.submotivo", "pk": 420, "fields": {"nombre": "Tm-Aborto", "motivo": 27}}, {"model": "folios.submotivo", "pk": 421, "fields": {"nombre": "Tm-parto fortuito", "motivo": 27}}, {"model": "folios.submotivo", "pk": 422, "fields": {"nombre": "Tm-COVID grave", "motivo": 27}}, {"model": "folios.submotivo", "pk": 423, "fields": {"nombre": "Tm-Preclampsia/eclampsia", "motivo": 27}}, {"model": "folios.submotivo", "pk": 424, "fields": {"nombre": "Tm-Paro cardiorespiratorio", "motivo": 27}}, {"model": "folios.submotivo", "pk": 425, "fields": {"nombre": "Tm-Inconsciente vía p·blica", "motivo": 27}}, {"model": "folios.submotivo", "pk": 426, "fields": {"nombre": "Tm-Hipoglicemia sintomática ", "motivo": 27}}, {"model": "folios.submotivo", "pk": 427, "fields": {"nombre": "Tm-Alteración del estado de alerta", "motivo": 27}}, {"model": "folios.submotivo", "pk": 428, "fields": {"nombre": "Tm-Amenaza de aborto", "motivo": 27}}, {"model": "folios.submotivo", "pk": 429, "fields": {"nombre": "Tm-SX doloroso abdominal", "motivo": 27}}, {"model": "folios.submotivo", "pk": 430, "fields": {"nombre": "Tm-Dolor", "motivo": 27}}, {"model": "folios.submotivo", "pk": 431, "fields": {"nombre": "Tm-Convulsiones", "motivo": 27}}, {"model": "folios.submotivo", "pk": 432, "fields": {"nombre": "Tm-Intoxicado por sustancias", "motivo": 27}}, {"model": "folios.submotivo", "pk": 433, "fields": {"nombre": "Tm-Médicos/otros", "motivo": 27}}, {"model": "folios.submotivo", "pk": 434, "fields": {"nombre": "Tm-Radio/inconsciente", "motivo": 27}}, {"model": "folios.submotivo", "pk": 435, "fields": {"nombre": "Tm-Radio/consciente", "motivo": 27}}, {"model": "folios.submotivo", "pk": 436, "fields": {"nombre": "Tm-Bp-inconsciente", "motivo": 27}}, {"model": "folios.submotivo", "pk": 437, "fields": {"nombre": "Tm-Bp-consciente", "motivo": 27}}, {"model": "folios.submotivo", "pk": 438, "fields": {"nombre": "Tm-Otros", "motivo": 27}}, {"model": "folios.submotivo", "pk": 439, "fields": {"nombre": "Transferencia a Locatel-Médico", "motivo": 28}}, {"model": "folios.submotivo", "pk": 440, "fields": {"nombre": "Transferencia a Locatel-Jurídico", "motivo": 28}}, {"model": "folios.submotivo", "pk": 441, "fields": {"nombre": "Transferencia a Locatel-Psicológico", "motivo": 28}}, {"model": "folios.submotivo", "pk": 442, "fields": {"nombre": "SUSTANCIA O MATERIAL EN PAVIMENTO", "motivo": 11}}, {"model": "folios.folio", "pk": 1, "fields": {"creador": 5, "folio_id": "C5/20231004/00826", "motivo": 256, "usuario": "911", "descripcion": "Reporta denunciante que en el lugar se encuentra un masculino de aproximadamente 50 años inconsciente sobre la banqueta, se coordina con la unidad del cuadrante llegando la MX034C1 la cual confirma los hechos y solicita el apoyo de la unidad Medica en espera de datos complementarios, no se cuenta con imagen del lugar", "fecha": "2023-10-04", "hora": "09:40:02", "ubicacion": 937}}, {"model": "folios.folio", "pk": 2, "fields": {"creador": 4, "folio_id": "C5/20231004/00750", "motivo": 323, "usuario": "@YettyRuda", "descripcion": "Estimado  @C5_CDMX  @OVIALCDMX  se cayó el semáforo de calzada de las brujas esquina miramontes el de LUMEN el semáforo está en la banqueta", "fecha": "2023-10-04", "hora": "07:35:00", "ubicacion": 897}}, {"model": "folios.folio", "pk": 3, "fields": {"creador": 4, "folio_id": "C5/20231004/02004", "motivo": 91, "usuario": "@nancyMa01134995", "descripcion": "Hay unos cables colgados en Loma de Vista Hermosa 105, Lomas de Vista Hermosa, Cuajimalpa de Morelos, 05100 Ciudad de México, CDMX Se desconoce de que son o si tienen luz pero pueden provocar un accidente", "fecha": "2023-10-04", "hora": "13:00:00", "ubicacion": 586}}, {"model": "folios.folio", "pk": 4, "fields": {"creador": 9, "folio_id": "C5/20230510/01239", "motivo": 317, "usuario": "User", "descripcion": "\"✿.｡.:* ☆:**:. ASISTENCIA CIUDADANA CDMX .:**:.☆*.:\r\n@Picos6b\r\n·\r\n8min\r\nNos apoyan en Calle Emiliana Zapata 33 col Ferrería, Azcapotzalco, ya que nos cometieron un robo con arma, estamos aquí en epunto. @C5_CDMX\r\n @UCS_GCDMX\"", "fecha": "2023-05-05", "hora": "17:31:15", "ubicacion": 543}}, {"model": "folios.folio", "pk": 5, "fields": {"creador": 14, "folio_id": "C5/20231005/02062", "motivo": 330, "usuario": "lriveras", "descripcion": "@C5_CDMX\r\n \r\n@UCS_GCDMX\r\n Buen día, envío reporte por un panal de avispas, en una unidad habitacional y enfrente de una escuela primaria. Por favor, apoyo para retirarlo. Está ubicado en Calle uno, num. 31, col. Pantitlán, 08100, Iztacalco. Gracias", "fecha": "2023-10-05", "hora": "12:51:00", "ubicacion": 1236}}, {"model": "folios.folio", "pk": 6, "fields": {"creador": 14, "folio_id": "C5/20231005/02302", "motivo": 231, "usuario": "lriveras", "descripcion": "Persona atropella en calle Genaro Gómez y Francisco mujica\r\nCañada 2da Secc, Álvaro Obregón, 01269 Ciudad de México, CDMX", "fecha": "2023-10-05", "hora": "13:45:00", "ubicacion": 451}}, {"model": "folios.folio", "pk": 7, "fields": {"creador": 14, "folio_id": "C5/20231005/03694", "motivo": 42, "usuario": "lriveras", "descripcion": "Buna tarde para tonala esquina zacatecas colonia roma hombre golpeando mujer joven al 27 años short negro tenis blanco muje cabello rojo con lentes al momento por reporte\r\nreferencia super farma todo esquina\r\nsi es posible indica usuario por monitoreo gracias", "fecha": "2023-10-05", "hora": "17:47:00", "ubicacion": 1042}}, {"model": "folios.folio", "pk": 8, "fields": {"creador": 14, "folio_id": "C5/20231007/02267", "motivo": 91, "usuario": "lriveras", "descripcion": "Podría apoyarnos con éste cable colgante sobre Cerca de Miguel Ocaranza esquina Luis alconedo , Merced Gómez, Álvaro Obregón, 01600 Ciudad de México, CDMX\r\nUn motociclista casi sufre un accidente", "fecha": "2023-10-07", "hora": "10:21:00", "ubicacion": 380}}, {"model": "folios.folio", "pk": 9, "fields": {"creador": 14, "folio_id": "C5/20231007/03422", "motivo": 29, "usuario": "lriveras", "descripcion": "Hola oye puedes levantar un folio porque están tomando en vía pública por fa\r\nLa dirección esl aponecas esquina con Av del.imán alcaldía coyacán\r\nSí están fuera de una tienda en frente y hay un coche blanco pequeño", "fecha": "2023-10-07", "hora": "14:59:00", "ubicacion": 799}}, {"model": "folios.folio", "pk": 10, "fields": {"creador": 9, "folio_id": "C5/20231010/01904", "motivo": null, "usuario": "User", "descripcion": "Me apoyan con una medica para salamanca y oaxaca por persona atropellada esto en la \r\n@AlcCuauhtemocMx\r\n  \r\n@C5_CDMX\r\n@UCS_GCDMX\r\n@SSC_CDMX\r\n@CruzRoja_CDMX", "fecha": "2023-10-10", "hora": "14:00:09", "ubicacion": 1042}}, {"model": "folios.folio", "pk": 11, "fields": {"creador": 9, "folio_id": "C5/20231010/02020", "motivo": 72, "usuario": "User", "descripcion": "\"Cadaver Av. 20 de Noviembre}Centro Histórico #CDMX \r\n@UCS_GCDMX\"", "fecha": "2023-10-10", "hora": "14:19:59", "ubicacion": 1014}}, {"model": "folios.folio", "pk": 12, "fields": {"creador": 4, "folio_id": "C5/20231008/03285", "motivo": 257, "usuario": "@Pretor666", "descripcion": "\"@C5_CDMX  @UCS_GCDMX \r\nReportan una femina de la tercera edad con aparentes sintomas de infarto en calle retorno 2 de sur 20 en el No. 22 de la Col\r\nAgricola Oriental en iztacalco, solicitan una ambulancia en el lugar.\"", "fecha": "2023-10-08", "hora": "14:00:00", "ubicacion": 1233}}, {"model": "folios.folio", "pk": 13, "fields": {"creador": 4, "folio_id": "C5/20231010/04079", "motivo": 222, "usuario": "@060EMERGENCIAS", "descripcion": "\"Buena Noche eje central esquina organo col centro\r\nsolicitan bomberos indican que prendieron algo y se esta extendiend indican que es una fogata pero se estendio mucho\r\nsolo con un extintor de alguna unidad ssc\"", "fecha": "2023-10-10", "hora": "21:50:00", "ubicacion": 1017}}, {"model": "folios.folio", "pk": 14, "fields": {"creador": 14, "folio_id": "C5/20231011/01838", "motivo": 14, "usuario": "lriveras", "descripcion": "Buenas tardes. Alc. Tlalpan, Calz. De Tlalpan y Huipulco, Col. Toriello Guerra; reportan Z5 de unidad de patrulla del sector Xotepingo, unidad de SSC de la policía penitenciaría, Z6 particular y un camión. Solicitan K8 de servicios de emergencia.\r\nSin mayor información.", "fecha": "2023-10-11", "hora": "12:41:00", "ubicacion": 982}}, {"model": "folios.folio", "pk": 15, "fields": {"creador": 11, "folio_id": "C5/20231011/03721", "motivo": 232, "usuario": "@060EMERGENCIAS", "descripcion": "Buena Noche Fuera de la alcaldia benito Juarez\r\nImagen\r\nImagen\r\nFemina por caida y sangrado", "fecha": "2023-10-11", "hora": "19:58:00", "ubicacion": 712}}, {"model": "folios.folio", "pk": 16, "fields": {"creador": 12, "folio_id": "C5/20231013/02394", "motivo": 232, "usuario": "@JrnrvRivera", "descripcion": "\"P.D.M.CDMX\r\n@JrnrvRivera\r\nUna médica en Rancho el saulce 24 col prado Coapa 1seccion 14350 Cp\r\nEntre Rancho jiguingo y rancho vergel se callo una persona de la tercera edad está desvanecida en el suelo \r\n@C5_CDMX\r\n \r\n@UCS_GCDMX\"", "fecha": "2023-10-13", "hora": "13:41:24", "ubicacion": 896}}, {"model": "folios.folio", "pk": 17, "fields": {"creador": 4, "folio_id": "C5/20231014/05842", "motivo": 28, "usuario": "@EstrellaLuntic2", "descripcion": "Me apoyan en degollado y Soto personas tomando y ingeriendo droga y asaltando en los baños Urge por favor gracias Colonia guerrero Alcaldía cuhautemo Urge por favor drogaron a un amigo y está.iy mal", "fecha": "2023-10-14", "hora": "23:50:00", "ubicacion": 1017}}, {"model": "folios.folio", "pk": 18, "fields": {"creador": 9, "folio_id": "C5/20231016/01937", "motivo": 414, "usuario": "\"@rickisabanero ·\"", "descripcion": "\"@UCS_GCDMX\r\n \r\n@C5_CDMX\r\n se solicita servicios médicos en la esquina de Balderas y Av. Arcos de Belén Alc. Cuauhtémoc, frente al Banamex femenina con posible labor de parto. Están dos chicas de tránsito apoyando.\"", "fecha": "2023-10-16", "hora": "14:04:43", "ubicacion": 1026}}, {"model": "folios.folio", "pk": 19, "fields": {"creador": 14, "folio_id": "C5/20231018/03729", "motivo": 331, "usuario": "@RescateRiaz", "descripcion": "Buenas noches nos apoyan con una patrulla por un persona extraviada Masculino de la tercera edad \r\n\r\npara la Calle Comonfort calle  porfirio díaz barrio San Lucas Iztapalapa \r\n\r\nDe favor el apoyo\r\nEl nombre de la persona es José de Jesús Martínez\r\nAhia están los vecinos en espera de la unidad", "fecha": "2023-10-18", "hora": "08:21:00", "ubicacion": 1324}}, {"model": "folios.folio", "pk": 20, "fields": {"creador": 14, "folio_id": "C5/20231018/04513", "motivo": 293, "usuario": "@RescateRiaz", "descripcion": "Me apoyan con una patrulla\r\nNos reportan unas personas que se metieron a Robar a casa habitación \r\n\r\n1 cda camino viejo #38 a Mixcoac entre tlaltenpan y tianquiscoapan en Álvaro Obregón", "fecha": "2023-10-18", "hora": "22:55:00", "ubicacion": 335}}, {"model": "folios.folio", "pk": 21, "fields": {"creador": 14, "folio_id": "C5/20231019/00615", "motivo": 119, "usuario": "@AlanCastillo080", "descripcion": "@C5_CDMX\r\n persona en riesgo sentada sobre el arroyo vehicular no se alcanza a ver es un joven, en la esquina de Av Javier rojo Gómez y av. Canal del moran, col. Guadalupe del moral.", "fecha": "2023-10-19", "hora": "05:47:00", "ubicacion": 112}}, {"model": "folios.folio", "pk": 22, "fields": {"creador": 11, "folio_id": "C5/20231019/04460", "motivo": 40, "usuario": "@RescateRiaz", "descripcion": "\"Me apoyan con una patrulla\r\n\r\nPara la China entre Cairo y Marruecos colonia Romero Rubio \r\n\r\nNos reportan a varios masculinos afuera de un domicilio \r\nTomando y orinando ya que no dejan salir alas  personas de la casa \r\n\r\nAlparcer el vehículo Chevy es del Gobierno\"", "fecha": "2023-10-19", "hora": "22:00:00", "ubicacion": 1312}}, {"model": "folios.folio", "pk": 23, "fields": {"creador": 9, "folio_id": "C5/20231020/05515", "motivo": 12, "usuario": "user", "descripcion": "\"@C5_CDMX @UCS_GCDMX\r\nBuenas noches jefes, me apoyan con médica para valoración de conductor en Calz. Ignacio Zaragoza 1427 y Cerrada Santa Teresa , Tepalcates, Iztapalapa, 09210 Ciudad de México, CDMX\"", "fecha": "2023-10-20", "hora": "23:52:14", "ubicacion": 73}}, {"model": "folios.folio", "pk": 24, "fields": {"creador": 9, "folio_id": "C5/20231021/00167", "motivo": 18, "usuario": "User", "descripcion": "@UCS_GCDMX\r\n solicitan una medica por axidente en plaza IKEA Eje Vial 3 Sur, Dr. Ignacio Morones Prieto 368, Buenos Aires, Cuauhtémoc, 06780 Ciudad de México, CDMX, México\r\naparecer caída de moto\r\n@C5_CDMX", "fecha": "2023-10-21", "hora": "00:28:11", "ubicacion": 1025}}, {"model": "folios.folio", "pk": 25, "fields": {"creador": 9, "folio_id": "C5/20231021/00658", "motivo": 12, "usuario": "User", "descripcion": "Gabriel mancera esq eje 8 choque con lesionados solicitan apoyo gracias", "fecha": "2023-10-21", "hora": "01:54:16", "ubicacion": 710}}, {"model": "folios.folio", "pk": 26, "fields": {"creador": 4, "folio_id": "C5/20231021/03078", "motivo": 103, "usuario": "@Miguel_fckr", "descripcion": "\"@AlcaldiaAO @C5_CDMX   urge que vengan a revisar este poste de luz, un camión que no cabía en estas calles intento pasar a fuerza y destrozó un poste principal de luz.\r\nCalle pte 83 y sur 116 Cove.\"", "fecha": "2023-10-21", "hora": "14:53:18", "ubicacion": 355}}, {"model": "folios.folio", "pk": 27, "fields": {"creador": 4, "folio_id": "C5/20231021/03155", "motivo": 246, "usuario": "@itzamna1091", "descripcion": "\"@C5_CDMX  @Bomberos_CDMX @MetrobusCDMX\r\n Hay un señor en situación de calle en el pasillo de la entrada de la estación Revolución, línea 1. Tiene una clara desluxacion de muñeca y quizá fractura. Lo podrían auxiliar? Está ahí desde la mañana\"", "fecha": "2023-10-21", "hora": "14:54:17", "ubicacion": 1033}}, {"model": "folios.folio", "pk": 28, "fields": {"creador": 11, "folio_id": "C5/20231021/04638", "motivo": 18, "usuario": "@codigorojoj", "descripcion": "\"Águila 1 Base Inteligencia\r\n@codigorojoj\r\n@C5_CDMX\r\n @OVIALCDMX\r\n @UCS_GCDMX\r\n Motocicleta derrapada sobre carriles centrales de la Calzada Zaragoza dirección Puebla antes del Metro Guelatao se requiere médica y patrulla de favor\"", "fecha": "2023-10-21", "hora": "19:57:00", "ubicacion": 122}}, {"model": "folios.folio", "pk": 29, "fields": {"creador": 11, "folio_id": "C5/20231022/01559", "motivo": 169, "usuario": "@kiwipsdpo", "descripcion": "\"Se esta presentando una riña\r\nEn azafran 463 col granjas mexico son como 15 tipos drogados\r\nLlego un coche blanco y es contra ellos\"", "fecha": "2023-10-22", "hora": "03:35:00", "ubicacion": 1251}}, {"model": "folios.folio", "pk": 30, "fields": {"creador": 14, "folio_id": "C5/20231023/02483", "motivo": 232, "usuario": "@Ricardo11610640", "descripcion": "@UCS_GCDMX\r\n desde hace más de 40 min se solicito una ambulancia dentro del centro comercial San Jerónimo en periférico sur y San Jerónimo y no llega nadie, tenemos una persona de la tercera edad con golpe fuerte en la cabeza ya le brindamos apoyo espero respuesta", "fecha": "2023-10-23", "hora": "14:26:00", "ubicacion": 411}}, {"model": "folios.folio", "pk": 31, "fields": {"creador": 14, "folio_id": "C5/20231024/01721", "motivo": 331, "usuario": "@CanalizacionC", "descripcion": "Buenas tardes. Alc. Iztapalapa, Orio #10 y Lebrija, Col. Cerro de la Estrella; solicitan unidad de patrulla para entrevista ciudadana por un X2 menor de 14 años que no encuentran.", "fecha": "2023-10-24", "hora": "12:49:00", "ubicacion": 166}}, {"model": "folios.folio", "pk": 32, "fields": {"creador": 4, "folio_id": "C5/20231024/03814", "motivo": 28, "usuario": "@Sandr868", "descripcion": "\"Buena noche \r\nMe podrían con una patrulla por favor\r\nSur 179 entre Oriente 106 y cerca de avenida del Recreo, afuera de un domicilio color café Ramos Millan Iztacalco\r\nHay un individuo bajándose el pantalón cada que pasa una muchacha o niña\r\nOfrece drogas\r\nY pide dinero\r\nVestimenta oscura y sombrero negro\r\nCerca de una moto y carro rojo\"", "fecha": "2023-10-24", "hora": "20:53:00", "ubicacion": 1256}}, {"model": "folios.folio", "pk": 33, "fields": {"creador": 4, "folio_id": "C5/20231024/03908", "motivo": 40, "usuario": "@CoordinacionARC", "descripcion": "Jefes buenas noches podrían apoyarnos con una ssc reportan un masculino agrediendo a una mujer y un menor en la calle de Bilbao entre calle 11 y avenida san Lorenzo en la colonia cerro de la estrella en Iztapalapa por favor", "fecha": "2023-10-24", "hora": "21:04:28", "ubicacion": 160}}, {"model": "folios.folio", "pk": 34, "fields": {"creador": 9, "folio_id": "C5/20231025/02722", "motivo": 12, "usuario": "User", "descripcion": "Buenas tardes. Alc. AZC, Calz. San Isidro #660 y Francisco I. Madero, Col. San Pedro Xalpa; reportan Z5, al parecer con Z2, entre unidad de transporte público y Z6 particular que se sube a la baqueta. Solicitan K8 de servicios de emergencia.", "fecha": "2023-10-25", "hora": "16:25:55", "ubicacion": 468}}, {"model": "folios.folio", "pk": 35, "fields": {"creador": 11, "folio_id": "C5/20231025/03332", "motivo": 231, "usuario": "C5/20231025/04214", "descripcion": "Sobre avenida 8 y calle 43 un peatón atropellado por un motociclista Col Ignacio Zaragoza venustiano carranza", "fecha": "2023-10-25", "hora": "18:54:00", "ubicacion": 1316}}, {"model": "folios.folio", "pk": 36, "fields": {"creador": 11, "folio_id": "C5/20231025/04214", "motivo": 135, "usuario": "@SSEM37201890", "descripcion": "\"SSEM\r\n@SSEM37201890\r\n@C5_CDMX\r\n C5 buenas noches me podías apoyar con una patrulla ay sujetos sospechosos en la calle fumando marihuana vienen en un carro azul rio neva 97 col doctores cuactemoc esquina más próxima dr norma\r\n10:10 p. m. · 25 oct. 2023\r\n·\r\n16\r\n Reproducciones\r\nC5 CDMX\r\n\r\n\"", "fecha": "2023-10-25", "hora": "22:19:00", "ubicacion": 1027}}, {"model": "folios.folio", "pk": 37, "fields": {"creador": 12, "folio_id": "C5/20231027/01162", "motivo": 14, "usuario": "@ramon_sanluis", "descripcion": "\"Ramon Sanluis\r\n\r\n🟥 ACCIDENTE CON RIÑA 🟥\r\n\r\n@C5_CDMX\r\n \r\n@UCS_GCDMX\r\n Buenos días jefes me apoyan con unidad del sector por favor, tenemos un accidente entre particulares con riña. Ubicación Miguel Negrete 94 y ramos millán, Col. Niños Héroes de Chapultepec, Niños Héroes, Benito Juárez, 03440, CDMX\"\t\t\t\tNiños héroes\t\tChoque sin lesionados", "fecha": "2023-10-27", "hora": "10:10:30", "ubicacion": 737}}, {"model": "folios.folio", "pk": 38, "fields": {"creador": 12, "folio_id": "C5/20231027/01334", "motivo": 119, "usuario": "@VioleValerio", "descripcion": "\"\r\nViole\r\n\r\nPersonas extraviada, parece drogado, la patrulla nos dice que no se lo puede llevar. Refiere llamarse David Vellot Aguilar y vivir en Narciso Mendoza 155, #Nezahualcoyotl \r\n@AlcaldiaMHmx\r\n  alguien que sí pueda ayudar? Esta sobre Horacio y Vázquez de Mella, en Polanco\"\t\t\t\tPolanco 1a secc\t\tpersona en riesgo", "fecha": "2023-10-27", "hora": "10:13:27", "ubicacion": 646}}, {"model": "folios.folio", "pk": 39, "fields": {"creador": 12, "folio_id": "C5/20231027/02482", "motivo": 331, "usuario": "@yinmadvolt", "descripcion": "coomo estan disculpen, acabo de ser victima de un robo. en mi domicilio seria tan amable porfavor de darme atencion para dar con los delincuentes?\tC5/20231027/02482\t\t\tReforma Iztacíhuatl \r\n\r\nMathd Oficial <yinmadvolt@gmail.com>norte\t\tentrevista ciudadana", "fecha": "2023-10-27", "hora": "17:42:29", "ubicacion": 1227}}, {"model": "folios.folio", "pk": 40, "fields": {"creador": 4, "folio_id": "C5/20231028/05438", "motivo": 231, "usuario": "@CanalizacionC", "descripcion": "Alc. Miguel Hidalgo, Av. Paseo de la Reforma y Av. Arquímedes, Col. Bosque de Chapultepec; reportan Z3 con lesión en cervicales y de la columna hasta la pelvis. Solicitan K8 de UM personal primer contacto de Cruz Roja.", "fecha": "2023-10-28", "hora": "21:10:36", "ubicacion": 643}}, {"model": "folios.folio", "pk": 41, "fields": {"creador": 4, "folio_id": "C5/20231029/01804", "motivo": 14, "usuario": "@ViRiSbOmBoM", "descripcion": "@SSC_CDMX\r\n \r\n@C5_CDMX\r\n Por favor apoyo en Andalucía303 Col.Álamos,Benito Juárez, \r\n@BJAlcaldia\r\n en este momento un coche se dio a la fuga justo cuando impacto muy fuerte a nuestro vehiculo qué estaba estacionado fuera de casa, lo destrozaron y lo subieron a la banqueta.\r\nApoyo porfavor!", "fecha": "2023-10-29", "hora": "05:11:25", "ubicacion": 728}}, {"model": "folios.folio", "pk": 42, "fields": {"creador": 5, "folio_id": "C5/20231029/03299", "motivo": 300, "usuario": "9-1-1", "descripcion": "Hechos: Refiere denunciante que los hechos hace 40 minutos, siendo dos masculinos los responsables, lesionando con un arma blanca a una  femenina de 37 años en la pantorrilla izquierda y a un masculino de 24 años en la pierna izquierda desconociendo la ruta en la que se retiran, apoya la unidad MX873D1 realizando la inspección, solicitando ambulancia, posteriormente informan que los lesionados se retiran a bordo de un taxi Aveo rosa con blanco placas A4745A sin que esperen el apoyo médico, se realiza replay de cámaras cercanas al evento", "fecha": "2023-10-29", "hora": "13:27:31", "ubicacion": 855}}, {"model": "folios.folio", "pk": 43, "fields": {"creador": 11, "folio_id": "C5/20231102/03987", "motivo": 257, "usuario": "@060EMERGENCIAS", "descripcion": "Buena noche para sur 133 esq oriente 116 iztacalco solicitan apoyo posible infarto de femina", "fecha": "2023-11-02", "hora": "20:08:00", "ubicacion": 108}}, {"model": "folios.folio", "pk": 44, "fields": {"creador": 14, "folio_id": "C5/20231103/01560", "motivo": 442, "usuario": "@JosVill66932443", "descripcion": "@UCS_GCDMX\r\n \r\n@C5_CDMX\r\n \r\n@Bomberos_CDMX\r\n vidrios rtos regados en carpeta asfáltica en plutarco ellas calles esquina eje 4 napoleón pueden causar un accidente", "fecha": "2023-11-03", "hora": "10:24:00", "ubicacion": 748}}, {"model": "folios.folio", "pk": 45, "fields": {"creador": 11, "folio_id": "C5/20231105/05047", "motivo": 331, "usuario": "@AlinaDuarte_", "descripcion": "\"En estos momentos estoy al lado del hospital troncoso.\r\nAyer, 9:24 p. m.\r\nGracias, nos indicarías calle, esquina más cercana, colonia y alcaldía, donde podría arribar la unidad.\"", "fecha": "2023-11-04", "hora": "23:03:00", "ubicacion": 1251}}, {"model": "folios.folio", "pk": 46, "fields": {"creador": 14, "folio_id": "C5/20231105/04264", "motivo": 94, "usuario": "@Teresuk", "descripcion": "@C5_CDMX\r\n \r\n@AlcCuauhtemocMx\r\n buenas noches se cayó una rama en la calle de Río Lerma esquina con Río Rhin y está obstruyendo la circulación, gracias", "fecha": "2023-11-05", "hora": "19:02:02", "ubicacion": 1018}}, {"model": "folios.folio", "pk": 47, "fields": {"creador": 4, "folio_id": "C5/20231106/00030", "motivo": 256, "usuario": "@RescateRiaz", "descripcion": "Buen día nos reportan persona inconciente que al parecer la persona es diabetica Calle de Cedros entre Zaragoza y Francisco cesar Morales  santa Martha Iztapalapa De favor el apoyo para verificar la situación", "fecha": "2023-11-06", "hora": "08:15:01", "ubicacion": 72}}, {"model": "folios.folio", "pk": 48, "fields": {"creador": 4, "folio_id": "C5/20231106/00032", "motivo": 104, "usuario": "@87punto3", "descripcion": "\"#DENUNCIA 🔴 | Socavón en Avenida División del Norte y Calle Norte, Colonia Atlántida en #Coyoacán en la #CDMX. CCP \r\n@SacmexCDMX\r\n ⚠️\r\n\"", "fecha": "2023-11-06", "hora": "08:38:59", "ubicacion": 758}}, {"model": "folios.folio", "pk": 49, "fields": {"creador": 4, "folio_id": "C5/20231106/00034", "motivo": 257, "usuario": "@CanalizacionC", "descripcion": "\"Buenos días. Alc. Álvaro Obregón, Calz. De las Águilas y Calz. De los Leones, Col. Las Águilas; reportan X2 con síntomas de paro cardíaco. Solicitan K8 de UM en K5.\r\nComo referencia informan que el X2 se encuentra al exterior del Colegio \"\"Asunción\"\".\"", "fecha": "2023-11-06", "hora": "09:20:27", "ubicacion": 309}}, {"model": "folios.folio", "pk": 50, "fields": {"creador": 1, "folio_id": "C5/20231106/00974", "motivo": 252, "usuario": "@jorge_g", "descripcion": "\"Buen día, por favor su apoyo con ambulancia para la atencion de persona de la tercera edad, orina sangre y vomita sangre, en la Unidad Lindavista vallejo ll Edificio 28 Departamento 300, Alc. GAM\r\nLa entrada es Norte 31-A\"", "fecha": "2023-11-06", "hora": "13:40:46", "ubicacion": 1210}}, {"model": "folios.folio", "pk": 51, "fields": {"creador": 11, "folio_id": "C5/20231106/02904", "motivo": 18, "usuario": "@nancyMa01134995", "descripcion": "Motociclista accidentado en Calle Prol Tajín esquina ,y prolongación repúblicas Emperadores, Benito Juárez, 03320 Ciudad de México, CDMX", "fecha": "2023-11-06", "hora": "20:20:00", "ubicacion": 743}}, {"model": "folios.folio", "pk": 52, "fields": {"creador": 11, "folio_id": "C5/20231107/00507", "motivo": 119, "usuario": "@EddoZar", "descripcion": "\"@EddoZar\r\n@C5_CDMX\r\n  hay unas persona tirada a lado de una camioneta en el circuito interior esquina calzada México tacuba. Justo frente al faro cosmos.\"", "fecha": "2023-11-07", "hora": "05:20:00", "ubicacion": 670}}, {"model": "folios.folio", "pk": 53, "fields": {"creador": 11, "folio_id": "C5/20231107/00537", "motivo": 29, "usuario": "@cancarpediem1", "descripcion": "Buenos días, por favor manden patrulla a la calle de Jaime Nuno entre Peralvillo y palma norte hay gente drogándose y peleando.", "fecha": "2023-11-07", "hora": "06:06:57", "ubicacion": 1037}}, {"model": "folios.ubicacion", "pk": 1, "fields": {"c2": "C2 ORIENTE", "alcaldia": "IZTAPALAPA", "sector": "ABASTO", "colonia": "BARRIO SAN PEDRO"}}, {"model": "folios.ubicacion", "pk": 2, "fields": {"c2": "C2 ORIENTE", "alcaldia": "IZTAPALAPA", "sector": "ABASTO", "colonia": "PASEOS DE CHURUBUSCO"}}, {"model": "folios.ubicacion", "pk": 3, "fields": {"c2": "C2 ORIENTE", "alcaldia": "IZTAPALAPA", "sector": "CHURUBUSCO", "colonia": "AMPL EL TRIUNFO"}}, {"model": "folios.ubicacion", "pk": 4, "fields": {"c2": "C2 ORIENTE", "alcaldia": "IZTAPALAPA", "sector": "CHURUBUSCO", "colonia": "AMPL SINATEL"}}, {"model": "folios.ubicacion", "pk": 5, "fields": {"c2": "C2 ORIENTE", "alcaldia": "IZTAPALAPA", "sector": "CHURUBUSCO", "colonia": "APATLACO"}}, {"model": "folios.ubicacion", "pk": 6, "fields": {"c2": "C2 ORIENTE", "alcaldia": "IZTAPALAPA", "sector": "CHURUBUSCO", "colonia": "BANJIDAL"}}, {"model": "folios.ubicacion", "pk": 7, "fields": {"c2": "C2 ORIENTE", "alcaldia": "IZTAPALAPA", "sector": "CHURUBUSCO", "colonia": "CJNTO HABITACIONAL XOPA"}}, {"model": "folios.ubicacion", "pk": 8, "fields": {"c2": "C2 ORIENTE", "alcaldia": "IZTAPALAPA", "sector": "CHURUBUSCO", "colonia": "EL PRADO"}}, {"model": "folios.ubicacion", "pk": 9, "fields": {"c2": "C2 ORIENTE", "alcaldia": "IZTAPALAPA", "sector": "CHURUBUSCO", "colonia": "EL RETOÑO"}}, {"model": "folios.ubicacion", "pk": 10, "fields": {"c2": "C2 ORIENTE", "alcaldia": "IZTAPALAPA", "sector": "CHURUBUSCO", "colonia": "EL SIFON"}}, {"model": "folios.ubicacion", "pk": 11, "fields": {"c2": "C2 ORIENTE", "alcaldia": "IZTAPALAPA", "sector": "CHURUBUSCO", "colonia": "EL TRIUNFO"}}, {"model": "folios.ubicacion", "pk": 12, "fields": {"c2": "C2 ORIENTE", "alcaldia": "IZTAPALAPA", "sector": "CHURUBUSCO", "colonia": "EMPERADOR CACAMA"}}, {"model": "folios.ubicacion", "pk": 13, "fields": {"c2": "C2 ORIENTE", "alcaldia": "IZTAPALAPA", "sector": "CHURUBUSCO", "colonia": "ESCUADRON 201"}}, {"model": "folios.ubicacion", "pk": 14, "fields": {"c2": "C2 ORIENTE", "alcaldia": "IZTAPALAPA", "sector": "CHURUBUSCO", "colonia": "HEROES DE CHURUBUSCO"}}, {"model": "folios.ubicacion", "pk": 15, "fields": {"c2": "C2 ORIENTE", "alcaldia": "IZTAPALAPA", "sector": "CHURUBUSCO", "colonia": "JUSTO SIERRA"}}, {"model": "folios.ubicacion", "pk": 16, "fields": {"c2": "C2 ORIENTE", "alcaldia": "IZTAPALAPA", "sector": "CHURUBUSCO", "colonia": "PBLO MAGDALENA ATLAZOLPA"}}, {"model": "folios.ubicacion", "pk": 17, "fields": {"c2": "C2 ORIENTE", "alcaldia": "IZTAPALAPA", "sector": "CHURUBUSCO", "colonia": "PBLO SN JUANICO NEXTIPAC"}}, {"model": "folios.ubicacion", "pk": 18, "fields": {"c2": "C2 ORIENTE", "alcaldia": "IZTAPALAPA", "sector": "CHURUBUSCO", "colonia": "SECTOR POPULAR"}}, {"model": "folios.ubicacion", "pk": 19, "fields": {"c2": "C2 ORIENTE", "alcaldia": "IZTAPALAPA", "sector": "CHURUBUSCO", "colonia": "SINATEL"}}, {"model": "folios.ubicacion", "pk": 20, "fields": {"c2": "C2 ORIENTE", "alcaldia": "IZTAPALAPA", "sector": "CHURUBUSCO", "colonia": "SN ANDRES TETEPILCO"}}, {"model": "folios.ubicacion", "pk": 21, "fields": {"c2": "C2 ORIENTE", "alcaldia": "IZTAPALAPA", "sector": "CHURUBUSCO", "colonia": "UNIDAD MODELO"}}, {"model": "folios.ubicacion", "pk": 22, "fields": {"c2": "C2 ORIENTE", "alcaldia": "IZTAPALAPA", "sector": "ESTRELLA", "colonia": "8A AMPL SAN MIGUEL"}}, {"model": "folios.ubicacion", "pk": 23, "fields": {"c2": "C2 ORIENTE", "alcaldia": "IZTAPALAPA", "sector": "ESTRELLA", "colonia": "AMPL VERACRUZANA"}}, {"model": "folios.ubicacion", "pk": 24, "fields": {"c2": "C2 ORIENTE", "alcaldia": "IZTAPALAPA", "sector": "ESTRELLA", "colonia": "BARRIO SAN SIMON CULHUACAN"}}, {"model": "folios.ubicacion", "pk": 25, "fields": {"c2": "C2 ORIENTE", "alcaldia": "IZTAPALAPA", "sector": "ESTRELLA", "colonia": "CAMPESTRE ESTRELLA"}}, {"model": "folios.ubicacion", "pk": 26, "fields": {"c2": "C2 ORIENTE", "alcaldia": "IZTAPALAPA", "sector": "ESTRELLA", "colonia": "EL MANTO"}}, {"model": "folios.ubicacion", "pk": 27, "fields": {"c2": "C2 ORIENTE", "alcaldia": "IZTAPALAPA", "sector": "ESTRELLA", "colonia": "EL MIRADOR"}}, {"model": "folios.ubicacion", "pk": 28, "fields": {"c2": "C2 ORIENTE", "alcaldia": "IZTAPALAPA", "sector": "ESTRELLA", "colonia": "EL MOLINO IZTAPALAPA"}}, {"model": "folios.ubicacion", "pk": 29, "fields": {"c2": "C2 ORIENTE", "alcaldia": "IZTAPALAPA", "sector": "ESTRELLA", "colonia": "EL SANTUARIO"}}, {"model": "folios.ubicacion", "pk": 30, "fields": {"c2": "C2 ORIENTE", "alcaldia": "IZTAPALAPA", "sector": "ESTRELLA", "colonia": "EL VERGEL"}}, {"model": "folios.ubicacion", "pk": 31, "fields": {"c2": "C2 ORIENTE", "alcaldia": "IZTAPALAPA", "sector": "ESTRELLA", "colonia": "ESTRELLA CULHUACAN"}}, {"model": "folios.ubicacion", "pk": 32, "fields": {"c2": "C2 ORIENTE", "alcaldia": "IZTAPALAPA", "sector": "ESTRELLA", "colonia": "FUEGO NUEVO"}}, {"model": "folios.ubicacion", "pk": 33, "fields": {"c2": "C2 ORIENTE", "alcaldia": "IZTAPALAPA", "sector": "ESTRELLA", "colonia": "GRANJAS ESTRELLA"}}, {"model": "folios.ubicacion", "pk": 34, "fields": {"c2": "C2 ORIENTE", "alcaldia": "IZTAPALAPA", "sector": "ESTRELLA", "colonia": "LOMAS ESTRELLA"}}, {"model": "folios.ubicacion", "pk": 35, "fields": {"c2": "C2 ORIENTE", "alcaldia": "IZTAPALAPA", "sector": "ESTRELLA", "colonia": "PBLO SN ANDRES TOMATLAN"}}, {"model": "folios.ubicacion", "pk": 36, "fields": {"c2": "C2 ORIENTE", "alcaldia": "IZTAPALAPA", "sector": "ESTRELLA", "colonia": "PLAN DE IGUALA"}}, {"model": "folios.ubicacion", "pk": 37, "fields": {"c2": "C2 ORIENTE", "alcaldia": "IZTAPALAPA", "sector": "ESTRELLA", "colonia": "RICARDO FLORES MAGON"}}, {"model": "folios.ubicacion", "pk": 38, "fields": {"c2": "C2 ORIENTE", "alcaldia": "IZTAPALAPA", "sector": "ESTRELLA", "colonia": "SN JUAN CERRO"}}, {"model": "folios.ubicacion", "pk": 39, "fields": {"c2": "C2 ORIENTE", "alcaldia": "IZTAPALAPA", "sector": "ESTRELLA", "colonia": "SN JUAN XALPA"}}, {"model": "folios.ubicacion", "pk": 40, "fields": {"c2": "C2 ORIENTE", "alcaldia": "IZTAPALAPA", "sector": "ESTRELLA", "colonia": "STA MARIA DEL MONTE"}}, {"model": "folios.ubicacion", "pk": 41, "fields": {"c2": "C2 ORIENTE", "alcaldia": "IZTAPALAPA", "sector": "ESTRELLA", "colonia": "STA MARIA TOMATLAN"}}, {"model": "folios.ubicacion", "pk": 42, "fields": {"c2": "C2 ORIENTE", "alcaldia": "IZTAPALAPA", "sector": "ESTRELLA", "colonia": "TRIANGULO DE LAS AGUJAS"}}, {"model": "folios.ubicacion", "pk": 43, "fields": {"c2": "C2 ORIENTE", "alcaldia": "IZTAPALAPA", "sector": "ESTRELLA", "colonia": "U.H. FAVE SEDENA"}}, {"model": "folios.ubicacion", "pk": 44, "fields": {"c2": "C2 ORIENTE", "alcaldia": "IZTAPALAPA", "sector": "ESTRELLA", "colonia": "U.H. JONGITUD BARRIOS"}}, {"model": "folios.ubicacion", "pk": 45, "fields": {"c2": "C2 ORIENTE", "alcaldia": "IZTAPALAPA", "sector": "ESTRELLA", "colonia": "U.H. TECNICOS Y MANUALES"}}, {"model": "folios.ubicacion", "pk": 46, "fields": {"c2": "C2 ORIENTE", "alcaldia": "IZTAPALAPA", "sector": "ESTRELLA", "colonia": "VALLE DE LUCES"}}, {"model": "folios.ubicacion", "pk": 47, "fields": {"c2": "C2 ORIENTE", "alcaldia": "IZTAPALAPA", "sector": "GRANJAS", "colonia": "AMPL RICARDO FLORES MAGON"}}, {"model": "folios.ubicacion", "pk": 48, "fields": {"c2": "C2 ORIENTE", "alcaldia": "IZTAPALAPA", "sector": "GRANJAS", "colonia": "BARRIO DE STA BARBARA"}}, {"model": "folios.ubicacion", "pk": 49, "fields": {"c2": "C2 ORIENTE", "alcaldia": "IZTAPALAPA", "sector": "GRANJAS", "colonia": "BARRIO SAN ANTONIO CULHUACAN"}}, {"model": "folios.ubicacion", "pk": 50, "fields": {"c2": "C2 ORIENTE", "alcaldia": "IZTAPALAPA", "sector": "GRANJAS", "colonia": "BARRIO TULA"}}, {"model": "folios.ubicacion", "pk": 51, "fields": {"c2": "C2 ORIENTE", "alcaldia": "IZTAPALAPA", "sector": "GRANJAS", "colonia": "ESTRELLA DEL SUR"}}, {"model": "folios.ubicacion", "pk": 52, "fields": {"c2": "C2 ORIENTE", "alcaldia": "IZTAPALAPA", "sector": "GRANJAS", "colonia": "GRANJAS ESMERALDA"}}, {"model": "folios.ubicacion", "pk": 53, "fields": {"c2": "C2 ORIENTE", "alcaldia": "IZTAPALAPA", "sector": "GRANJAS", "colonia": "GRANJAS SAN ANTONIO"}}, {"model": "folios.ubicacion", "pk": 54, "fields": {"c2": "C2 ORIENTE", "alcaldia": "IZTAPALAPA", "sector": "GRANJAS", "colonia": "JARDINES DE CHURUBUSCO"}}, {"model": "folios.ubicacion", "pk": 55, "fields": {"c2": "C2 ORIENTE", "alcaldia": "IZTAPALAPA", "sector": "GRANJAS", "colonia": "LA NUEVA ROSITA"}}, {"model": "folios.ubicacion", "pk": 56, "fields": {"c2": "C2 ORIENTE", "alcaldia": "IZTAPALAPA", "sector": "GRANJAS", "colonia": "MINERVA"}}, {"model": "folios.ubicacion", "pk": 57, "fields": {"c2": "C2 ORIENTE", "alcaldia": "IZTAPALAPA", "sector": "GRANJAS", "colonia": "PBLO ACULCO"}}, {"model": "folios.ubicacion", "pk": 58, "fields": {"c2": "C2 ORIENTE", "alcaldia": "IZTAPALAPA", "sector": "GRANJAS", "colonia": "PBLO LOS REYES CULHUACAN"}}, {"model": "folios.ubicacion", "pk": 59, "fields": {"c2": "C2 ORIENTE", "alcaldia": "IZTAPALAPA", "sector": "GRANJAS", "colonia": "PBLO MEXICALTZINGO"}}, {"model": "folios.ubicacion", "pk": 60, "fields": {"c2": "C2 ORIENTE", "alcaldia": "IZTAPALAPA", "sector": "GRANJAS", "colonia": "PROGRESO DEL SUR"}}, {"model": "folios.ubicacion", "pk": 61, "fields": {"c2": "C2 ORIENTE", "alcaldia": "IZTAPALAPA", "sector": "GRANJAS", "colonia": "PURISIMA ATLAZOLPA"}}, {"model": "folios.ubicacion", "pk": 62, "fields": {"c2": "C2 ORIENTE", "alcaldia": "IZTAPALAPA", "sector": "GRANJAS", "colonia": "SN JOSE ACULCO"}}, {"model": "folios.ubicacion", "pk": 63, "fields": {"c2": "C2 ORIENTE", "alcaldia": "IZTAPALAPA", "sector": "GRANJAS", "colonia": "STA ISABEL INDUSTRIAL"}}, {"model": "folios.ubicacion", "pk": 64, "fields": {"c2": "C2 ORIENTE", "alcaldia": "IZTAPALAPA", "sector": "GRANJAS", "colonia": "U.H. LOS PICOS VI B"}}, {"model": "folios.ubicacion", "pk": 65, "fields": {"c2": "C2 ORIENTE", "alcaldia": "IZTAPALAPA", "sector": "GRANJAS", "colonia": "VALLE DEL SUR"}}, {"model": "folios.ubicacion", "pk": 66, "fields": {"c2": "C2 ORIENTE", "alcaldia": "IZTAPALAPA", "sector": "OASIS", "colonia": "ALVARO OBREGON"}}, {"model": "folios.ubicacion", "pk": 67, "fields": {"c2": "C2 ORIENTE", "alcaldia": "IZTAPALAPA", "sector": "OASIS", "colonia": "AMPL STA MARTHA ACATITLA"}}, {"model": "folios.ubicacion", "pk": 68, "fields": {"c2": "C2 ORIENTE", "alcaldia": "IZTAPALAPA", "sector": "OASIS", "colonia": "EL EDEN"}}, {"model": "folios.ubicacion", "pk": 69, "fields": {"c2": "C2 ORIENTE", "alcaldia": "IZTAPALAPA", "sector": "OASIS", "colonia": "EL PARAISO"}}, {"model": "folios.ubicacion", "pk": 70, "fields": {"c2": "C2 ORIENTE", "alcaldia": "IZTAPALAPA", "sector": "OASIS", "colonia": "JUAN ESCUTIA"}}, {"model": "folios.ubicacion", "pk": 71, "fields": {"c2": "C2 ORIENTE", "alcaldia": "IZTAPALAPA", "sector": "OASIS", "colonia": "PBLO SN LORENZO XICOTELCATL"}}, {"model": "folios.ubicacion", "pk": 72, "fields": {"c2": "C2 ORIENTE", "alcaldia": "IZTAPALAPA", "sector": "OASIS", "colonia": "STA MARTHA ACATITLA SUR"}}, {"model": "folios.ubicacion", "pk": 73, "fields": {"c2": "C2 ORIENTE", "alcaldia": "IZTAPALAPA", "sector": "OASIS", "colonia": "TEPALCATES"}}, {"model": "folios.ubicacion", "pk": 74, "fields": {"c2": "C2 ORIENTE", "alcaldia": "IZTAPALAPA", "sector": "OASIS", "colonia": "U.H. EJERCITO CONSTITUCIONALISTA S M III"}}, {"model": "folios.ubicacion", "pk": 75, "fields": {"c2": "C2 ORIENTE", "alcaldia": "IZTAPALAPA", "sector": "OASIS", "colonia": "U.H. EJERCITO DE OTE"}}, {"model": "folios.ubicacion", "pk": 76, "fields": {"c2": "C2 ORIENTE", "alcaldia": "IZTAPALAPA", "sector": "OASIS", "colonia": "U.H. EJERCITO DE OTE Z PEÑON"}}, {"model": "folios.ubicacion", "pk": 77, "fields": {"c2": "C2 ORIENTE", "alcaldia": "IZTAPALAPA", "sector": "OASIS", "colonia": "U.H. ERMITA ZARAGOZA"}}, {"model": "folios.ubicacion", "pk": 78, "fields": {"c2": "C2 ORIENTE", "alcaldia": "IZTAPALAPA", "sector": "OASIS", "colonia": "U.H. GUELATAO DE JUAREZ I Y II"}}, {"model": "folios.ubicacion", "pk": 79, "fields": {"c2": "C2 ORIENTE", "alcaldia": "IZTAPALAPA", "sector": "OASIS", "colonia": "U.H. IGNACIO ZARAGOZA"}}, {"model": "folios.ubicacion", "pk": 80, "fields": {"c2": "C2 ORIENTE", "alcaldia": "IZTAPALAPA", "sector": "OASIS", "colonia": "U.H. LA COLMENA"}}, {"model": "folios.ubicacion", "pk": 81, "fields": {"c2": "C2 ORIENTE", "alcaldia": "IZTAPALAPA", "sector": "OASIS", "colonia": "U.H. LA VALENCIANA"}}, {"model": "folios.ubicacion", "pk": 82, "fields": {"c2": "C2 ORIENTE", "alcaldia": "IZTAPALAPA", "sector": "OASIS", "colonia": "U.H. SOLIDARIDAD EL SALADO"}}, {"model": "folios.ubicacion", "pk": 83, "fields": {"c2": "C2 ORIENTE", "alcaldia": "IZTAPALAPA", "sector": "OASIS", "colonia": "U.H. VOCEDORES DE MEXICO"}}, {"model": "folios.ubicacion", "pk": 84, "fields": {"c2": "C2 ORIENTE", "alcaldia": "IZTAPALAPA", "sector": "QUETZAL", "colonia": "BUENAVISTA"}}, {"model": "folios.ubicacion", "pk": 85, "fields": {"c2": "C2 ORIENTE", "alcaldia": "IZTAPALAPA", "sector": "QUETZAL", "colonia": "CARLOS HANK GONZALEZ"}}, {"model": "folios.ubicacion", "pk": 86, "fields": {"c2": "C2 ORIENTE", "alcaldia": "IZTAPALAPA", "sector": "QUETZAL", "colonia": "CITLALI"}}, {"model": "folios.ubicacion", "pk": 87, "fields": {"c2": "C2 ORIENTE", "alcaldia": "IZTAPALAPA", "sector": "QUETZAL", "colonia": "DES. URBANO QUETZALCOATL"}}, {"model": "folios.ubicacion", "pk": 88, "fields": {"c2": "C2 ORIENTE", "alcaldia": "IZTAPALAPA", "sector": "QUETZAL", "colonia": "FRANCISCO VILLA"}}, {"model": "folios.ubicacion", "pk": 89, "fields": {"c2": "C2 ORIENTE", "alcaldia": "IZTAPALAPA", "sector": "QUETZAL", "colonia": "INSURGENTES"}}, {"model": "folios.ubicacion", "pk": 90, "fields": {"c2": "C2 ORIENTE", "alcaldia": "IZTAPALAPA", "sector": "QUETZAL", "colonia": "LA ERA"}}, {"model": "folios.ubicacion", "pk": 91, "fields": {"c2": "C2 ORIENTE", "alcaldia": "IZTAPALAPA", "sector": "QUETZAL", "colonia": "LA POLVORILLA"}}, {"model": "folios.ubicacion", "pk": 92, "fields": {"c2": "C2 ORIENTE", "alcaldia": "IZTAPALAPA", "sector": "QUETZAL", "colonia": "LAS PEÑAS"}}, {"model": "folios.ubicacion", "pk": 93, "fields": {"c2": "C2 ORIENTE", "alcaldia": "IZTAPALAPA", "sector": "QUETZAL", "colonia": "LOMAS DE STA CRUZ MEYEHUALCO"}}, {"model": "folios.ubicacion", "pk": 94, "fields": {"c2": "C2 ORIENTE", "alcaldia": "IZTAPALAPA", "sector": "QUETZAL", "colonia": "LOS ANGELES APANOAYA"}}, {"model": "folios.ubicacion", "pk": 95, "fields": {"c2": "C2 ORIENTE", "alcaldia": "IZTAPALAPA", "sector": "QUETZAL", "colonia": "MIXCOATL"}}, {"model": "folios.ubicacion", "pk": 96, "fields": {"c2": "C2 ORIENTE", "alcaldia": "IZTAPALAPA", "sector": "QUETZAL", "colonia": "PALMITAS"}}, {"model": "folios.ubicacion", "pk": 97, "fields": {"c2": "C2 ORIENTE", "alcaldia": "IZTAPALAPA", "sector": "QUETZAL", "colonia": "PBLO STA CRUZ MEYEHUALCO"}}, {"model": "folios.ubicacion", "pk": 98, "fields": {"c2": "C2 ORIENTE", "alcaldia": "IZTAPALAPA", "sector": "QUETZAL", "colonia": "REFORMA POLITICA"}}, {"model": "folios.ubicacion", "pk": 99, "fields": {"c2": "C2 ORIENTE", "alcaldia": "IZTAPALAPA", "sector": "QUETZAL", "colonia": "SN JOSE BUENAVISTA"}}, {"model": "folios.ubicacion", "pk": 100, "fields": {"c2": "C2 ORIENTE", "alcaldia": "IZTAPALAPA", "sector": "QUETZAL", "colonia": "TENORIOS"}}, {"model": "folios.ubicacion", "pk": 101, "fields": {"c2": "C2 ORIENTE", "alcaldia": "IZTAPALAPA", "sector": "QUETZAL", "colonia": "TRIANGULO"}}, {"model": "folios.ubicacion", "pk": 102, "fields": {"c2": "C2 ORIENTE", "alcaldia": "IZTAPALAPA", "sector": "REFORMA", "colonia": "BARRIO DE LA ASUNCION"}}, {"model": "folios.ubicacion", "pk": 103, "fields": {"c2": "C2 ORIENTE", "alcaldia": "IZTAPALAPA", "sector": "REFORMA", "colonia": "BARRIO DE SAN MIGUEL"}}, {"model": "folios.ubicacion", "pk": 104, "fields": {"c2": "C2 ORIENTE", "alcaldia": "IZTAPALAPA", "sector": "REFORMA", "colonia": "BARRIO SAN IGNACIO"}}, {"model": "folios.ubicacion", "pk": 105, "fields": {"c2": "C2 ORIENTE", "alcaldia": "IZTAPALAPA", "sector": "REFORMA", "colonia": "BARRIO SAN JOSE"}}, {"model": "folios.ubicacion", "pk": 106, "fields": {"c2": "C2 ORIENTE", "alcaldia": "IZTAPALAPA", "sector": "REFORMA", "colonia": "BARRIO SAN LUCAS"}}, {"model": "folios.ubicacion", "pk": 107, "fields": {"c2": "C2 ORIENTE", "alcaldia": "IZTAPALAPA", "sector": "REFORMA", "colonia": "BARRIO SAN PABLO"}}, {"model": "folios.ubicacion", "pk": 108, "fields": {"c2": "C2 ORIENTE", "alcaldia": "IZTAPALAPA", "sector": "REFORMA", "colonia": "CHINAMPAC DE JUAREZ"}}, {"model": "folios.ubicacion", "pk": 109, "fields": {"c2": "C2 ORIENTE", "alcaldia": "IZTAPALAPA", "sector": "REFORMA", "colonia": "CONSTITUCION DE 1917"}}, {"model": "folios.ubicacion", "pk": 110, "fields": {"c2": "C2 ORIENTE", "alcaldia": "IZTAPALAPA", "sector": "REFORMA", "colonia": "DR ALFONSO ORTIZ TIRADO"}}, {"model": "folios.ubicacion", "pk": 111, "fields": {"c2": "C2 ORIENTE", "alcaldia": "IZTAPALAPA", "sector": "REFORMA", "colonia": "FRACC REAL DEL MORAL"}}, {"model": "folios.ubicacion", "pk": 112, "fields": {"c2": "C2 ORIENTE", "alcaldia": "IZTAPALAPA", "sector": "REFORMA", "colonia": "GUADALUPE DEL MORAL"}}, {"model": "folios.ubicacion", "pk": 113, "fields": {"c2": "C2 ORIENTE", "alcaldia": "IZTAPALAPA", "sector": "REFORMA", "colonia": "LEYES DE REFORMA 1A SECC."}}, {"model": "folios.ubicacion", "pk": 114, "fields": {"c2": "C2 ORIENTE", "alcaldia": "IZTAPALAPA", "sector": "REFORMA", "colonia": "LEYES DE REFORMA 2A SECC."}}, {"model": "folios.ubicacion", "pk": 115, "fields": {"c2": "C2 ORIENTE", "alcaldia": "IZTAPALAPA", "sector": "REFORMA", "colonia": "LEYES DE REFORMA 3A SECC."}}, {"model": "folios.ubicacion", "pk": 116, "fields": {"c2": "C2 ORIENTE", "alcaldia": "IZTAPALAPA", "sector": "REFORMA", "colonia": "PASEOS DE CHURUBUSCO"}}, {"model": "folios.ubicacion", "pk": 117, "fields": {"c2": "C2 ORIENTE", "alcaldia": "IZTAPALAPA", "sector": "REFORMA", "colonia": "PROGRESISTA"}}, {"model": "folios.ubicacion", "pk": 118, "fields": {"c2": "C2 ORIENTE", "alcaldia": "IZTAPALAPA", "sector": "REFORMA", "colonia": "RENOVACION"}}, {"model": "folios.ubicacion", "pk": 119, "fields": {"c2": "C2 ORIENTE", "alcaldia": "IZTAPALAPA", "sector": "REFORMA", "colonia": "SN PEDRO SIDERAL"}}, {"model": "folios.ubicacion", "pk": 120, "fields": {"c2": "C2 ORIENTE", "alcaldia": "IZTAPALAPA", "sector": "REFORMA", "colonia": "U.H. CUCHILLAS DEL MORAL"}}, {"model": "folios.ubicacion", "pk": 121, "fields": {"c2": "C2 ORIENTE", "alcaldia": "IZTAPALAPA", "sector": "SANTA CRUZ", "colonia": "AMPL ZU  STA MARIA AZTAHUACAN"}}, {"model": "folios.ubicacion", "pk": 122, "fields": {"c2": "C2 ORIENTE", "alcaldia": "IZTAPALAPA", "sector": "SANTA CRUZ", "colonia": "EJERCITO DE AGUA PRIETA"}}, {"model": "folios.ubicacion", "pk": 123, "fields": {"c2": "C2 ORIENTE", "alcaldia": "IZTAPALAPA", "sector": "SANTA CRUZ", "colonia": "EJIDAL STA MARIA AZTAHUACAN"}}, {"model": "folios.ubicacion", "pk": 124, "fields": {"c2": "C2 ORIENTE", "alcaldia": "IZTAPALAPA", "sector": "SANTA CRUZ", "colonia": "FRACC COLONIAL IZTAPALAPA"}}, {"model": "folios.ubicacion", "pk": 125, "fields": {"c2": "C2 ORIENTE", "alcaldia": "IZTAPALAPA", "sector": "SANTA CRUZ", "colonia": "JACARANDAS"}}, {"model": "folios.ubicacion", "pk": 126, "fields": {"c2": "C2 ORIENTE", "alcaldia": "IZTAPALAPA", "sector": "SANTA CRUZ", "colonia": "MONTE ALBAN"}}, {"model": "folios.ubicacion", "pk": 127, "fields": {"c2": "C2 ORIENTE", "alcaldia": "IZTAPALAPA", "sector": "SANTA CRUZ", "colonia": "PARAJE ZACATEPEC"}}, {"model": "folios.ubicacion", "pk": 128, "fields": {"c2": "C2 ORIENTE", "alcaldia": "IZTAPALAPA", "sector": "SANTA CRUZ", "colonia": "PBLO STA MARIA AZTAHUACAN"}}, {"model": "folios.ubicacion", "pk": 129, "fields": {"c2": "C2 ORIENTE", "alcaldia": "IZTAPALAPA", "sector": "SANTA CRUZ", "colonia": "U.H. ARTICULO 4TO CONSTITUCIONAL"}}, {"model": "folios.ubicacion", "pk": 130, "fields": {"c2": "C2 ORIENTE", "alcaldia": "IZTAPALAPA", "sector": "SANTA CRUZ", "colonia": "U.H. CABEZA DE JUAREZ V"}}, {"model": "folios.ubicacion", "pk": 131, "fields": {"c2": "C2 ORIENTE", "alcaldia": "IZTAPALAPA", "sector": "SANTA CRUZ", "colonia": "U.H. FRENTE 10"}}, {"model": "folios.ubicacion", "pk": 132, "fields": {"c2": "C2 ORIENTE", "alcaldia": "IZTAPALAPA", "sector": "SANTA CRUZ", "colonia": "U.H. FRENTE 6 Y 7"}}, {"model": "folios.ubicacion", "pk": 133, "fields": {"c2": "C2 ORIENTE", "alcaldia": "IZTAPALAPA", "sector": "SANTA CRUZ", "colonia": "U.H. FRENTE 8"}}, {"model": "folios.ubicacion", "pk": 134, "fields": {"c2": "C2 ORIENTE", "alcaldia": "IZTAPALAPA", "sector": "SANTA CRUZ", "colonia": "U.H. FRENTE 9"}}, {"model": "folios.ubicacion", "pk": 135, "fields": {"c2": "C2 ORIENTE", "alcaldia": "IZTAPALAPA", "sector": "SANTA CRUZ", "colonia": "U.H. STA CRUZ MEYEHUALCO"}}, {"model": "folios.ubicacion", "pk": 136, "fields": {"c2": "C2 ORIENTE", "alcaldia": "IZTAPALAPA", "sector": "SANTA CRUZ", "colonia": "U.H. VICENTE GUERRERO NTE"}}, {"model": "folios.ubicacion", "pk": 137, "fields": {"c2": "C2 ORIENTE", "alcaldia": "IZTAPALAPA", "sector": "SANTA CRUZ", "colonia": "U.H. VICENTE GUERRERO S MZA 1 Y 2"}}, {"model": "folios.ubicacion", "pk": 138, "fields": {"c2": "C2 ORIENTE", "alcaldia": "IZTAPALAPA", "sector": "SANTA CRUZ", "colonia": "U.H. VICENTE GUERRERO S MZA 5"}}, {"model": "folios.ubicacion", "pk": 139, "fields": {"c2": "C2 ORIENTE", "alcaldia": "IZTAPALAPA", "sector": "SANTA CRUZ", "colonia": "U.H. VICENTE GUERRERO S MZA 6"}}, {"model": "folios.ubicacion", "pk": 140, "fields": {"c2": "C2 ORIENTE", "alcaldia": "IZTAPALAPA", "sector": "SANTA CRUZ", "colonia": "U.H. VICENTE GUERRERO SUR"}}, {"model": "folios.ubicacion", "pk": 141, "fields": {"c2": "C2 ORIENTE", "alcaldia": "IZTAPALAPA", "sector": "TEOTONGO", "colonia": "AMPL EMILIANO ZAPATA"}}, {"model": "folios.ubicacion", "pk": 142, "fields": {"c2": "C2 ORIENTE", "alcaldia": "IZTAPALAPA", "sector": "TEOTONGO", "colonia": "HUITZICO"}}, {"model": "folios.ubicacion", "pk": 143, "fields": {"c2": "C2 ORIENTE", "alcaldia": "IZTAPALAPA", "sector": "TEOTONGO", "colonia": "IXTLAHUACAN"}}, {"model": "folios.ubicacion", "pk": 144, "fields": {"c2": "C2 ORIENTE", "alcaldia": "IZTAPALAPA", "sector": "TEOTONGO", "colonia": "LA CAÑADA EL POTRERO"}}, {"model": "folios.ubicacion", "pk": 145, "fields": {"c2": "C2 ORIENTE", "alcaldia": "IZTAPALAPA", "sector": "TEOTONGO", "colonia": "LOMAS DE ZARAGOZA"}}, {"model": "folios.ubicacion", "pk": 146, "fields": {"c2": "C2 ORIENTE", "alcaldia": "IZTAPALAPA", "sector": "TEOTONGO", "colonia": "LOMAS LA ESTANCIA"}}, {"model": "folios.ubicacion", "pk": 147, "fields": {"c2": "C2 ORIENTE", "alcaldia": "IZTAPALAPA", "sector": "TEOTONGO", "colonia": "MIGUEL DE LA MADRID"}}, {"model": "folios.ubicacion", "pk": 148, "fields": {"c2": "C2 ORIENTE", "alcaldia": "IZTAPALAPA", "sector": "TEOTONGO", "colonia": "MIRAVALLE"}}, {"model": "folios.ubicacion", "pk": 149, "fields": {"c2": "C2 ORIENTE", "alcaldia": "IZTAPALAPA", "sector": "TEOTONGO", "colonia": "PBLO SANTIAGO ACAHUALTEPEC"}}, {"model": "folios.ubicacion", "pk": 150, "fields": {"c2": "C2 ORIENTE", "alcaldia": "IZTAPALAPA", "sector": "TEOTONGO", "colonia": "PBLO SN SEBASTIAN TECOLOXTITLAN"}}, {"model": "folios.ubicacion", "pk": 151, "fields": {"c2": "C2 ORIENTE", "alcaldia": "IZTAPALAPA", "sector": "TEOTONGO", "colonia": "PBLO STA MARTHA ACATITLA"}}, {"model": "folios.ubicacion", "pk": 152, "fields": {"c2": "C2 ORIENTE", "alcaldia": "IZTAPALAPA", "sector": "TEOTONGO", "colonia": "SANTIAGO ACAHUALTEPEC 1A AMPL"}}, {"model": "folios.ubicacion", "pk": 153, "fields": {"c2": "C2 ORIENTE", "alcaldia": "IZTAPALAPA", "sector": "TEOTONGO", "colonia": "SANTIAGO ACAHUALTEPEC 2A AMPL"}}, {"model": "folios.ubicacion", "pk": 154, "fields": {"c2": "C2 ORIENTE", "alcaldia": "IZTAPALAPA", "sector": "TEOTONGO", "colonia": "SN FRANCISCO APOLOCALCO"}}, {"model": "folios.ubicacion", "pk": 155, "fields": {"c2": "C2 ORIENTE", "alcaldia": "IZTAPALAPA", "sector": "TEOTONGO", "colonia": "SN MIGUEL TEOTONGO SECC LAS TORRES"}}, {"model": "folios.ubicacion", "pk": 156, "fields": {"c2": "C2 ORIENTE", "alcaldia": "IZTAPALAPA", "sector": "TEOTONGO", "colonia": "SN MIGUEL TEOTONGO SECC PALMAS"}}, {"model": "folios.ubicacion", "pk": 157, "fields": {"c2": "C2 ORIENTE", "alcaldia": "IZTAPALAPA", "sector": "TEOTONGO", "colonia": "SN MIGUEL TEOTONGO SECC RANCHO BAJO"}}, {"model": "folios.ubicacion", "pk": 158, "fields": {"c2": "C2 ORIENTE", "alcaldia": "IZTAPALAPA", "sector": "TEOTONGO", "colonia": "SN PABLO I"}}, {"model": "folios.ubicacion", "pk": 159, "fields": {"c2": "C2 ORIENTE", "alcaldia": "IZTAPALAPA", "sector": "TEOTONGO", "colonia": "TORRES DEL POTRERO"}}, {"model": "folios.ubicacion", "pk": 160, "fields": {"c2": "C2 ORIENTE", "alcaldia": "IZTAPALAPA", "sector": "TEOTONGO", "colonia": "XALPA"}}, {"model": "folios.ubicacion", "pk": 161, "fields": {"c2": "C2 ORIENTE", "alcaldia": "IZTAPALAPA", "sector": "TEZONCO", "colonia": "AÑO DE JUAREZ"}}, {"model": "folios.ubicacion", "pk": 162, "fields": {"c2": "C2 ORIENTE", "alcaldia": "IZTAPALAPA", "sector": "TEZONCO", "colonia": "BARRIO GUADALUPE"}}, {"model": "folios.ubicacion", "pk": 163, "fields": {"c2": "C2 ORIENTE", "alcaldia": "IZTAPALAPA", "sector": "TEZONCO", "colonia": "BARRIO SAN ANTONIO"}}, {"model": "folios.ubicacion", "pk": 164, "fields": {"c2": "C2 ORIENTE", "alcaldia": "IZTAPALAPA", "sector": "TEZONCO", "colonia": "BARRIO SAN LORENZO TEZONCO"}}, {"model": "folios.ubicacion", "pk": 165, "fields": {"c2": "C2 ORIENTE", "alcaldia": "IZTAPALAPA", "sector": "TEZONCO", "colonia": "CASA BLANCA"}}, {"model": "folios.ubicacion", "pk": 166, "fields": {"c2": "C2 ORIENTE", "alcaldia": "IZTAPALAPA", "sector": "TEZONCO", "colonia": "CERRO DE LA ESTRELLA"}}, {"model": "folios.ubicacion", "pk": 167, "fields": {"c2": "C2 ORIENTE", "alcaldia": "IZTAPALAPA", "sector": "TEZONCO", "colonia": "CONSEJO AGRARISTA MEXICANO"}}, {"model": "folios.ubicacion", "pk": 168, "fields": {"c2": "C2 ORIENTE", "alcaldia": "IZTAPALAPA", "sector": "TEZONCO", "colonia": "EL MOLINO"}}, {"model": "folios.ubicacion", "pk": 169, "fields": {"c2": "C2 ORIENTE", "alcaldia": "IZTAPALAPA", "sector": "TEZONCO", "colonia": "EL RODEO"}}, {"model": "folios.ubicacion", "pk": 170, "fields": {"c2": "C2 ORIENTE", "alcaldia": "IZTAPALAPA", "sector": "TEZONCO", "colonia": "EL ROSARIO"}}, {"model": "folios.ubicacion", "pk": 171, "fields": {"c2": "C2 ORIENTE", "alcaldia": "IZTAPALAPA", "sector": "TEZONCO", "colonia": "JARDIN DE SAN LORENZO TEZONCO"}}, {"model": "folios.ubicacion", "pk": 172, "fields": {"c2": "C2 ORIENTE", "alcaldia": "IZTAPALAPA", "sector": "TEZONCO", "colonia": "JOSE LOPEZ PORTILLO"}}, {"model": "folios.ubicacion", "pk": 173, "fields": {"c2": "C2 ORIENTE", "alcaldia": "IZTAPALAPA", "sector": "TEZONCO", "colonia": "LA ESPERANZA"}}, {"model": "folios.ubicacion", "pk": 174, "fields": {"c2": "C2 ORIENTE", "alcaldia": "IZTAPALAPA", "sector": "TEZONCO", "colonia": "LA PLANTA"}}, {"model": "folios.ubicacion", "pk": 175, "fields": {"c2": "C2 ORIENTE", "alcaldia": "IZTAPALAPA", "sector": "TEZONCO", "colonia": "LOMAS DE SAN LORENZO"}}, {"model": "folios.ubicacion", "pk": 176, "fields": {"c2": "C2 ORIENTE", "alcaldia": "IZTAPALAPA", "sector": "TEZONCO", "colonia": "LOS ANGELES"}}, {"model": "folios.ubicacion", "pk": 177, "fields": {"c2": "C2 ORIENTE", "alcaldia": "IZTAPALAPA", "sector": "TEZONCO", "colonia": "PARAJE SAN JUAN"}}, {"model": "folios.ubicacion", "pk": 178, "fields": {"c2": "C2 ORIENTE", "alcaldia": "IZTAPALAPA", "sector": "TEZONCO", "colonia": "PARAJE SAN JUAN 2A AMPL"}}, {"model": "folios.ubicacion", "pk": 179, "fields": {"c2": "C2 ORIENTE", "alcaldia": "IZTAPALAPA", "sector": "TEZONCO", "colonia": "PBLO DE SAN LORENZO TEZONCO"}}, {"model": "folios.ubicacion", "pk": 180, "fields": {"c2": "C2 ORIENTE", "alcaldia": "IZTAPALAPA", "sector": "TEZONCO", "colonia": "PRESIDENTES DE MEXICO"}}, {"model": "folios.ubicacion", "pk": 181, "fields": {"c2": "C2 ORIENTE", "alcaldia": "IZTAPALAPA", "sector": "TEZONCO", "colonia": "PUENTE BLANCO"}}, {"model": "folios.ubicacion", "pk": 182, "fields": {"c2": "C2 ORIENTE", "alcaldia": "IZTAPALAPA", "sector": "TEZONCO", "colonia": "RNDA DEL MOLINO"}}, {"model": "folios.ubicacion", "pk": 183, "fields": {"c2": "C2 ORIENTE", "alcaldia": "IZTAPALAPA", "sector": "TEZONCO", "colonia": "U.H. SAN LORENZO TEZONCO II"}}, {"model": "folios.ubicacion", "pk": 184, "fields": {"c2": "C2 ORIENTE", "alcaldia": "IZTAPALAPA", "sector": "TEZONCO", "colonia": "U.H. USCOVI"}}, {"model": "folios.ubicacion", "pk": 185, "fields": {"c2": "C2 ORIENTE", "alcaldia": "IZTAPALAPA", "sector": "TEZONCO", "colonia": "VALLE DE SAN LORENZO"}}, {"model": "folios.ubicacion", "pk": 186, "fields": {"c2": "C2 ORIENTE", "alcaldia": "MILPA ALTA", "sector": "MILPA ALTA", "colonia": "SN BARTOLOME XICOMULCO"}}, {"model": "folios.ubicacion", "pk": 187, "fields": {"c2": "C2 ORIENTE", "alcaldia": "MILPA ALTA", "sector": "MILPA ALTA", "colonia": "SN LORENZO TLACOYUCAN"}}, {"model": "folios.ubicacion", "pk": 188, "fields": {"c2": "C2 ORIENTE", "alcaldia": "MILPA ALTA", "sector": "MILPA ALTA", "colonia": "SN PABLO OZTOTEPEC TLALPAC"}}, {"model": "folios.ubicacion", "pk": 189, "fields": {"c2": "C2 ORIENTE", "alcaldia": "MILPA ALTA", "sector": "MILPA ALTA", "colonia": "SN PEDRO ATOCPAN"}}, {"model": "folios.ubicacion", "pk": 190, "fields": {"c2": "C2 ORIENTE", "alcaldia": "MILPA ALTA", "sector": "MILPA ALTA", "colonia": "SN SALVADOR CUAUHTENCO"}}, {"model": "folios.ubicacion", "pk": 191, "fields": {"c2": "C2 ORIENTE", "alcaldia": "MILPA ALTA", "sector": "MILPA ALTA", "colonia": "VILLA MILPA ALTA"}}, {"model": "folios.ubicacion", "pk": 192, "fields": {"c2": "C2 ORIENTE", "alcaldia": "MILPA ALTA", "sector": "TECOMITL", "colonia": "SN AGUSTIN OHTENCO"}}, {"model": "folios.ubicacion", "pk": 193, "fields": {"c2": "C2 ORIENTE", "alcaldia": "MILPA ALTA", "sector": "TECOMITL", "colonia": "SN ANTONIO TECOMITL"}}, {"model": "folios.ubicacion", "pk": 194, "fields": {"c2": "C2 ORIENTE", "alcaldia": "MILPA ALTA", "sector": "TECOMITL", "colonia": "SN FRANCISO TECOXPA"}}, {"model": "folios.ubicacion", "pk": 195, "fields": {"c2": "C2 ORIENTE", "alcaldia": "MILPA ALTA", "sector": "TECOMITL", "colonia": "SN JERONIMO MIACATLAN"}}, {"model": "folios.ubicacion", "pk": 196, "fields": {"c2": "C2 ORIENTE", "alcaldia": "MILPA ALTA", "sector": "TECOMITL", "colonia": "SN JUAN TEPENAHUAC"}}, {"model": "folios.ubicacion", "pk": 197, "fields": {"c2": "C2 ORIENTE", "alcaldia": "MILPA ALTA", "sector": "TECOMITL", "colonia": "STA ANA TLACOTENCO"}}, {"model": "folios.ubicacion", "pk": 198, "fields": {"c2": "C2 ORIENTE", "alcaldia": "TLAHUAC", "sector": "MIXQUIC", "colonia": "CONCHITA TIERRA BLANCA TORRES BODET"}}, {"model": "folios.ubicacion", "pk": 199, "fields": {"c2": "C2 ORIENTE", "alcaldia": "TLAHUAC", "sector": "MIXQUIC", "colonia": "EL ROSARIO"}}, {"model": "folios.ubicacion", "pk": 200, "fields": {"c2": "C2 ORIENTE", "alcaldia": "TLAHUAC", "sector": "MIXQUIC", "colonia": "EL TRIANGULO"}}, {"model": "folios.ubicacion", "pk": 201, "fields": {"c2": "C2 ORIENTE", "alcaldia": "TLAHUAC", "sector": "MIXQUIC", "colonia": "FRANCISCO VILLA SAN AGUSTIN"}}, {"model": "folios.ubicacion", "pk": 202, "fields": {"c2": "C2 ORIENTE", "alcaldia": "TLAHUAC", "sector": "MIXQUIC", "colonia": "JARDINES DEL LLANO U.H. TLALTEMPAN"}}, {"model": "folios.ubicacion", "pk": 203, "fields": {"c2": "C2 ORIENTE", "alcaldia": "TLAHUAC", "sector": "MIXQUIC", "colonia": "LA ASUNCION"}}, {"model": "folios.ubicacion", "pk": 204, "fields": {"c2": "C2 ORIENTE", "alcaldia": "TLAHUAC", "sector": "MIXQUIC", "colonia": "LA ASUNCION STA ANA SAN JUAN"}}, {"model": "folios.ubicacion", "pk": 205, "fields": {"c2": "C2 ORIENTE", "alcaldia": "TLAHUAC", "sector": "MIXQUIC", "colonia": "LA LUPITA"}}, {"model": "folios.ubicacion", "pk": 206, "fields": {"c2": "C2 ORIENTE", "alcaldia": "TLAHUAC", "sector": "MIXQUIC", "colonia": "LA MAGDALENA LOS REYES SAN ANDRES"}}, {"model": "folios.ubicacion", "pk": 207, "fields": {"c2": "C2 ORIENTE", "alcaldia": "TLAHUAC", "sector": "MIXQUIC", "colonia": "LA SOLEDAD POTRERO DEL LLANO"}}, {"model": "folios.ubicacion", "pk": 208, "fields": {"c2": "C2 ORIENTE", "alcaldia": "TLAHUAC", "sector": "MIXQUIC", "colonia": "LOPEZ PORTILLO"}}, {"model": "folios.ubicacion", "pk": 209, "fields": {"c2": "C2 ORIENTE", "alcaldia": "TLAHUAC", "sector": "MIXQUIC", "colonia": "OJO DE AGUA"}}, {"model": "folios.ubicacion", "pk": 210, "fields": {"c2": "C2 ORIENTE", "alcaldia": "TLAHUAC", "sector": "MIXQUIC", "colonia": "PBLO DE SAN FRANCISCO TLALTENCO"}}, {"model": "folios.ubicacion", "pk": 211, "fields": {"c2": "C2 ORIENTE", "alcaldia": "TLAHUAC", "sector": "MIXQUIC", "colonia": "SELENE"}}, {"model": "folios.ubicacion", "pk": 212, "fields": {"c2": "C2 ORIENTE", "alcaldia": "TLAHUAC", "sector": "MIXQUIC", "colonia": "SN ANDRES MIXQUIC"}}, {"model": "folios.ubicacion", "pk": 213, "fields": {"c2": "C2 ORIENTE", "alcaldia": "TLAHUAC", "sector": "MIXQUIC", "colonia": "SN JOSE"}}, {"model": "folios.ubicacion", "pk": 214, "fields": {"c2": "C2 ORIENTE", "alcaldia": "TLAHUAC", "sector": "MIXQUIC", "colonia": "SN NICOLAS TETELCO"}}, {"model": "folios.ubicacion", "pk": 215, "fields": {"c2": "C2 ORIENTE", "alcaldia": "TLAHUAC", "sector": "MIXQUIC", "colonia": "SN PEDRO TLAHUAC"}}, {"model": "folios.ubicacion", "pk": 216, "fields": {"c2": "C2 ORIENTE", "alcaldia": "TLAHUAC", "sector": "MIXQUIC", "colonia": "STA CATARINA"}}, {"model": "folios.ubicacion", "pk": 217, "fields": {"c2": "C2 ORIENTE", "alcaldia": "TLAHUAC", "sector": "MIXQUIC", "colonia": "STA CECILIA"}}, {"model": "folios.ubicacion", "pk": 218, "fields": {"c2": "C2 ORIENTE", "alcaldia": "TLAHUAC", "sector": "ZAPOTITLA", "colonia": "AGRICOLA METROPOLITANA"}}, {"model": "folios.ubicacion", "pk": 219, "fields": {"c2": "C2 ORIENTE", "alcaldia": "TLAHUAC", "sector": "ZAPOTITLA", "colonia": "AMPL SAN MIGUEL ZAPOTITLA"}}, {"model": "folios.ubicacion", "pk": 220, "fields": {"c2": "C2 ORIENTE", "alcaldia": "TLAHUAC", "sector": "ZAPOTITLA", "colonia": "DEL MAR"}}, {"model": "folios.ubicacion", "pk": 221, "fields": {"c2": "C2 ORIENTE", "alcaldia": "TLAHUAC", "sector": "ZAPOTITLA", "colonia": "DR FRANCISCO CABRERA"}}, {"model": "folios.ubicacion", "pk": 222, "fields": {"c2": "C2 ORIENTE", "alcaldia": "TLAHUAC", "sector": "ZAPOTITLA", "colonia": "GRANJAS CABRERA"}}, {"model": "folios.ubicacion", "pk": 223, "fields": {"c2": "C2 ORIENTE", "alcaldia": "TLAHUAC", "sector": "ZAPOTITLA", "colonia": "GRANJAS SAN JERONIMO"}}, {"model": "folios.ubicacion", "pk": 224, "fields": {"c2": "C2 ORIENTE", "alcaldia": "TLAHUAC", "sector": "ZAPOTITLA", "colonia": "LA ESTACION"}}, {"model": "folios.ubicacion", "pk": 225, "fields": {"c2": "C2 ORIENTE", "alcaldia": "TLAHUAC", "sector": "ZAPOTITLA", "colonia": "LA NOPALERA"}}, {"model": "folios.ubicacion", "pk": 226, "fields": {"c2": "C2 ORIENTE", "alcaldia": "TLAHUAC", "sector": "ZAPOTITLA", "colonia": "LA TURBA"}}, {"model": "folios.ubicacion", "pk": 227, "fields": {"c2": "C2 ORIENTE", "alcaldia": "TLAHUAC", "sector": "ZAPOTITLA", "colonia": "LAS ARBOLEDAS"}}, {"model": "folios.ubicacion", "pk": 228, "fields": {"c2": "C2 ORIENTE", "alcaldia": "TLAHUAC", "sector": "ZAPOTITLA", "colonia": "LOS OLIVOS"}}, {"model": "folios.ubicacion", "pk": 229, "fields": {"c2": "C2 ORIENTE", "alcaldia": "TLAHUAC", "sector": "ZAPOTITLA", "colonia": "MIGUEL HIDALGO"}}, {"model": "folios.ubicacion", "pk": 230, "fields": {"c2": "C2 ORIENTE", "alcaldia": "TLAHUAC", "sector": "ZAPOTITLA", "colonia": "PBLO SANTIAGO ZAPOTITLAN"}}, {"model": "folios.ubicacion", "pk": 231, "fields": {"c2": "C2 ORIENTE", "alcaldia": "TLAHUAC", "sector": "ZAPOTITLA", "colonia": "STA ANA"}}, {"model": "folios.ubicacion", "pk": 232, "fields": {"c2": "C2 ORIENTE", "alcaldia": "TLAHUAC", "sector": "ZAPOTITLA", "colonia": "VILLA CENTROAMERICANA"}}, {"model": "folios.ubicacion", "pk": 233, "fields": {"c2": "C2 ORIENTE", "alcaldia": "TLAHUAC", "sector": "ZAPOTITLA", "colonia": "ZAPOTITLA"}}, {"model": "folios.ubicacion", "pk": 234, "fields": {"c2": "C2 ORIENTE", "alcaldia": "TLAHUAC", "sector": "ZAPOTITLA", "colonia": "ZAPOTITLAN"}}, {"model": "folios.ubicacion", "pk": 235, "fields": {"c2": "C2 ORIENTE", "alcaldia": "XOCHIMILCO", "sector": "LA NORIA", "colonia": "AMPL SAN MARCOS LAS PERITAS"}}, {"model": "folios.ubicacion", "pk": 236, "fields": {"c2": "C2 ORIENTE", "alcaldia": "XOCHIMILCO", "sector": "LA NORIA", "colonia": "AMPL TEPEPAN"}}, {"model": "folios.ubicacion", "pk": 237, "fields": {"c2": "C2 ORIENTE", "alcaldia": "XOCHIMILCO", "sector": "LA NORIA", "colonia": "BARRIO EL MIRADOR"}}, {"model": "folios.ubicacion", "pk": 238, "fields": {"c2": "C2 ORIENTE", "alcaldia": "XOCHIMILCO", "sector": "LA NORIA", "colonia": "BARRIO SAN PEDRO"}}, {"model": "folios.ubicacion", "pk": 239, "fields": {"c2": "C2 ORIENTE", "alcaldia": "XOCHIMILCO", "sector": "LA NORIA", "colonia": "BOSQUE RESID SUR SAN BARTOLO"}}, {"model": "folios.ubicacion", "pk": 240, "fields": {"c2": "C2 ORIENTE", "alcaldia": "XOCHIMILCO", "sector": "LA NORIA", "colonia": "FRACC ARCOS DEL SUR"}}, {"model": "folios.ubicacion", "pk": 241, "fields": {"c2": "C2 ORIENTE", "alcaldia": "XOCHIMILCO", "sector": "LA NORIA", "colonia": "FRACC PASEOS DEL SUR"}}, {"model": "folios.ubicacion", "pk": 242, "fields": {"c2": "C2 ORIENTE", "alcaldia": "XOCHIMILCO", "sector": "LA NORIA", "colonia": "GUADALUPE"}}, {"model": "folios.ubicacion", "pk": 243, "fields": {"c2": "C2 ORIENTE", "alcaldia": "XOCHIMILCO", "sector": "LA NORIA", "colonia": "HUICHAPAN"}}, {"model": "folios.ubicacion", "pk": 244, "fields": {"c2": "C2 ORIENTE", "alcaldia": "XOCHIMILCO", "sector": "LA NORIA", "colonia": "JARDINES DEL SUR"}}, {"model": "folios.ubicacion", "pk": 245, "fields": {"c2": "C2 ORIENTE", "alcaldia": "XOCHIMILCO", "sector": "LA NORIA", "colonia": "LA CAÑADA"}}, {"model": "folios.ubicacion", "pk": 246, "fields": {"c2": "C2 ORIENTE", "alcaldia": "XOCHIMILCO", "sector": "LA NORIA", "colonia": "LA CEBADA EJIDOS DE TEPEPAN"}}, {"model": "folios.ubicacion", "pk": 247, "fields": {"c2": "C2 ORIENTE", "alcaldia": "XOCHIMILCO", "sector": "LA NORIA", "colonia": "LA NORIA"}}, {"model": "folios.ubicacion", "pk": 248, "fields": {"c2": "C2 ORIENTE", "alcaldia": "XOCHIMILCO", "sector": "LA NORIA", "colonia": "LOS MORALES"}}, {"model": "folios.ubicacion", "pk": 249, "fields": {"c2": "C2 ORIENTE", "alcaldia": "XOCHIMILCO", "sector": "LA NORIA", "colonia": "PBLO DE SAN FRANCISCO TLALNEPANTLA"}}, {"model": "folios.ubicacion", "pk": 250, "fields": {"c2": "C2 ORIENTE", "alcaldia": "XOCHIMILCO", "sector": "LA NORIA", "colonia": "PBLO SANTIAGO TEPALCATLAPAN"}}, {"model": "folios.ubicacion", "pk": 251, "fields": {"c2": "C2 ORIENTE", "alcaldia": "XOCHIMILCO", "sector": "LA NORIA", "colonia": "PBLO SN ANDRES AHUAYUCAN"}}, {"model": "folios.ubicacion", "pk": 252, "fields": {"c2": "C2 ORIENTE", "alcaldia": "XOCHIMILCO", "sector": "LA NORIA", "colonia": "PBLO SN MATEO XALPA"}}, {"model": "folios.ubicacion", "pk": 253, "fields": {"c2": "C2 ORIENTE", "alcaldia": "XOCHIMILCO", "sector": "LA NORIA", "colonia": "PBLO STA CECILIA TEPETLAPA"}}, {"model": "folios.ubicacion", "pk": 254, "fields": {"c2": "C2 ORIENTE", "alcaldia": "XOCHIMILCO", "sector": "LA NORIA", "colonia": "RCDA DEL SUR FOVISSSTE"}}, {"model": "folios.ubicacion", "pk": 255, "fields": {"c2": "C2 ORIENTE", "alcaldia": "XOCHIMILCO", "sector": "LA NORIA", "colonia": "RESID TESMIC"}}, {"model": "folios.ubicacion", "pk": 256, "fields": {"c2": "C2 ORIENTE", "alcaldia": "XOCHIMILCO", "sector": "LA NORIA", "colonia": "SN LUCAS XOCHIMANCA"}}, {"model": "folios.ubicacion", "pk": 257, "fields": {"c2": "C2 ORIENTE", "alcaldia": "XOCHIMILCO", "sector": "LA NORIA", "colonia": "STA CRUZ CHAVARRIETA"}}, {"model": "folios.ubicacion", "pk": 258, "fields": {"c2": "C2 ORIENTE", "alcaldia": "XOCHIMILCO", "sector": "LA NORIA", "colonia": "STA CRUZ XOCHITEPEC"}}, {"model": "folios.ubicacion", "pk": 259, "fields": {"c2": "C2 ORIENTE", "alcaldia": "XOCHIMILCO", "sector": "LA NORIA", "colonia": "STA INES"}}, {"model": "folios.ubicacion", "pk": 260, "fields": {"c2": "C2 ORIENTE", "alcaldia": "XOCHIMILCO", "sector": "LA NORIA", "colonia": "STA MARIA TEPEPAN"}}, {"model": "folios.ubicacion", "pk": 261, "fields": {"c2": "C2 ORIENTE", "alcaldia": "XOCHIMILCO", "sector": "LA NORIA", "colonia": "TIERRA NUEVA"}}, {"model": "folios.ubicacion", "pk": 262, "fields": {"c2": "C2 ORIENTE", "alcaldia": "XOCHIMILCO", "sector": "LA NORIA", "colonia": "U.H. LORETO Y PEÑA POBRE"}}, {"model": "folios.ubicacion", "pk": 263, "fields": {"c2": "C2 ORIENTE", "alcaldia": "XOCHIMILCO", "sector": "LA NORIA", "colonia": "U.H. VILLA XOCHIMILCO"}}, {"model": "folios.ubicacion", "pk": 264, "fields": {"c2": "C2 ORIENTE", "alcaldia": "XOCHIMILCO", "sector": "LA NORIA", "colonia": "UNIDAD NATIVITAS"}}, {"model": "folios.ubicacion", "pk": 265, "fields": {"c2": "C2 ORIENTE", "alcaldia": "XOCHIMILCO", "sector": "TEPEPAN", "colonia": "AMPL NATIVITAS SAN LORENZO ATEMOAYA"}}, {"model": "folios.ubicacion", "pk": 266, "fields": {"c2": "C2 ORIENTE", "alcaldia": "XOCHIMILCO", "sector": "TEPEPAN", "colonia": "AMPL SAN MARCOS LAS PERITAS"}}, {"model": "folios.ubicacion", "pk": 267, "fields": {"c2": "C2 ORIENTE", "alcaldia": "XOCHIMILCO", "sector": "TEPEPAN", "colonia": "BARRIO 18"}}, {"model": "folios.ubicacion", "pk": 268, "fields": {"c2": "C2 ORIENTE", "alcaldia": "XOCHIMILCO", "sector": "TEPEPAN", "colonia": "BARRIO BELEN"}}, {"model": "folios.ubicacion", "pk": 269, "fields": {"c2": "C2 ORIENTE", "alcaldia": "XOCHIMILCO", "sector": "TEPEPAN", "colonia": "BARRIO CALTONGO"}}, {"model": "folios.ubicacion", "pk": 270, "fields": {"c2": "C2 ORIENTE", "alcaldia": "XOCHIMILCO", "sector": "TEPEPAN", "colonia": "BARRIO CALYEQUITA"}}, {"model": "folios.ubicacion", "pk": 271, "fields": {"c2": "C2 ORIENTE", "alcaldia": "XOCHIMILCO", "sector": "TEPEPAN", "colonia": "BARRIO EL ROSARIO"}}, {"model": "folios.ubicacion", "pk": 272, "fields": {"c2": "C2 ORIENTE", "alcaldia": "XOCHIMILCO", "sector": "TEPEPAN", "colonia": "BARRIO LA ASUNCION"}}, {"model": "folios.ubicacion", "pk": 273, "fields": {"c2": "C2 ORIENTE", "alcaldia": "XOCHIMILCO", "sector": "TEPEPAN", "colonia": "BARRIO LA CONCEPCION TLACOAPA"}}, {"model": "folios.ubicacion", "pk": 274, "fields": {"c2": "C2 ORIENTE", "alcaldia": "XOCHIMILCO", "sector": "TEPEPAN", "colonia": "BARRIO LA SANTISIMA"}}, {"model": "folios.ubicacion", "pk": 275, "fields": {"c2": "C2 ORIENTE", "alcaldia": "XOCHIMILCO", "sector": "TEPEPAN", "colonia": "BARRIO LOS REYES"}}, {"model": "folios.ubicacion", "pk": 276, "fields": {"c2": "C2 ORIENTE", "alcaldia": "XOCHIMILCO", "sector": "TEPEPAN", "colonia": "BARRIO SAN ANTONIO"}}, {"model": "folios.ubicacion", "pk": 277, "fields": {"c2": "C2 ORIENTE", "alcaldia": "XOCHIMILCO", "sector": "TEPEPAN", "colonia": "BARRIO SAN CRISTOBAL"}}, {"model": "folios.ubicacion", "pk": 278, "fields": {"c2": "C2 ORIENTE", "alcaldia": "XOCHIMILCO", "sector": "TEPEPAN", "colonia": "BARRIO SAN DIEGO"}}, {"model": "folios.ubicacion", "pk": 279, "fields": {"c2": "C2 ORIENTE", "alcaldia": "XOCHIMILCO", "sector": "TEPEPAN", "colonia": "BARRIO SAN ESTEBAN"}}, {"model": "folios.ubicacion", "pk": 280, "fields": {"c2": "C2 ORIENTE", "alcaldia": "XOCHIMILCO", "sector": "TEPEPAN", "colonia": "BARRIO SAN JUAN"}}, {"model": "folios.ubicacion", "pk": 281, "fields": {"c2": "C2 ORIENTE", "alcaldia": "XOCHIMILCO", "sector": "TEPEPAN", "colonia": "BARRIO SAN LORENZO"}}, {"model": "folios.ubicacion", "pk": 282, "fields": {"c2": "C2 ORIENTE", "alcaldia": "XOCHIMILCO", "sector": "TEPEPAN", "colonia": "BARRIO SAN MARCOS"}}, {"model": "folios.ubicacion", "pk": 283, "fields": {"c2": "C2 ORIENTE", "alcaldia": "XOCHIMILCO", "sector": "TEPEPAN", "colonia": "BARRIO XALTOCAN"}}, {"model": "folios.ubicacion", "pk": 284, "fields": {"c2": "C2 ORIENTE", "alcaldia": "XOCHIMILCO", "sector": "TEPEPAN", "colonia": "CRISTO REY"}}, {"model": "folios.ubicacion", "pk": 285, "fields": {"c2": "C2 ORIENTE", "alcaldia": "XOCHIMILCO", "sector": "TEPEPAN", "colonia": "DEL CARMEN"}}, {"model": "folios.ubicacion", "pk": 286, "fields": {"c2": "C2 ORIENTE", "alcaldia": "XOCHIMILCO", "sector": "TEPEPAN", "colonia": "EL MIRADOR"}}, {"model": "folios.ubicacion", "pk": 287, "fields": {"c2": "C2 ORIENTE", "alcaldia": "XOCHIMILCO", "sector": "TEPEPAN", "colonia": "GUADALUPANA"}}, {"model": "folios.ubicacion", "pk": 288, "fields": {"c2": "C2 ORIENTE", "alcaldia": "XOCHIMILCO", "sector": "TEPEPAN", "colonia": "GUADALUPITA"}}, {"model": "folios.ubicacion", "pk": 289, "fields": {"c2": "C2 ORIENTE", "alcaldia": "XOCHIMILCO", "sector": "TEPEPAN", "colonia": "LAS CRUCES LAS FLORES"}}, {"model": "folios.ubicacion", "pk": 290, "fields": {"c2": "C2 ORIENTE", "alcaldia": "XOCHIMILCO", "sector": "TEPEPAN", "colonia": "LOMAS DE TONALCO"}}, {"model": "folios.ubicacion", "pk": 291, "fields": {"c2": "C2 ORIENTE", "alcaldia": "XOCHIMILCO", "sector": "TEPEPAN", "colonia": "LOS CERRILLOS"}}, {"model": "folios.ubicacion", "pk": 292, "fields": {"c2": "C2 ORIENTE", "alcaldia": "XOCHIMILCO", "sector": "TEPEPAN", "colonia": "OLIVAR STA MARIA"}}, {"model": "folios.ubicacion", "pk": 293, "fields": {"c2": "C2 ORIENTE", "alcaldia": "XOCHIMILCO", "sector": "TEPEPAN", "colonia": "PBLO DE SAN LUIS TLAXIALTEMALCO"}}, {"model": "folios.ubicacion", "pk": 294, "fields": {"c2": "C2 ORIENTE", "alcaldia": "XOCHIMILCO", "sector": "TEPEPAN", "colonia": "PBLO STA CRUZ ACALPIXCA"}}, {"model": "folios.ubicacion", "pk": 295, "fields": {"c2": "C2 ORIENTE", "alcaldia": "XOCHIMILCO", "sector": "TEPEPAN", "colonia": "QUIRINO MENDOZA"}}, {"model": "folios.ubicacion", "pk": 296, "fields": {"c2": "C2 ORIENTE", "alcaldia": "XOCHIMILCO", "sector": "TEPEPAN", "colonia": "SN FELIPE"}}, {"model": "folios.ubicacion", "pk": 297, "fields": {"c2": "C2 ORIENTE", "alcaldia": "XOCHIMILCO", "sector": "TEPEPAN", "colonia": "SN GREGORIO ATLAPULCO"}}, {"model": "folios.ubicacion", "pk": 298, "fields": {"c2": "C2 ORIENTE", "alcaldia": "XOCHIMILCO", "sector": "TEPEPAN", "colonia": "SN ISIDRO"}}, {"model": "folios.ubicacion", "pk": 299, "fields": {"c2": "C2 ORIENTE", "alcaldia": "XOCHIMILCO", "sector": "TEPEPAN", "colonia": "SN JERONIMO"}}, {"model": "folios.ubicacion", "pk": 300, "fields": {"c2": "C2 ORIENTE", "alcaldia": "XOCHIMILCO", "sector": "TEPEPAN", "colonia": "SN JUAN"}}, {"model": "folios.ubicacion", "pk": 301, "fields": {"c2": "C2 ORIENTE", "alcaldia": "XOCHIMILCO", "sector": "TEPEPAN", "colonia": "SN JUAN MINAS"}}, {"model": "folios.ubicacion", "pk": 302, "fields": {"c2": "C2 ORIENTE", "alcaldia": "XOCHIMILCO", "sector": "TEPEPAN", "colonia": "SN LORENZO LA CEBADA"}}, {"model": "folios.ubicacion", "pk": 303, "fields": {"c2": "C2 ORIENTE", "alcaldia": "XOCHIMILCO", "sector": "TEPEPAN", "colonia": "SN SEBASTIAN"}}, {"model": "folios.ubicacion", "pk": 304, "fields": {"c2": "C2 ORIENTE", "alcaldia": "XOCHIMILCO", "sector": "TEPEPAN", "colonia": "STA MARIA NATIVITAS"}}, {"model": "folios.ubicacion", "pk": 305, "fields": {"c2": "C2 ORIENTE", "alcaldia": "XOCHIMILCO", "sector": "TEPEPAN", "colonia": "XICALHUACAN"}}, {"model": "folios.ubicacion", "pk": 306, "fields": {"c2": "C2 ORIENTE", "alcaldia": "XOCHIMILCO", "sector": "TEPEPAN", "colonia": "XOCHIPILLI"}}, {"model": "folios.ubicacion", "pk": 307, "fields": {"c2": "C2 PONIENTE", "alcaldia": "ALVARO OBREGON", "sector": "ALPES", "colonia": "PARQUE AGUILAS 1° 2°"}}, {"model": "folios.ubicacion", "pk": 308, "fields": {"c2": "C2 PONIENTE", "alcaldia": "ALVARO OBREGON", "sector": "ALPES", "colonia": "AMPL LAS ÁGUILAS"}}, {"model": "folios.ubicacion", "pk": 309, "fields": {"c2": "C2 PONIENTE", "alcaldia": "ALVARO OBREGON", "sector": "ALPES", "colonia": "LAS ÁGUILAS"}}, {"model": "folios.ubicacion", "pk": 310, "fields": {"c2": "C2 PONIENTE", "alcaldia": "ALVARO OBREGON", "sector": "ALPES", "colonia": "ALPES AMPL"}}, {"model": "folios.ubicacion", "pk": 311, "fields": {"c2": "C2 PONIENTE", "alcaldia": "ALVARO OBREGON", "sector": "ALPES", "colonia": "ALPES LOS"}}, {"model": "folios.ubicacion", "pk": 312, "fields": {"c2": "C2 PONIENTE", "alcaldia": "ALVARO OBREGON", "sector": "ALPES", "colonia": "AMPL TLACOYAQUE"}}, {"model": "folios.ubicacion", "pk": 313, "fields": {"c2": "C2 PONIENTE", "alcaldia": "ALVARO OBREGON", "sector": "ALPES", "colonia": "AMPL TORRES DE POTRERO"}}, {"model": "folios.ubicacion", "pk": 314, "fields": {"c2": "C2 PONIENTE", "alcaldia": "ALVARO OBREGON", "sector": "ALPES", "colonia": "ANGOSTURA LA"}}, {"model": "folios.ubicacion", "pk": 315, "fields": {"c2": "C2 PONIENTE", "alcaldia": "ALVARO OBREGON", "sector": "ALPES", "colonia": "ATLAMAYA"}}, {"model": "folios.ubicacion", "pk": 316, "fields": {"c2": "C2 PONIENTE", "alcaldia": "ALVARO OBREGON", "sector": "ALPES", "colonia": "CAMINO REAL DE TETELPAN"}}, {"model": "folios.ubicacion", "pk": 317, "fields": {"c2": "C2 PONIENTE", "alcaldia": "ALVARO OBREGON", "sector": "ALPES", "colonia": "CAPULIN TLACOYAQUE"}}, {"model": "folios.ubicacion", "pk": 318, "fields": {"c2": "C2 PONIENTE", "alcaldia": "ALVARO OBREGON", "sector": "ALPES", "colonia": "EL MIRADOR"}}, {"model": "folios.ubicacion", "pk": 319, "fields": {"c2": "C2 PONIENTE", "alcaldia": "ALVARO OBREGON", "sector": "ALPES", "colonia": "FLOR DE MARIA"}}, {"model": "folios.ubicacion", "pk": 320, "fields": {"c2": "C2 PONIENTE", "alcaldia": "ALVARO OBREGON", "sector": "ALPES", "colonia": "HERRADURA LA"}}, {"model": "folios.ubicacion", "pk": 321, "fields": {"c2": "C2 PONIENTE", "alcaldia": "ALVARO OBREGON", "sector": "ALPES", "colonia": "JOYITA LA"}}, {"model": "folios.ubicacion", "pk": 322, "fields": {"c2": "C2 PONIENTE", "alcaldia": "ALVARO OBREGON", "sector": "ALPES", "colonia": "LOMAS DE AXOMIATLA"}}, {"model": "folios.ubicacion", "pk": 323, "fields": {"c2": "C2 PONIENTE", "alcaldia": "ALVARO OBREGON", "sector": "ALPES", "colonia": "LOMAS DE CHAMONTOYA"}}, {"model": "folios.ubicacion", "pk": 324, "fields": {"c2": "C2 PONIENTE", "alcaldia": "ALVARO OBREGON", "sector": "ALPES", "colonia": "LOMAS DE GUADALUPE"}}, {"model": "folios.ubicacion", "pk": 325, "fields": {"c2": "C2 PONIENTE", "alcaldia": "ALVARO OBREGON", "sector": "ALPES", "colonia": "LOMAS DE LA ERA"}}, {"model": "folios.ubicacion", "pk": 326, "fields": {"c2": "C2 PONIENTE", "alcaldia": "ALVARO OBREGON", "sector": "ALPES", "colonia": "LOMAS DE LAS AGUILAS"}}, {"model": "folios.ubicacion", "pk": 327, "fields": {"c2": "C2 PONIENTE", "alcaldia": "ALVARO OBREGON", "sector": "ALPES", "colonia": "LOMAS SAN ANGEL INN"}}, {"model": "folios.ubicacion", "pk": 328, "fields": {"c2": "C2 PONIENTE", "alcaldia": "ALVARO OBREGON", "sector": "ALPES", "colonia": "OLIVAR DE LOS PADRES"}}, {"model": "folios.ubicacion", "pk": 329, "fields": {"c2": "C2 PONIENTE", "alcaldia": "ALVARO OBREGON", "sector": "ALPES", "colonia": "PBLO TETELPAN"}}, {"model": "folios.ubicacion", "pk": 330, "fields": {"c2": "C2 PONIENTE", "alcaldia": "ALVARO OBREGON", "sector": "ALPES", "colonia": "PODER POPUPULAR COOPERATIVA"}}, {"model": "folios.ubicacion", "pk": 331, "fields": {"c2": "C2 PONIENTE", "alcaldia": "ALVARO OBREGON", "sector": "ALPES", "colonia": "PROGRESO"}}, {"model": "folios.ubicacion", "pk": 332, "fields": {"c2": "C2 PONIENTE", "alcaldia": "ALVARO OBREGON", "sector": "ALPES", "colonia": "PUENTE COLORADO"}}, {"model": "folios.ubicacion", "pk": 333, "fields": {"c2": "C2 PONIENTE", "alcaldia": "ALVARO OBREGON", "sector": "ALPES", "colonia": "PUENTE COLORADO AMPL"}}, {"model": "folios.ubicacion", "pk": 334, "fields": {"c2": "C2 PONIENTE", "alcaldia": "ALVARO OBREGON", "sector": "ALPES", "colonia": "RINCON DE LA BOLSA"}}, {"model": "folios.ubicacion", "pk": 335, "fields": {"c2": "C2 PONIENTE", "alcaldia": "ALVARO OBREGON", "sector": "ALPES", "colonia": "SN BARTOLO AMEYALCO PUEBLO"}}, {"model": "folios.ubicacion", "pk": 336, "fields": {"c2": "C2 PONIENTE", "alcaldia": "ALVARO OBREGON", "sector": "ALPES", "colonia": "SN CLEMENTE"}}, {"model": "folios.ubicacion", "pk": 337, "fields": {"c2": "C2 PONIENTE", "alcaldia": "ALVARO OBREGON", "sector": "ALPES", "colonia": "SN FRANCISCO RANCHO"}}, {"model": "folios.ubicacion", "pk": 338, "fields": {"c2": "C2 PONIENTE", "alcaldia": "ALVARO OBREGON", "sector": "ALPES", "colonia": "STA ROSA XOCHIAC"}}, {"model": "folios.ubicacion", "pk": 339, "fields": {"c2": "C2 PONIENTE", "alcaldia": "ALVARO OBREGON", "sector": "ALPES", "colonia": "TIZAMPAMPANO"}}, {"model": "folios.ubicacion", "pk": 340, "fields": {"c2": "C2 PONIENTE", "alcaldia": "ALVARO OBREGON", "sector": "ALPES", "colonia": "TLACOYAQUE"}}, {"model": "folios.ubicacion", "pk": 341, "fields": {"c2": "C2 PONIENTE", "alcaldia": "ALVARO OBREGON", "sector": "ALPES", "colonia": "TORRES DE POTRERO"}}, {"model": "folios.ubicacion", "pk": 342, "fields": {"c2": "C2 PONIENTE", "alcaldia": "ALVARO OBREGON", "sector": "ALPES", "colonia": "VILLA VERDUN"}}, {"model": "folios.ubicacion", "pk": 343, "fields": {"c2": "C2 PONIENTE", "alcaldia": "ALVARO OBREGON", "sector": "PLATEROS", "colonia": "ACUEDUCTO"}}, {"model": "folios.ubicacion", "pk": 344, "fields": {"c2": "C2 PONIENTE", "alcaldia": "ALVARO OBREGON", "sector": "PLATEROS", "colonia": "ALFONSO XIII"}}, {"model": "folios.ubicacion", "pk": 345, "fields": {"c2": "C2 PONIENTE", "alcaldia": "ALVARO OBREGON", "sector": "PLATEROS", "colonia": "AMERICAS LAS"}}, {"model": "folios.ubicacion", "pk": 346, "fields": {"c2": "C2 PONIENTE", "alcaldia": "ALVARO OBREGON", "sector": "PLATEROS", "colonia": "AMPL CAPULIN"}}, {"model": "folios.ubicacion", "pk": 347, "fields": {"c2": "C2 PONIENTE", "alcaldia": "ALVARO OBREGON", "sector": "PLATEROS", "colonia": "ARTURO MARTINEZ"}}, {"model": "folios.ubicacion", "pk": 348, "fields": {"c2": "C2 PONIENTE", "alcaldia": "ALVARO OBREGON", "sector": "PLATEROS", "colonia": "ARVIDE"}}, {"model": "folios.ubicacion", "pk": 349, "fields": {"c2": "C2 PONIENTE", "alcaldia": "ALVARO OBREGON", "sector": "PLATEROS", "colonia": "BATALLON DE SAN PATRICIO U.H."}}, {"model": "folios.ubicacion", "pk": 350, "fields": {"c2": "C2 PONIENTE", "alcaldia": "ALVARO OBREGON", "sector": "PLATEROS", "colonia": "BELEN DE LAS FLORES"}}, {"model": "folios.ubicacion", "pk": 351, "fields": {"c2": "C2 PONIENTE", "alcaldia": "ALVARO OBREGON", "sector": "PLATEROS", "colonia": "BELLA VISTA"}}, {"model": "folios.ubicacion", "pk": 352, "fields": {"c2": "C2 PONIENTE", "alcaldia": "ALVARO OBREGON", "sector": "PLATEROS", "colonia": "BONANZA"}}, {"model": "folios.ubicacion", "pk": 353, "fields": {"c2": "C2 PONIENTE", "alcaldia": "ALVARO OBREGON", "sector": "PLATEROS", "colonia": "CASCADA LA"}}, {"model": "folios.ubicacion", "pk": 354, "fields": {"c2": "C2 PONIENTE", "alcaldia": "ALVARO OBREGON", "sector": "PLATEROS", "colonia": "CONCHITA LA"}}, {"model": "folios.ubicacion", "pk": 355, "fields": {"c2": "C2 PONIENTE", "alcaldia": "ALVARO OBREGON", "sector": "PLATEROS", "colonia": "COVE"}}, {"model": "folios.ubicacion", "pk": 356, "fields": {"c2": "C2 PONIENTE", "alcaldia": "ALVARO OBREGON", "sector": "PLATEROS", "colonia": "CRISTO REY"}}, {"model": "folios.ubicacion", "pk": 357, "fields": {"c2": "C2 PONIENTE", "alcaldia": "ALVARO OBREGON", "sector": "PLATEROS", "colonia": "DES URB ALVARO OBREGON"}}, {"model": "folios.ubicacion", "pk": 358, "fields": {"c2": "C2 PONIENTE", "alcaldia": "ALVARO OBREGON", "sector": "PLATEROS", "colonia": "EL CAPULIN"}}, {"model": "folios.ubicacion", "pk": 359, "fields": {"c2": "C2 PONIENTE", "alcaldia": "ALVARO OBREGON", "sector": "PLATEROS", "colonia": "EL PARAISO"}}, {"model": "folios.ubicacion", "pk": 360, "fields": {"c2": "C2 PONIENTE", "alcaldia": "ALVARO OBREGON", "sector": "PLATEROS", "colonia": "FRACC EL PIRU"}}, {"model": "folios.ubicacion", "pk": 361, "fields": {"c2": "C2 PONIENTE", "alcaldia": "ALVARO OBREGON", "sector": "PLATEROS", "colonia": "FRANCISCO VILLA"}}, {"model": "folios.ubicacion", "pk": 362, "fields": {"c2": "C2 PONIENTE", "alcaldia": "ALVARO OBREGON", "sector": "PLATEROS", "colonia": "GOLONDRINA 1A AMPL. LAS"}}, {"model": "folios.ubicacion", "pk": 363, "fields": {"c2": "C2 PONIENTE", "alcaldia": "ALVARO OBREGON", "sector": "PLATEROS", "colonia": "GOLONDRINA 2A AMPL. LAS"}}, {"model": "folios.ubicacion", "pk": 364, "fields": {"c2": "C2 PONIENTE", "alcaldia": "ALVARO OBREGON", "sector": "PLATEROS", "colonia": "GOLONDRINAS. LAS"}}, {"model": "folios.ubicacion", "pk": 365, "fields": {"c2": "C2 PONIENTE", "alcaldia": "ALVARO OBREGON", "sector": "PLATEROS", "colonia": "HIDALGO"}}, {"model": "folios.ubicacion", "pk": 366, "fields": {"c2": "C2 PONIENTE", "alcaldia": "ALVARO OBREGON", "sector": "PLATEROS", "colonia": "HOGAR Y REDENCION"}}, {"model": "folios.ubicacion", "pk": 367, "fields": {"c2": "C2 PONIENTE", "alcaldia": "ALVARO OBREGON", "sector": "PLATEROS", "colonia": "ISIDRO FABELA"}}, {"model": "folios.ubicacion", "pk": 368, "fields": {"c2": "C2 PONIENTE", "alcaldia": "ALVARO OBREGON", "sector": "PLATEROS", "colonia": "JOSE MARIA PINO SUAREZ"}}, {"model": "folios.ubicacion", "pk": 369, "fields": {"c2": "C2 PONIENTE", "alcaldia": "ALVARO OBREGON", "sector": "PLATEROS", "colonia": "JOYA LA"}}, {"model": "folios.ubicacion", "pk": 370, "fields": {"c2": "C2 PONIENTE", "alcaldia": "ALVARO OBREGON", "sector": "PLATEROS", "colonia": "LA PRESA"}}, {"model": "folios.ubicacion", "pk": 371, "fields": {"c2": "C2 PONIENTE", "alcaldia": "ALVARO OBREGON", "sector": "PLATEROS", "colonia": "LA PRESA SECC HORNO"}}, {"model": "folios.ubicacion", "pk": 372, "fields": {"c2": "C2 PONIENTE", "alcaldia": "ALVARO OBREGON", "sector": "PLATEROS", "colonia": "LAS PALMAS"}}, {"model": "folios.ubicacion", "pk": 373, "fields": {"c2": "C2 PONIENTE", "alcaldia": "ALVARO OBREGON", "sector": "PLATEROS", "colonia": "LIBERALES DE 1857"}}, {"model": "folios.ubicacion", "pk": 374, "fields": {"c2": "C2 PONIENTE", "alcaldia": "ALVARO OBREGON", "sector": "PLATEROS", "colonia": "LOMAS DE BECERRA"}}, {"model": "folios.ubicacion", "pk": 375, "fields": {"c2": "C2 PONIENTE", "alcaldia": "ALVARO OBREGON", "sector": "PLATEROS", "colonia": "LOMAS DE BECERRA U.H."}}, {"model": "folios.ubicacion", "pk": 376, "fields": {"c2": "C2 PONIENTE", "alcaldia": "ALVARO OBREGON", "sector": "PLATEROS", "colonia": "LOMAS DE CAPULA"}}, {"model": "folios.ubicacion", "pk": 377, "fields": {"c2": "C2 PONIENTE", "alcaldia": "ALVARO OBREGON", "sector": "PLATEROS", "colonia": "LOMAS DE PLATEROS U.H."}}, {"model": "folios.ubicacion", "pk": 378, "fields": {"c2": "C2 PONIENTE", "alcaldia": "ALVARO OBREGON", "sector": "PLATEROS", "colonia": "LOMAS DE TARANGO"}}, {"model": "folios.ubicacion", "pk": 379, "fields": {"c2": "C2 PONIENTE", "alcaldia": "ALVARO OBREGON", "sector": "PLATEROS", "colonia": "MARIA GUADALUPE DE GARCIA RUIZ"}}, {"model": "folios.ubicacion", "pk": 380, "fields": {"c2": "C2 PONIENTE", "alcaldia": "ALVARO OBREGON", "sector": "PLATEROS", "colonia": "MERCED GOMEZ"}}, {"model": "folios.ubicacion", "pk": 381, "fields": {"c2": "C2 PONIENTE", "alcaldia": "ALVARO OBREGON", "sector": "PLATEROS", "colonia": "MINAS DE CRISTO REY"}}, {"model": "folios.ubicacion", "pk": 382, "fields": {"c2": "C2 PONIENTE", "alcaldia": "ALVARO OBREGON", "sector": "PLATEROS", "colonia": "MOLINO DE ROSAS"}}, {"model": "folios.ubicacion", "pk": 383, "fields": {"c2": "C2 PONIENTE", "alcaldia": "ALVARO OBREGON", "sector": "PLATEROS", "colonia": "MOLINO DE ROSAS AMPL"}}, {"model": "folios.ubicacion", "pk": 384, "fields": {"c2": "C2 PONIENTE", "alcaldia": "ALVARO OBREGON", "sector": "PLATEROS", "colonia": "MOLINO SANTO DOMINGO"}}, {"model": "folios.ubicacion", "pk": 385, "fields": {"c2": "C2 PONIENTE", "alcaldia": "ALVARO OBREGON", "sector": "PLATEROS", "colonia": "OLIVAR DEL CONDE"}}, {"model": "folios.ubicacion", "pk": 386, "fields": {"c2": "C2 PONIENTE", "alcaldia": "ALVARO OBREGON", "sector": "PLATEROS", "colonia": "OLIVAR DEL CONDE 1A SECC."}}, {"model": "folios.ubicacion", "pk": 387, "fields": {"c2": "C2 PONIENTE", "alcaldia": "ALVARO OBREGON", "sector": "PLATEROS", "colonia": "PALMAS"}}, {"model": "folios.ubicacion", "pk": 388, "fields": {"c2": "C2 PONIENTE", "alcaldia": "ALVARO OBREGON", "sector": "PLATEROS", "colonia": "PRIMERA VICTORIA"}}, {"model": "folios.ubicacion", "pk": 389, "fields": {"c2": "C2 PONIENTE", "alcaldia": "ALVARO OBREGON", "sector": "PLATEROS", "colonia": "PRIMERA VICTORIA SECCION BOSQUES"}}, {"model": "folios.ubicacion", "pk": 390, "fields": {"c2": "C2 PONIENTE", "alcaldia": "ALVARO OBREGON", "sector": "PLATEROS", "colonia": "REACOMODO EL CUERNITO"}}, {"model": "folios.ubicacion", "pk": 391, "fields": {"c2": "C2 PONIENTE", "alcaldia": "ALVARO OBREGON", "sector": "PLATEROS", "colonia": "REACOMODO PINO SUAREZ"}}, {"model": "folios.ubicacion", "pk": 392, "fields": {"c2": "C2 PONIENTE", "alcaldia": "ALVARO OBREGON", "sector": "PLATEROS", "colonia": "REAL DEL MONTE"}}, {"model": "folios.ubicacion", "pk": 393, "fields": {"c2": "C2 PONIENTE", "alcaldia": "ALVARO OBREGON", "sector": "PLATEROS", "colonia": "RODEO B NTE"}}, {"model": "folios.ubicacion", "pk": 394, "fields": {"c2": "C2 PONIENTE", "alcaldia": "ALVARO OBREGON", "sector": "PLATEROS", "colonia": "SACRAMENTO"}}, {"model": "folios.ubicacion", "pk": 395, "fields": {"c2": "C2 PONIENTE", "alcaldia": "ALVARO OBREGON", "sector": "PLATEROS", "colonia": "SN PEDRO DE LOS PINOS"}}, {"model": "folios.ubicacion", "pk": 396, "fields": {"c2": "C2 PONIENTE", "alcaldia": "ALVARO OBREGON", "sector": "PLATEROS", "colonia": "STA MARIA NONOALCO"}}, {"model": "folios.ubicacion", "pk": 397, "fields": {"c2": "C2 PONIENTE", "alcaldia": "ALVARO OBREGON", "sector": "PLATEROS", "colonia": "TOLTECAS"}}, {"model": "folios.ubicacion", "pk": 398, "fields": {"c2": "C2 PONIENTE", "alcaldia": "ALVARO OBREGON", "sector": "PLATEROS", "colonia": "U.H. BENVENUTO CELLINI"}}, {"model": "folios.ubicacion", "pk": 399, "fields": {"c2": "C2 PONIENTE", "alcaldia": "ALVARO OBREGON", "sector": "PLATEROS", "colonia": "U.H. SEARS REUBICACION"}}, {"model": "folios.ubicacion", "pk": 400, "fields": {"c2": "C2 PONIENTE", "alcaldia": "ALVARO OBREGON", "sector": "PLATEROS", "colonia": "U.H. STA FE IMSS"}}, {"model": "folios.ubicacion", "pk": 401, "fields": {"c2": "C2 PONIENTE", "alcaldia": "ALVARO OBREGON", "sector": "PLATEROS", "colonia": "U.H. TORRES DE MIXCOAC"}}, {"model": "folios.ubicacion", "pk": 402, "fields": {"c2": "C2 PONIENTE", "alcaldia": "ALVARO OBREGON", "sector": "PLATEROS", "colonia": "ZENON DELGADO"}}, {"model": "folios.ubicacion", "pk": 403, "fields": {"c2": "C2 PONIENTE", "alcaldia": "ALVARO OBREGON", "sector": "SAN ANGEL", "colonia": "ALTAVISTA"}}, {"model": "folios.ubicacion", "pk": 404, "fields": {"c2": "C2 PONIENTE", "alcaldia": "ALVARO OBREGON", "sector": "SAN ANGEL", "colonia": "AXOTLA PUEBLO"}}, {"model": "folios.ubicacion", "pk": 405, "fields": {"c2": "C2 PONIENTE", "alcaldia": "ALVARO OBREGON", "sector": "SAN ANGEL", "colonia": "BATAN BARRIO VIEJO"}}, {"model": "folios.ubicacion", "pk": 406, "fields": {"c2": "C2 PONIENTE", "alcaldia": "ALVARO OBREGON", "sector": "SAN ANGEL", "colonia": "CAMPESTRE"}}, {"model": "folios.ubicacion", "pk": 407, "fields": {"c2": "C2 PONIENTE", "alcaldia": "ALVARO OBREGON", "sector": "SAN ANGEL", "colonia": "CHIMALISTAC"}}, {"model": "folios.ubicacion", "pk": 408, "fields": {"c2": "C2 PONIENTE", "alcaldia": "ALVARO OBREGON", "sector": "SAN ANGEL", "colonia": "EX HDA DE GUADALUPE CHIMALISTAC"}}, {"model": "folios.ubicacion", "pk": 409, "fields": {"c2": "C2 PONIENTE", "alcaldia": "ALVARO OBREGON", "sector": "SAN ANGEL", "colonia": "FLORIDA LA"}}, {"model": "folios.ubicacion", "pk": 410, "fields": {"c2": "C2 PONIENTE", "alcaldia": "ALVARO OBREGON", "sector": "SAN ANGEL", "colonia": "GUADALUPE INN"}}, {"model": "folios.ubicacion", "pk": 411, "fields": {"c2": "C2 PONIENTE", "alcaldia": "ALVARO OBREGON", "sector": "SAN ANGEL", "colonia": "JARDINES DEL PEDREGAL"}}, {"model": "folios.ubicacion", "pk": 412, "fields": {"c2": "C2 PONIENTE", "alcaldia": "ALVARO OBREGON", "sector": "SAN ANGEL", "colonia": "LA OTRA BANDA"}}, {"model": "folios.ubicacion", "pk": 413, "fields": {"c2": "C2 PONIENTE", "alcaldia": "ALVARO OBREGON", "sector": "SAN ANGEL", "colonia": "LORETO Y CAMPAM"}}, {"model": "folios.ubicacion", "pk": 414, "fields": {"c2": "C2 PONIENTE", "alcaldia": "ALVARO OBREGON", "sector": "SAN ANGEL", "colonia": "PBLO TIZAPAN"}}, {"model": "folios.ubicacion", "pk": 415, "fields": {"c2": "C2 PONIENTE", "alcaldia": "ALVARO OBREGON", "sector": "SAN ANGEL", "colonia": "PROGRESO ERMITA TIZAPAN"}}, {"model": "folios.ubicacion", "pk": 416, "fields": {"c2": "C2 PONIENTE", "alcaldia": "ALVARO OBREGON", "sector": "SAN ANGEL", "colonia": "SN ANGEL"}}, {"model": "folios.ubicacion", "pk": 417, "fields": {"c2": "C2 PONIENTE", "alcaldia": "ALVARO OBREGON", "sector": "SAN ANGEL", "colonia": "SN ANGEL INN"}}, {"model": "folios.ubicacion", "pk": 418, "fields": {"c2": "C2 PONIENTE", "alcaldia": "ALVARO OBREGON", "sector": "SAN ANGEL", "colonia": "TLACOPAC"}}, {"model": "folios.ubicacion", "pk": 419, "fields": {"c2": "C2 PONIENTE", "alcaldia": "ALVARO OBREGON", "sector": "SANTA FE", "colonia": "19 DE MAYO"}}, {"model": "folios.ubicacion", "pk": 420, "fields": {"c2": "C2 PONIENTE", "alcaldia": "ALVARO OBREGON", "sector": "SANTA FE", "colonia": "ADOLFO LOPEZ MATEOS AMPL PILOTO"}}, {"model": "folios.ubicacion", "pk": 421, "fields": {"c2": "C2 PONIENTE", "alcaldia": "ALVARO OBREGON", "sector": "SANTA FE", "colonia": "ADOLFO LOPEZ MATEOS PILOTO"}}, {"model": "folios.ubicacion", "pk": 422, "fields": {"c2": "C2 PONIENTE", "alcaldia": "ALVARO OBREGON", "sector": "SANTA FE", "colonia": "U.H. BARR LAS ÁGUILAS"}}, {"model": "folios.ubicacion", "pk": 423, "fields": {"c2": "C2 PONIENTE", "alcaldia": "ALVARO OBREGON", "sector": "SANTA FE", "colonia": "AMPL TLACUITLAPA"}}, {"model": "folios.ubicacion", "pk": 424, "fields": {"c2": "C2 PONIENTE", "alcaldia": "ALVARO OBREGON", "sector": "SANTA FE", "colonia": "BALCONES DE CEHUAYO"}}, {"model": "folios.ubicacion", "pk": 425, "fields": {"c2": "C2 PONIENTE", "alcaldia": "ALVARO OBREGON", "sector": "SANTA FE", "colonia": "BEJERO"}}, {"model": "folios.ubicacion", "pk": 426, "fields": {"c2": "C2 PONIENTE", "alcaldia": "ALVARO OBREGON", "sector": "SANTA FE", "colonia": "BELEN U.H."}}, {"model": "folios.ubicacion", "pk": 427, "fields": {"c2": "C2 PONIENTE", "alcaldia": "ALVARO OBREGON", "sector": "SANTA FE", "colonia": "CARLOS A MADRAZO LA LOMA"}}, {"model": "folios.ubicacion", "pk": 428, "fields": {"c2": "C2 PONIENTE", "alcaldia": "ALVARO OBREGON", "sector": "SANTA FE", "colonia": "CASA BLANCA COND"}}, {"model": "folios.ubicacion", "pk": 429, "fields": {"c2": "C2 PONIENTE", "alcaldia": "ALVARO OBREGON", "sector": "SANTA FE", "colonia": "CEDROS LOS"}}, {"model": "folios.ubicacion", "pk": 430, "fields": {"c2": "C2 PONIENTE", "alcaldia": "ALVARO OBREGON", "sector": "SANTA FE", "colonia": "COLINAS DE TARANGO"}}, {"model": "folios.ubicacion", "pk": 431, "fields": {"c2": "C2 PONIENTE", "alcaldia": "ALVARO OBREGON", "sector": "SANTA FE", "colonia": "COLINAS DEL SUR"}}, {"model": "folios.ubicacion", "pk": 432, "fields": {"c2": "C2 PONIENTE", "alcaldia": "ALVARO OBREGON", "sector": "SANTA FE", "colonia": "CORPUS CHRISTY"}}, {"model": "folios.ubicacion", "pk": 433, "fields": {"c2": "C2 PONIENTE", "alcaldia": "ALVARO OBREGON", "sector": "SANTA FE", "colonia": "CUEVITAS LAS"}}, {"model": "folios.ubicacion", "pk": 434, "fields": {"c2": "C2 PONIENTE", "alcaldia": "ALVARO OBREGON", "sector": "SANTA FE", "colonia": "DOS RIOS"}}, {"model": "folios.ubicacion", "pk": 435, "fields": {"c2": "C2 PONIENTE", "alcaldia": "ALVARO OBREGON", "sector": "SANTA FE", "colonia": "EL BATAN STA LUCIA"}}, {"model": "folios.ubicacion", "pk": 436, "fields": {"c2": "C2 PONIENTE", "alcaldia": "ALVARO OBREGON", "sector": "SANTA FE", "colonia": "EL PIRUL"}}, {"model": "folios.ubicacion", "pk": 437, "fields": {"c2": "C2 PONIENTE", "alcaldia": "ALVARO OBREGON", "sector": "SANTA FE", "colonia": "ESTADO DE HIDALGO"}}, {"model": "folios.ubicacion", "pk": 438, "fields": {"c2": "C2 PONIENTE", "alcaldia": "ALVARO OBREGON", "sector": "SANTA FE", "colonia": "GARCIMARRERO"}}, {"model": "folios.ubicacion", "pk": 439, "fields": {"c2": "C2 PONIENTE", "alcaldia": "ALVARO OBREGON", "sector": "SANTA FE", "colonia": "HERON PROAL PONCIANO ARRIAGA"}}, {"model": "folios.ubicacion", "pk": 440, "fields": {"c2": "C2 PONIENTE", "alcaldia": "ALVARO OBREGON", "sector": "SANTA FE", "colonia": "HUEYTLALE"}}, {"model": "folios.ubicacion", "pk": 441, "fields": {"c2": "C2 PONIENTE", "alcaldia": "ALVARO OBREGON", "sector": "SANTA FE", "colonia": "JALALPA"}}, {"model": "folios.ubicacion", "pk": 442, "fields": {"c2": "C2 PONIENTE", "alcaldia": "ALVARO OBREGON", "sector": "SANTA FE", "colonia": "JALALPA EL GRANDE"}}, {"model": "folios.ubicacion", "pk": 443, "fields": {"c2": "C2 PONIENTE", "alcaldia": "ALVARO OBREGON", "sector": "SANTA FE", "colonia": "JALALPA TEPITO"}}, {"model": "folios.ubicacion", "pk": 444, "fields": {"c2": "C2 PONIENTE", "alcaldia": "ALVARO OBREGON", "sector": "SANTA FE", "colonia": "JURISTAS"}}, {"model": "folios.ubicacion", "pk": 445, "fields": {"c2": "C2 PONIENTE", "alcaldia": "ALVARO OBREGON", "sector": "SANTA FE", "colonia": "LA CAÑADA"}}, {"model": "folios.ubicacion", "pk": 446, "fields": {"c2": "C2 PONIENTE", "alcaldia": "ALVARO OBREGON", "sector": "SANTA FE", "colonia": "LA MILAGROSA II"}}, {"model": "folios.ubicacion", "pk": 447, "fields": {"c2": "C2 PONIENTE", "alcaldia": "ALVARO OBREGON", "sector": "SANTA FE", "colonia": "LA PALMITA"}}, {"model": "folios.ubicacion", "pk": 448, "fields": {"c2": "C2 PONIENTE", "alcaldia": "ALVARO OBREGON", "sector": "SANTA FE", "colonia": "LLANO REDONDO"}}, {"model": "folios.ubicacion", "pk": 449, "fields": {"c2": "C2 PONIENTE", "alcaldia": "ALVARO OBREGON", "sector": "SANTA FE", "colonia": "LOMAS DE NUEVO MEXICO"}}, {"model": "folios.ubicacion", "pk": 450, "fields": {"c2": "C2 PONIENTE", "alcaldia": "ALVARO OBREGON", "sector": "SANTA FE", "colonia": "LOMAS DE PUERTA GRANDE"}}, {"model": "folios.ubicacion", "pk": 451, "fields": {"c2": "C2 PONIENTE", "alcaldia": "ALVARO OBREGON", "sector": "SANTA FE", "colonia": "MEXICANA. LA"}}, {"model": "folios.ubicacion", "pk": 452, "fields": {"c2": "C2 PONIENTE", "alcaldia": "ALVARO OBREGON", "sector": "SANTA FE", "colonia": "MIGUEL GAONA ARMENTA"}}, {"model": "folios.ubicacion", "pk": 453, "fields": {"c2": "C2 PONIENTE", "alcaldia": "ALVARO OBREGON", "sector": "SANTA FE", "colonia": "PALMAS AXOTITLA"}}, {"model": "folios.ubicacion", "pk": 454, "fields": {"c2": "C2 PONIENTE", "alcaldia": "ALVARO OBREGON", "sector": "SANTA FE", "colonia": "PBLO STA FE"}}, {"model": "folios.ubicacion", "pk": 455, "fields": {"c2": "C2 PONIENTE", "alcaldia": "ALVARO OBREGON", "sector": "SANTA FE", "colonia": "PRESIDENTES"}}, {"model": "folios.ubicacion", "pk": 456, "fields": {"c2": "C2 PONIENTE", "alcaldia": "ALVARO OBREGON", "sector": "SANTA FE", "colonia": "PRESIDENTES 2A AMPL"}}, {"model": "folios.ubicacion", "pk": 457, "fields": {"c2": "C2 PONIENTE", "alcaldia": "ALVARO OBREGON", "sector": "SANTA FE", "colonia": "PUEBLO NUEVO"}}, {"model": "folios.ubicacion", "pk": 458, "fields": {"c2": "C2 PONIENTE", "alcaldia": "ALVARO OBREGON", "sector": "SANTA FE", "colonia": "SN GABRIEL"}}, {"model": "folios.ubicacion", "pk": 459, "fields": {"c2": "C2 PONIENTE", "alcaldia": "ALVARO OBREGON", "sector": "SANTA FE", "colonia": "STA LUCIA"}}, {"model": "folios.ubicacion", "pk": 460, "fields": {"c2": "C2 PONIENTE", "alcaldia": "ALVARO OBREGON", "sector": "SANTA FE", "colonia": "TEPEACA"}}, {"model": "folios.ubicacion", "pk": 461, "fields": {"c2": "C2 PONIENTE", "alcaldia": "ALVARO OBREGON", "sector": "SANTA FE", "colonia": "TLACUITLAPA"}}, {"model": "folios.ubicacion", "pk": 462, "fields": {"c2": "C2 PONIENTE", "alcaldia": "ALVARO OBREGON", "sector": "SANTA FE", "colonia": "U.H. CARRILLO FLORES"}}, {"model": "folios.ubicacion", "pk": 463, "fields": {"c2": "C2 PONIENTE", "alcaldia": "ALVARO OBREGON", "sector": "SANTA FE", "colonia": "U.H. SAN LORENZO UNIVERSAL"}}, {"model": "folios.ubicacion", "pk": 464, "fields": {"c2": "C2 PONIENTE", "alcaldia": "ALVARO OBREGON", "sector": "SANTA FE", "colonia": "VALENTIN GOMEZ FARIAS"}}, {"model": "folios.ubicacion", "pk": 465, "fields": {"c2": "C2 PONIENTE", "alcaldia": "AZCAPOTZALCO", "sector": "CLAVERIA", "colonia": "AMPL PETROLERA"}}, {"model": "folios.ubicacion", "pk": 466, "fields": {"c2": "C2 PONIENTE", "alcaldia": "AZCAPOTZALCO", "sector": "CLAVERIA", "colonia": "AMPL SAN PEDRO XALPA"}}, {"model": "folios.ubicacion", "pk": 467, "fields": {"c2": "C2 PONIENTE", "alcaldia": "AZCAPOTZALCO", "sector": "CLAVERIA", "colonia": "ANGEL ZIMBRON"}}, {"model": "folios.ubicacion", "pk": 468, "fields": {"c2": "C2 PONIENTE", "alcaldia": "AZCAPOTZALCO", "sector": "CLAVERIA", "colonia": "AZCAPOTZALCO"}}, {"model": "folios.ubicacion", "pk": 469, "fields": {"c2": "C2 PONIENTE", "alcaldia": "AZCAPOTZALCO", "sector": "CLAVERIA", "colonia": "CLAVERIA"}}, {"model": "folios.ubicacion", "pk": 470, "fields": {"c2": "C2 PONIENTE", "alcaldia": "AZCAPOTZALCO", "sector": "CLAVERIA", "colonia": "EL RECREO"}}, {"model": "folios.ubicacion", "pk": 471, "fields": {"c2": "C2 PONIENTE", "alcaldia": "AZCAPOTZALCO", "sector": "CLAVERIA", "colonia": "LA PRECIOSA"}}, {"model": "folios.ubicacion", "pk": 472, "fields": {"c2": "C2 PONIENTE", "alcaldia": "AZCAPOTZALCO", "sector": "CLAVERIA", "colonia": "NEXTENGO"}}, {"model": "folios.ubicacion", "pk": 473, "fields": {"c2": "C2 PONIENTE", "alcaldia": "AZCAPOTZALCO", "sector": "CLAVERIA", "colonia": "PETROLERA"}}, {"model": "folios.ubicacion", "pk": 474, "fields": {"c2": "C2 PONIENTE", "alcaldia": "AZCAPOTZALCO", "sector": "CLAVERIA", "colonia": "PLENITUD"}}, {"model": "folios.ubicacion", "pk": 475, "fields": {"c2": "C2 PONIENTE", "alcaldia": "AZCAPOTZALCO", "sector": "CLAVERIA", "colonia": "PROVIDENCIA"}}, {"model": "folios.ubicacion", "pk": 476, "fields": {"c2": "C2 PONIENTE", "alcaldia": "AZCAPOTZALCO", "sector": "CLAVERIA", "colonia": "SANTIAGO AHUIZOTLA"}}, {"model": "folios.ubicacion", "pk": 477, "fields": {"c2": "C2 PONIENTE", "alcaldia": "AZCAPOTZALCO", "sector": "CLAVERIA", "colonia": "SN ALVARO"}}, {"model": "folios.ubicacion", "pk": 478, "fields": {"c2": "C2 PONIENTE", "alcaldia": "AZCAPOTZALCO", "sector": "CLAVERIA", "colonia": "SN ANTONIO"}}, {"model": "folios.ubicacion", "pk": 479, "fields": {"c2": "C2 PONIENTE", "alcaldia": "AZCAPOTZALCO", "sector": "CLAVERIA", "colonia": "SN FRANCISCO TETECALA"}}, {"model": "folios.ubicacion", "pk": 480, "fields": {"c2": "C2 PONIENTE", "alcaldia": "AZCAPOTZALCO", "sector": "CLAVERIA", "colonia": "SN JUAN TLIHUACA"}}, {"model": "folios.ubicacion", "pk": 481, "fields": {"c2": "C2 PONIENTE", "alcaldia": "AZCAPOTZALCO", "sector": "CLAVERIA", "colonia": "SN MATEO"}}, {"model": "folios.ubicacion", "pk": 482, "fields": {"c2": "C2 PONIENTE", "alcaldia": "AZCAPOTZALCO", "sector": "CLAVERIA", "colonia": "SN MIGUEL AMANTLA"}}, {"model": "folios.ubicacion", "pk": 483, "fields": {"c2": "C2 PONIENTE", "alcaldia": "AZCAPOTZALCO", "sector": "CLAVERIA", "colonia": "SN PEDRO XALPA"}}, {"model": "folios.ubicacion", "pk": 484, "fields": {"c2": "C2 PONIENTE", "alcaldia": "AZCAPOTZALCO", "sector": "CLAVERIA", "colonia": "STA APOLONIA"}}, {"model": "folios.ubicacion", "pk": 485, "fields": {"c2": "C2 PONIENTE", "alcaldia": "AZCAPOTZALCO", "sector": "CLAVERIA", "colonia": "STA CRUZ ACAYUCAN"}}, {"model": "folios.ubicacion", "pk": 486, "fields": {"c2": "C2 PONIENTE", "alcaldia": "AZCAPOTZALCO", "sector": "CLAVERIA", "colonia": "STA LUCIA"}}, {"model": "folios.ubicacion", "pk": 487, "fields": {"c2": "C2 PONIENTE", "alcaldia": "AZCAPOTZALCO", "sector": "CLAVERIA", "colonia": "TEZOZOMOC"}}, {"model": "folios.ubicacion", "pk": 488, "fields": {"c2": "C2 PONIENTE", "alcaldia": "AZCAPOTZALCO", "sector": "CLAVERIA", "colonia": "U.H. LAS TRANCAS"}}, {"model": "folios.ubicacion", "pk": 489, "fields": {"c2": "C2 PONIENTE", "alcaldia": "AZCAPOTZALCO", "sector": "CUITLAHUAC", "colonia": "BENITO JUAREZ"}}, {"model": "folios.ubicacion", "pk": 490, "fields": {"c2": "C2 PONIENTE", "alcaldia": "AZCAPOTZALCO", "sector": "CUITLAHUAC", "colonia": "CUITLAHUAC SECTORES I Y II"}}, {"model": "folios.ubicacion", "pk": 491, "fields": {"c2": "C2 PONIENTE", "alcaldia": "AZCAPOTZALCO", "sector": "CUITLAHUAC", "colonia": "DEL MAESTRO"}}, {"model": "folios.ubicacion", "pk": 492, "fields": {"c2": "C2 PONIENTE", "alcaldia": "AZCAPOTZALCO", "sector": "CUITLAHUAC", "colonia": "EL JAG?EY"}}, {"model": "folios.ubicacion", "pk": 493, "fields": {"c2": "C2 PONIENTE", "alcaldia": "AZCAPOTZALCO", "sector": "CUITLAHUAC", "colonia": "HOGAR Y SEGURIDAD"}}, {"model": "folios.ubicacion", "pk": 494, "fields": {"c2": "C2 PONIENTE", "alcaldia": "AZCAPOTZALCO", "sector": "CUITLAHUAC", "colonia": "HOGARES FERROCARRILEROS"}}, {"model": "folios.ubicacion", "pk": 495, "fields": {"c2": "C2 PONIENTE", "alcaldia": "AZCAPOTZALCO", "sector": "CUITLAHUAC", "colonia": "JARDIN AZPEITIA"}}, {"model": "folios.ubicacion", "pk": 496, "fields": {"c2": "C2 PONIENTE", "alcaldia": "AZCAPOTZALCO", "sector": "CUITLAHUAC", "colonia": "LIBERTAD"}}, {"model": "folios.ubicacion", "pk": 497, "fields": {"c2": "C2 PONIENTE", "alcaldia": "AZCAPOTZALCO", "sector": "CUITLAHUAC", "colonia": "NUEVA STA MARIA"}}, {"model": "folios.ubicacion", "pk": 498, "fields": {"c2": "C2 PONIENTE", "alcaldia": "AZCAPOTZALCO", "sector": "CUITLAHUAC", "colonia": "OBRERO POPULAR"}}, {"model": "folios.ubicacion", "pk": 499, "fields": {"c2": "C2 PONIENTE", "alcaldia": "AZCAPOTZALCO", "sector": "CUITLAHUAC", "colonia": "SANTO TOMAS"}}, {"model": "folios.ubicacion", "pk": 500, "fields": {"c2": "C2 PONIENTE", "alcaldia": "AZCAPOTZALCO", "sector": "CUITLAHUAC", "colonia": "SECTOR NAVAL"}}, {"model": "folios.ubicacion", "pk": 501, "fields": {"c2": "C2 PONIENTE", "alcaldia": "AZCAPOTZALCO", "sector": "CUITLAHUAC", "colonia": "SINDICATO MEXICANO DE ELECTRICISTAS"}}, {"model": "folios.ubicacion", "pk": 502, "fields": {"c2": "C2 PONIENTE", "alcaldia": "AZCAPOTZALCO", "sector": "CUITLAHUAC", "colonia": "SN BERNABE"}}, {"model": "folios.ubicacion", "pk": 503, "fields": {"c2": "C2 PONIENTE", "alcaldia": "AZCAPOTZALCO", "sector": "CUITLAHUAC", "colonia": "SN SALVADOR XOCHIMANCA"}}, {"model": "folios.ubicacion", "pk": 504, "fields": {"c2": "C2 PONIENTE", "alcaldia": "AZCAPOTZALCO", "sector": "CUITLAHUAC", "colonia": "SN SEBASTIAN"}}, {"model": "folios.ubicacion", "pk": 505, "fields": {"c2": "C2 PONIENTE", "alcaldia": "AZCAPOTZALCO", "sector": "CUITLAHUAC", "colonia": "STA MARIA MANINALCO"}}, {"model": "folios.ubicacion", "pk": 506, "fields": {"c2": "C2 PONIENTE", "alcaldia": "AZCAPOTZALCO", "sector": "CUITLAHUAC", "colonia": "TLATILCO"}}, {"model": "folios.ubicacion", "pk": 507, "fields": {"c2": "C2 PONIENTE", "alcaldia": "AZCAPOTZALCO", "sector": "CUITLAHUAC", "colonia": "U.H. CUITLAHUAC SECTOR III"}}, {"model": "folios.ubicacion", "pk": 508, "fields": {"c2": "C2 PONIENTE", "alcaldia": "AZCAPOTZALCO", "sector": "CUITLAHUAC", "colonia": "VICTORIA DE LAS DEMOCRACIAS"}}, {"model": "folios.ubicacion", "pk": 509, "fields": {"c2": "C2 PONIENTE", "alcaldia": "AZCAPOTZALCO", "sector": "HORMIGA", "colonia": "EX HDA DEL ROSARIO"}}, {"model": "folios.ubicacion", "pk": 510, "fields": {"c2": "C2 PONIENTE", "alcaldia": "AZCAPOTZALCO", "sector": "HORMIGA", "colonia": "LOS REYES"}}, {"model": "folios.ubicacion", "pk": 511, "fields": {"c2": "C2 PONIENTE", "alcaldia": "AZCAPOTZALCO", "sector": "HORMIGA", "colonia": "NUEVA ESPAÑA"}}, {"model": "folios.ubicacion", "pk": 512, "fields": {"c2": "C2 PONIENTE", "alcaldia": "AZCAPOTZALCO", "sector": "HORMIGA", "colonia": "PASTEROS"}}, {"model": "folios.ubicacion", "pk": 513, "fields": {"c2": "C2 PONIENTE", "alcaldia": "AZCAPOTZALCO", "sector": "HORMIGA", "colonia": "PRADOS DEL ROSARIO"}}, {"model": "folios.ubicacion", "pk": 514, "fields": {"c2": "C2 PONIENTE", "alcaldia": "AZCAPOTZALCO", "sector": "HORMIGA", "colonia": "REYNOSA TAMAULIPAS"}}, {"model": "folios.ubicacion", "pk": 515, "fields": {"c2": "C2 PONIENTE", "alcaldia": "AZCAPOTZALCO", "sector": "HORMIGA", "colonia": "SANTO DOMINGO"}}, {"model": "folios.ubicacion", "pk": 516, "fields": {"c2": "C2 PONIENTE", "alcaldia": "AZCAPOTZALCO", "sector": "HORMIGA", "colonia": "SN ANDRES BARRIO"}}, {"model": "folios.ubicacion", "pk": 517, "fields": {"c2": "C2 PONIENTE", "alcaldia": "AZCAPOTZALCO", "sector": "HORMIGA", "colonia": "SN ANDRES PUEBLO"}}, {"model": "folios.ubicacion", "pk": 518, "fields": {"c2": "C2 PONIENTE", "alcaldia": "AZCAPOTZALCO", "sector": "HORMIGA", "colonia": "SN MARCOS"}}, {"model": "folios.ubicacion", "pk": 519, "fields": {"c2": "C2 PONIENTE", "alcaldia": "AZCAPOTZALCO", "sector": "HORMIGA", "colonia": "SN MARTIN XOCHINAHUAC"}}, {"model": "folios.ubicacion", "pk": 520, "fields": {"c2": "C2 PONIENTE", "alcaldia": "AZCAPOTZALCO", "sector": "HORMIGA", "colonia": "SN RAFAEL I"}}, {"model": "folios.ubicacion", "pk": 521, "fields": {"c2": "C2 PONIENTE", "alcaldia": "AZCAPOTZALCO", "sector": "HORMIGA", "colonia": "STA BARBARA"}}, {"model": "folios.ubicacion", "pk": 522, "fields": {"c2": "C2 PONIENTE", "alcaldia": "AZCAPOTZALCO", "sector": "HORMIGA", "colonia": "STA CATARINA"}}, {"model": "folios.ubicacion", "pk": 523, "fields": {"c2": "C2 PONIENTE", "alcaldia": "AZCAPOTZALCO", "sector": "HORMIGA", "colonia": "STA INES"}}, {"model": "folios.ubicacion", "pk": 524, "fields": {"c2": "C2 PONIENTE", "alcaldia": "AZCAPOTZALCO", "sector": "HORMIGA", "colonia": "TIERRA NUEVA"}}, {"model": "folios.ubicacion", "pk": 525, "fields": {"c2": "C2 PONIENTE", "alcaldia": "AZCAPOTZALCO", "sector": "HORMIGA", "colonia": "U.H. CRUZ ROJA TEPANTONGO"}}, {"model": "folios.ubicacion", "pk": 526, "fields": {"c2": "C2 PONIENTE", "alcaldia": "AZCAPOTZALCO", "sector": "HORMIGA", "colonia": "U.H. EL ROSARIO SECTOR I"}}, {"model": "folios.ubicacion", "pk": 527, "fields": {"c2": "C2 PONIENTE", "alcaldia": "AZCAPOTZALCO", "sector": "HORMIGA", "colonia": "U.H. EL ROSARIO SECTOR II"}}, {"model": "folios.ubicacion", "pk": 528, "fields": {"c2": "C2 PONIENTE", "alcaldia": "AZCAPOTZALCO", "sector": "HORMIGA", "colonia": "U.H. EL ROSARIO-CTM"}}, {"model": "folios.ubicacion", "pk": 529, "fields": {"c2": "C2 PONIENTE", "alcaldia": "AZCAPOTZALCO", "sector": "HORMIGA", "colonia": "U.H. FRANCISCO VILLA"}}, {"model": "folios.ubicacion", "pk": 530, "fields": {"c2": "C2 PONIENTE", "alcaldia": "AZCAPOTZALCO", "sector": "HORMIGA", "colonia": "U.H. MIGUEL HIDALGO"}}, {"model": "folios.ubicacion", "pk": 531, "fields": {"c2": "C2 PONIENTE", "alcaldia": "AZCAPOTZALCO", "sector": "HORMIGA", "colonia": "U.H. PRESIDENTE MADERO"}}, {"model": "folios.ubicacion", "pk": 532, "fields": {"c2": "C2 PONIENTE", "alcaldia": "AZCAPOTZALCO", "sector": "HORMIGA", "colonia": "U.H. SAN PABLO XALPA"}}, {"model": "folios.ubicacion", "pk": 533, "fields": {"c2": "C2 PONIENTE", "alcaldia": "AZCAPOTZALCO", "sector": "HORMIGA", "colonia": "U.H. XOCHINAHUAC"}}, {"model": "folios.ubicacion", "pk": 534, "fields": {"c2": "C2 PONIENTE", "alcaldia": "AZCAPOTZALCO", "sector": "LA RAZA", "colonia": "AGUILERA"}}, {"model": "folios.ubicacion", "pk": 535, "fields": {"c2": "C2 PONIENTE", "alcaldia": "AZCAPOTZALCO", "sector": "LA RAZA", "colonia": "ALDANA"}}, {"model": "folios.ubicacion", "pk": 536, "fields": {"c2": "C2 PONIENTE", "alcaldia": "AZCAPOTZALCO", "sector": "LA RAZA", "colonia": "AMPL COSMOPOLITA"}}, {"model": "folios.ubicacion", "pk": 537, "fields": {"c2": "C2 PONIENTE", "alcaldia": "AZCAPOTZALCO", "sector": "LA RAZA", "colonia": "AMPL DEL GAS"}}, {"model": "folios.ubicacion", "pk": 538, "fields": {"c2": "C2 PONIENTE", "alcaldia": "AZCAPOTZALCO", "sector": "LA RAZA", "colonia": "ARENAL"}}, {"model": "folios.ubicacion", "pk": 539, "fields": {"c2": "C2 PONIENTE", "alcaldia": "AZCAPOTZALCO", "sector": "LA RAZA", "colonia": "BARRIO COLTONGO"}}, {"model": "folios.ubicacion", "pk": 540, "fields": {"c2": "C2 PONIENTE", "alcaldia": "AZCAPOTZALCO", "sector": "LA RAZA", "colonia": "COSMOPOLITA"}}, {"model": "folios.ubicacion", "pk": 541, "fields": {"c2": "C2 PONIENTE", "alcaldia": "AZCAPOTZALCO", "sector": "LA RAZA", "colonia": "DEL GAS"}}, {"model": "folios.ubicacion", "pk": 542, "fields": {"c2": "C2 PONIENTE", "alcaldia": "AZCAPOTZALCO", "sector": "LA RAZA", "colonia": "EUZKADI"}}, {"model": "folios.ubicacion", "pk": 543, "fields": {"c2": "C2 PONIENTE", "alcaldia": "AZCAPOTZALCO", "sector": "LA RAZA", "colonia": "FERRERIA"}}, {"model": "folios.ubicacion", "pk": 544, "fields": {"c2": "C2 PONIENTE", "alcaldia": "AZCAPOTZALCO", "sector": "LA RAZA", "colonia": "INDUSTRIAL VALLEJO"}}, {"model": "folios.ubicacion", "pk": 545, "fields": {"c2": "C2 PONIENTE", "alcaldia": "AZCAPOTZALCO", "sector": "LA RAZA", "colonia": "LA RAZA"}}, {"model": "folios.ubicacion", "pk": 546, "fields": {"c2": "C2 PONIENTE", "alcaldia": "AZCAPOTZALCO", "sector": "LA RAZA", "colonia": "LAS SALINAS"}}, {"model": "folios.ubicacion", "pk": 547, "fields": {"c2": "C2 PONIENTE", "alcaldia": "AZCAPOTZALCO", "sector": "LA RAZA", "colonia": "LIBERACION"}}, {"model": "folios.ubicacion", "pk": 548, "fields": {"c2": "C2 PONIENTE", "alcaldia": "AZCAPOTZALCO", "sector": "LA RAZA", "colonia": "PATRIMONIO FAMILIAR"}}, {"model": "folios.ubicacion", "pk": 549, "fields": {"c2": "C2 PONIENTE", "alcaldia": "AZCAPOTZALCO", "sector": "LA RAZA", "colonia": "PORVENIR"}}, {"model": "folios.ubicacion", "pk": 550, "fields": {"c2": "C2 PONIENTE", "alcaldia": "AZCAPOTZALCO", "sector": "LA RAZA", "colonia": "POTRERO DEL LLANO"}}, {"model": "folios.ubicacion", "pk": 551, "fields": {"c2": "C2 PONIENTE", "alcaldia": "AZCAPOTZALCO", "sector": "LA RAZA", "colonia": "PRO HOGAR"}}, {"model": "folios.ubicacion", "pk": 552, "fields": {"c2": "C2 PONIENTE", "alcaldia": "AZCAPOTZALCO", "sector": "LA RAZA", "colonia": "SN FRANCISCO XOCOTITLA"}}, {"model": "folios.ubicacion", "pk": 553, "fields": {"c2": "C2 PONIENTE", "alcaldia": "AZCAPOTZALCO", "sector": "LA RAZA", "colonia": "STA CRUZ DE LAS SALINAS"}}, {"model": "folios.ubicacion", "pk": 554, "fields": {"c2": "C2 PONIENTE", "alcaldia": "AZCAPOTZALCO", "sector": "LA RAZA", "colonia": "TRABAJADORES DEL HIERRO"}}, {"model": "folios.ubicacion", "pk": 555, "fields": {"c2": "C2 PONIENTE", "alcaldia": "CUAJIMALPA", "sector": "CUAJIMALPA", "colonia": "ADOLFO LOPEZ MATEOS"}}, {"model": "folios.ubicacion", "pk": 556, "fields": {"c2": "C2 PONIENTE", "alcaldia": "CUAJIMALPA", "sector": "CUAJIMALPA", "colonia": "AHUATENCO"}}, {"model": "folios.ubicacion", "pk": 557, "fields": {"c2": "C2 PONIENTE", "alcaldia": "CUAJIMALPA", "sector": "CUAJIMALPA", "colonia": "AMADO NERVO"}}, {"model": "folios.ubicacion", "pk": 558, "fields": {"c2": "C2 PONIENTE", "alcaldia": "CUAJIMALPA", "sector": "CUAJIMALPA", "colonia": "CANDELARIA"}}, {"model": "folios.ubicacion", "pk": 559, "fields": {"c2": "C2 PONIENTE", "alcaldia": "CUAJIMALPA", "sector": "CUAJIMALPA", "colonia": "COLORINES"}}, {"model": "folios.ubicacion", "pk": 560, "fields": {"c2": "C2 PONIENTE", "alcaldia": "CUAJIMALPA", "sector": "CUAJIMALPA", "colonia": "CUAJIMALPA"}}, {"model": "folios.ubicacion", "pk": 561, "fields": {"c2": "C2 PONIENTE", "alcaldia": "CUAJIMALPA", "sector": "CUAJIMALPA", "colonia": "EL EBANO"}}, {"model": "folios.ubicacion", "pk": 562, "fields": {"c2": "C2 PONIENTE", "alcaldia": "CUAJIMALPA", "sector": "CUAJIMALPA", "colonia": "EL MOLINO"}}, {"model": "folios.ubicacion", "pk": 563, "fields": {"c2": "C2 PONIENTE", "alcaldia": "CUAJIMALPA", "sector": "CUAJIMALPA", "colonia": "EL PUENTE"}}, {"model": "folios.ubicacion", "pk": 564, "fields": {"c2": "C2 PONIENTE", "alcaldia": "CUAJIMALPA", "sector": "CUAJIMALPA", "colonia": "HUIZACHITO"}}, {"model": "folios.ubicacion", "pk": 565, "fields": {"c2": "C2 PONIENTE", "alcaldia": "CUAJIMALPA", "sector": "CUAJIMALPA", "colonia": "LA NAVIDAD"}}, {"model": "folios.ubicacion", "pk": 566, "fields": {"c2": "C2 PONIENTE", "alcaldia": "CUAJIMALPA", "sector": "CUAJIMALPA", "colonia": "LAS LAJAS"}}, {"model": "folios.ubicacion", "pk": 567, "fields": {"c2": "C2 PONIENTE", "alcaldia": "CUAJIMALPA", "sector": "CUAJIMALPA", "colonia": "LAS MAROMAS"}}, {"model": "folios.ubicacion", "pk": 568, "fields": {"c2": "C2 PONIENTE", "alcaldia": "CUAJIMALPA", "sector": "CUAJIMALPA", "colonia": "LOMA DEL PADRE"}}, {"model": "folios.ubicacion", "pk": 569, "fields": {"c2": "C2 PONIENTE", "alcaldia": "CUAJIMALPA", "sector": "CUAJIMALPA", "colonia": "SN JOSE DE LOS CEDROS"}}, {"model": "folios.ubicacion", "pk": 570, "fields": {"c2": "C2 PONIENTE", "alcaldia": "CUAJIMALPA", "sector": "CUAJIMALPA", "colonia": "SN LORENZO ACOPILCO"}}, {"model": "folios.ubicacion", "pk": 571, "fields": {"c2": "C2 PONIENTE", "alcaldia": "CUAJIMALPA", "sector": "CUAJIMALPA", "colonia": "SN PABLO CHIMALPA"}}, {"model": "folios.ubicacion", "pk": 572, "fields": {"c2": "C2 PONIENTE", "alcaldia": "CUAJIMALPA", "sector": "CUAJIMALPA", "colonia": "SN PEDRO"}}, {"model": "folios.ubicacion", "pk": 573, "fields": {"c2": "C2 PONIENTE", "alcaldia": "CUAJIMALPA", "sector": "CUAJIMALPA", "colonia": "TEPETONCO"}}, {"model": "folios.ubicacion", "pk": 574, "fields": {"c2": "C2 PONIENTE", "alcaldia": "CUAJIMALPA", "sector": "CUAJIMALPA", "colonia": "TIANGUILLO"}}, {"model": "folios.ubicacion", "pk": 575, "fields": {"c2": "C2 PONIENTE", "alcaldia": "CUAJIMALPA", "sector": "CUAJIMALPA", "colonia": "ZENTLAPATL"}}, {"model": "folios.ubicacion", "pk": 576, "fields": {"c2": "C2 PONIENTE", "alcaldia": "CUAJIMALPA", "sector": "EL YAQUI", "colonia": "BOSQUE DE LAS LOMAS"}}, {"model": "folios.ubicacion", "pk": 577, "fields": {"c2": "C2 PONIENTE", "alcaldia": "CUAJIMALPA", "sector": "EL YAQUI", "colonia": "CJNTO HAB ANTIGUA TERRUM"}}, {"model": "folios.ubicacion", "pk": 578, "fields": {"c2": "C2 PONIENTE", "alcaldia": "CUAJIMALPA", "sector": "EL YAQUI", "colonia": "CONTADERO"}}, {"model": "folios.ubicacion", "pk": 579, "fields": {"c2": "C2 PONIENTE", "alcaldia": "CUAJIMALPA", "sector": "EL YAQUI", "colonia": "CONTADERO LA VENTA"}}, {"model": "folios.ubicacion", "pk": 580, "fields": {"c2": "C2 PONIENTE", "alcaldia": "CUAJIMALPA", "sector": "EL YAQUI", "colonia": "CRUZ BLANCA"}}, {"model": "folios.ubicacion", "pk": 581, "fields": {"c2": "C2 PONIENTE", "alcaldia": "CUAJIMALPA", "sector": "EL YAQUI", "colonia": "EL MOLINITO  EL YAQUI"}}, {"model": "folios.ubicacion", "pk": 582, "fields": {"c2": "C2 PONIENTE", "alcaldia": "CUAJIMALPA", "sector": "EL YAQUI", "colonia": "LA PILA"}}, {"model": "folios.ubicacion", "pk": 583, "fields": {"c2": "C2 PONIENTE", "alcaldia": "CUAJIMALPA", "sector": "EL YAQUI", "colonia": "LOMA DEL OCOTE"}}, {"model": "folios.ubicacion", "pk": 584, "fields": {"c2": "C2 PONIENTE", "alcaldia": "CUAJIMALPA", "sector": "EL YAQUI", "colonia": "LOMAS DE MEMETLA"}}, {"model": "folios.ubicacion", "pk": 585, "fields": {"c2": "C2 PONIENTE", "alcaldia": "CUAJIMALPA", "sector": "EL YAQUI", "colonia": "LOMAS DE SAN PEDRO"}}, {"model": "folios.ubicacion", "pk": 586, "fields": {"c2": "C2 PONIENTE", "alcaldia": "CUAJIMALPA", "sector": "EL YAQUI", "colonia": "LOMAS DE VISTA HERMOSA"}}, {"model": "folios.ubicacion", "pk": 587, "fields": {"c2": "C2 PONIENTE", "alcaldia": "CUAJIMALPA", "sector": "EL YAQUI", "colonia": "LOMAS DEL CHAMIZAL"}}, {"model": "folios.ubicacion", "pk": 588, "fields": {"c2": "C2 PONIENTE", "alcaldia": "CUAJIMALPA", "sector": "EL YAQUI", "colonia": "MEMETLA AMPL MEMETLA"}}, {"model": "folios.ubicacion", "pk": 589, "fields": {"c2": "C2 PONIENTE", "alcaldia": "CUAJIMALPA", "sector": "EL YAQUI", "colonia": "PALO ALTO"}}, {"model": "folios.ubicacion", "pk": 590, "fields": {"c2": "C2 PONIENTE", "alcaldia": "CUAJIMALPA", "sector": "EL YAQUI", "colonia": "SN MATEO TLALTENANGO"}}, {"model": "folios.ubicacion", "pk": 591, "fields": {"c2": "C2 PONIENTE", "alcaldia": "MAGDALENA CONTRERAS", "sector": "DINAMO", "colonia": "BARRANCA SECA"}}, {"model": "folios.ubicacion", "pk": 592, "fields": {"c2": "C2 PONIENTE", "alcaldia": "MAGDALENA CONTRERAS", "sector": "DINAMO", "colonia": "BARRIO LAS CALLES"}}, {"model": "folios.ubicacion", "pk": 593, "fields": {"c2": "C2 PONIENTE", "alcaldia": "MAGDALENA CONTRERAS", "sector": "DINAMO", "colonia": "EL ERMITAÑO"}}, {"model": "folios.ubicacion", "pk": 594, "fields": {"c2": "C2 PONIENTE", "alcaldia": "MAGDALENA CONTRERAS", "sector": "DINAMO", "colonia": "EL OCOTAL"}}, {"model": "folios.ubicacion", "pk": 595, "fields": {"c2": "C2 PONIENTE", "alcaldia": "MAGDALENA CONTRERAS", "sector": "DINAMO", "colonia": "GUADALUPE"}}, {"model": "folios.ubicacion", "pk": 596, "fields": {"c2": "C2 PONIENTE", "alcaldia": "MAGDALENA CONTRERAS", "sector": "DINAMO", "colonia": "HEROES DE PADIERNA"}}, {"model": "folios.ubicacion", "pk": 597, "fields": {"c2": "C2 PONIENTE", "alcaldia": "MAGDALENA CONTRERAS", "sector": "DINAMO", "colonia": "LA CARBONERA"}}, {"model": "folios.ubicacion", "pk": 598, "fields": {"c2": "C2 PONIENTE", "alcaldia": "MAGDALENA CONTRERAS", "sector": "DINAMO", "colonia": "LA CONCEPCION"}}, {"model": "folios.ubicacion", "pk": 599, "fields": {"c2": "C2 PONIENTE", "alcaldia": "MAGDALENA CONTRERAS", "sector": "DINAMO", "colonia": "LA CRUZ"}}, {"model": "folios.ubicacion", "pk": 600, "fields": {"c2": "C2 PONIENTE", "alcaldia": "MAGDALENA CONTRERAS", "sector": "DINAMO", "colonia": "LAS HUERTAS"}}, {"model": "folios.ubicacion", "pk": 601, "fields": {"c2": "C2 PONIENTE", "alcaldia": "MAGDALENA CONTRERAS", "sector": "DINAMO", "colonia": "PARAJE SUBESTACION"}}, {"model": "folios.ubicacion", "pk": 602, "fields": {"c2": "C2 PONIENTE", "alcaldia": "MAGDALENA CONTRERAS", "sector": "DINAMO", "colonia": "PBLO LA MAGDALENA CONTRERAS"}}, {"model": "folios.ubicacion", "pk": 603, "fields": {"c2": "C2 PONIENTE", "alcaldia": "MAGDALENA CONTRERAS", "sector": "DINAMO", "colonia": "PBLO NUEVO ALTO"}}, {"model": "folios.ubicacion", "pk": 604, "fields": {"c2": "C2 PONIENTE", "alcaldia": "MAGDALENA CONTRERAS", "sector": "DINAMO", "colonia": "PBLO NUEVO BAJO"}}, {"model": "folios.ubicacion", "pk": 605, "fields": {"c2": "C2 PONIENTE", "alcaldia": "MAGDALENA CONTRERAS", "sector": "DINAMO", "colonia": "PBLO SN NICOLAS TOTOLAPAN"}}, {"model": "folios.ubicacion", "pk": 606, "fields": {"c2": "C2 PONIENTE", "alcaldia": "MAGDALENA CONTRERAS", "sector": "DINAMO", "colonia": "PEDREGAL II"}}, {"model": "folios.ubicacion", "pk": 607, "fields": {"c2": "C2 PONIENTE", "alcaldia": "MAGDALENA CONTRERAS", "sector": "DINAMO", "colonia": "SN FRANCISCO"}}, {"model": "folios.ubicacion", "pk": 608, "fields": {"c2": "C2 PONIENTE", "alcaldia": "MAGDALENA CONTRERAS", "sector": "DINAMO", "colonia": "SN JERONIMO ACULCO"}}, {"model": "folios.ubicacion", "pk": 609, "fields": {"c2": "C2 PONIENTE", "alcaldia": "MAGDALENA CONTRERAS", "sector": "DINAMO", "colonia": "STA TERESA"}}, {"model": "folios.ubicacion", "pk": 610, "fields": {"c2": "C2 PONIENTE", "alcaldia": "MAGDALENA CONTRERAS", "sector": "DINAMO", "colonia": "TIERRA UNIDA"}}, {"model": "folios.ubicacion", "pk": 611, "fields": {"c2": "C2 PONIENTE", "alcaldia": "MAGDALENA CONTRERAS", "sector": "SAN JERONIMO", "colonia": "AMPL LOMAS DE SAN BERNABE"}}, {"model": "folios.ubicacion", "pk": 612, "fields": {"c2": "C2 PONIENTE", "alcaldia": "MAGDALENA CONTRERAS", "sector": "SAN JERONIMO", "colonia": "AMPL POTRERILLO"}}, {"model": "folios.ubicacion", "pk": 613, "fields": {"c2": "C2 PONIENTE", "alcaldia": "MAGDALENA CONTRERAS", "sector": "SAN JERONIMO", "colonia": "ATACASCO"}}, {"model": "folios.ubicacion", "pk": 614, "fields": {"c2": "C2 PONIENTE", "alcaldia": "MAGDALENA CONTRERAS", "sector": "SAN JERONIMO", "colonia": "BARROS SIERRA"}}, {"model": "folios.ubicacion", "pk": 615, "fields": {"c2": "C2 PONIENTE", "alcaldia": "MAGDALENA CONTRERAS", "sector": "SAN JERONIMO", "colonia": "CERRO DEL JUDIO"}}, {"model": "folios.ubicacion", "pk": 616, "fields": {"c2": "C2 PONIENTE", "alcaldia": "MAGDALENA CONTRERAS", "sector": "SAN JERONIMO", "colonia": "CUAUHTEMOC"}}, {"model": "folios.ubicacion", "pk": 617, "fields": {"c2": "C2 PONIENTE", "alcaldia": "MAGDALENA CONTRERAS", "sector": "SAN JERONIMO", "colonia": "EL ROSAL"}}, {"model": "folios.ubicacion", "pk": 618, "fields": {"c2": "C2 PONIENTE", "alcaldia": "MAGDALENA CONTRERAS", "sector": "SAN JERONIMO", "colonia": "EL TANQUE"}}, {"model": "folios.ubicacion", "pk": 619, "fields": {"c2": "C2 PONIENTE", "alcaldia": "MAGDALENA CONTRERAS", "sector": "SAN JERONIMO", "colonia": "EL TORO"}}, {"model": "folios.ubicacion", "pk": 620, "fields": {"c2": "C2 PONIENTE", "alcaldia": "MAGDALENA CONTRERAS", "sector": "SAN JERONIMO", "colonia": "HUAYATLA"}}, {"model": "folios.ubicacion", "pk": 621, "fields": {"c2": "C2 PONIENTE", "alcaldia": "MAGDALENA CONTRERAS", "sector": "SAN JERONIMO", "colonia": "LA MALINCHE"}}, {"model": "folios.ubicacion", "pk": 622, "fields": {"c2": "C2 PONIENTE", "alcaldia": "MAGDALENA CONTRERAS", "sector": "SAN JERONIMO", "colonia": "LAS CRUCES"}}, {"model": "folios.ubicacion", "pk": 623, "fields": {"c2": "C2 PONIENTE", "alcaldia": "MAGDALENA CONTRERAS", "sector": "SAN JERONIMO", "colonia": "LAS PALMAS"}}, {"model": "folios.ubicacion", "pk": 624, "fields": {"c2": "C2 PONIENTE", "alcaldia": "MAGDALENA CONTRERAS", "sector": "SAN JERONIMO", "colonia": "LOMAS DE SAN BERNABE"}}, {"model": "folios.ubicacion", "pk": 625, "fields": {"c2": "C2 PONIENTE", "alcaldia": "MAGDALENA CONTRERAS", "sector": "SAN JERONIMO", "colonia": "LOMAS QUEBRADAS"}}, {"model": "folios.ubicacion", "pk": 626, "fields": {"c2": "C2 PONIENTE", "alcaldia": "MAGDALENA CONTRERAS", "sector": "SAN JERONIMO", "colonia": "LOS PADRES"}}, {"model": "folios.ubicacion", "pk": 627, "fields": {"c2": "C2 PONIENTE", "alcaldia": "MAGDALENA CONTRERAS", "sector": "SAN JERONIMO", "colonia": "PBLO SN BERNABE OCOTEPEC"}}, {"model": "folios.ubicacion", "pk": 628, "fields": {"c2": "C2 PONIENTE", "alcaldia": "MAGDALENA CONTRERAS", "sector": "SAN JERONIMO", "colonia": "POTRERILLO"}}, {"model": "folios.ubicacion", "pk": 629, "fields": {"c2": "C2 PONIENTE", "alcaldia": "MAGDALENA CONTRERAS", "sector": "SAN JERONIMO", "colonia": "SA BARTOLO AMEYALCO"}}, {"model": "folios.ubicacion", "pk": 630, "fields": {"c2": "C2 PONIENTE", "alcaldia": "MAGDALENA CONTRERAS", "sector": "SAN JERONIMO", "colonia": "SN JERONIMO LIDICE"}}, {"model": "folios.ubicacion", "pk": 631, "fields": {"c2": "C2 PONIENTE", "alcaldia": "MAGDALENA CONTRERAS", "sector": "SAN JERONIMO", "colonia": "U.H. IMSS INDEPENDENCIA"}}, {"model": "folios.ubicacion", "pk": 632, "fields": {"c2": "C2 PONIENTE", "alcaldia": "MIGUEL HIDALGO", "sector": "CHAPULTEPEC", "colonia": "BOSQUE DE LAS LOMAS"}}, {"model": "folios.ubicacion", "pk": 633, "fields": {"c2": "C2 PONIENTE", "alcaldia": "MIGUEL HIDALGO", "sector": "CHAPULTEPEC", "colonia": "LOMAS DE BARRILACO"}}, {"model": "folios.ubicacion", "pk": 634, "fields": {"c2": "C2 PONIENTE", "alcaldia": "MIGUEL HIDALGO", "sector": "CHAPULTEPEC", "colonia": "LOMAS DE BEZARES"}}, {"model": "folios.ubicacion", "pk": 635, "fields": {"c2": "C2 PONIENTE", "alcaldia": "MIGUEL HIDALGO", "sector": "CHAPULTEPEC", "colonia": "LOMAS DE CHAPULTEPEC VIRREYES"}}, {"model": "folios.ubicacion", "pk": 636, "fields": {"c2": "C2 PONIENTE", "alcaldia": "MIGUEL HIDALGO", "sector": "CHAPULTEPEC", "colonia": "LOMAS REFORMA"}}, {"model": "folios.ubicacion", "pk": 637, "fields": {"c2": "C2 PONIENTE", "alcaldia": "MIGUEL HIDALGO", "sector": "CHAPULTEPEC", "colonia": "REAL DE LAS LOMAS"}}, {"model": "folios.ubicacion", "pk": 638, "fields": {"c2": "C2 PONIENTE", "alcaldia": "MIGUEL HIDALGO", "sector": "CHAPULTEPEC", "colonia": "REFORMA SOCIAL"}}, {"model": "folios.ubicacion", "pk": 639, "fields": {"c2": "C2 PONIENTE", "alcaldia": "MIGUEL HIDALGO", "sector": "CHAPULTEPEC", "colonia": "RESID MILITAR"}}, {"model": "folios.ubicacion", "pk": 640, "fields": {"c2": "C2 PONIENTE", "alcaldia": "MIGUEL HIDALGO", "sector": "CHAPULTEPEC", "colonia": "U.H. MILITAR LOMAS DE SAN ISIDRO"}}, {"model": "folios.ubicacion", "pk": 641, "fields": {"c2": "C2 PONIENTE", "alcaldia": "MIGUEL HIDALGO", "sector": "POLANCO CASTILLO", "colonia": "ANZURES"}}, {"model": "folios.ubicacion", "pk": 642, "fields": {"c2": "C2 PONIENTE", "alcaldia": "MIGUEL HIDALGO", "sector": "POLANCO CASTILLO", "colonia": "ANZURES"}}, {"model": "folios.ubicacion", "pk": 643, "fields": {"c2": "C2 PONIENTE", "alcaldia": "MIGUEL HIDALGO", "sector": "POLANCO CASTILLO", "colonia": "BOSQUES DE CHAPULTEPEC 1A SECC."}}, {"model": "folios.ubicacion", "pk": 644, "fields": {"c2": "C2 PONIENTE", "alcaldia": "MIGUEL HIDALGO", "sector": "POLANCO CASTILLO", "colonia": "CASA BLANCA"}}, {"model": "folios.ubicacion", "pk": 645, "fields": {"c2": "C2 PONIENTE", "alcaldia": "MIGUEL HIDALGO", "sector": "POLANCO CASTILLO", "colonia": "NUEVA ANZURES"}}, {"model": "folios.ubicacion", "pk": 646, "fields": {"c2": "C2 PONIENTE", "alcaldia": "MIGUEL HIDALGO", "sector": "POLANCO CASTILLO", "colonia": "POLANCO SECCION I"}}, {"model": "folios.ubicacion", "pk": 647, "fields": {"c2": "C2 PONIENTE", "alcaldia": "MIGUEL HIDALGO", "sector": "POLANCO CASTILLO", "colonia": "POLANCO SECCION II"}}, {"model": "folios.ubicacion", "pk": 648, "fields": {"c2": "C2 PONIENTE", "alcaldia": "MIGUEL HIDALGO", "sector": "POLANCO CASTILLO", "colonia": "POLANCO SECCION III Y IV"}}, {"model": "folios.ubicacion", "pk": 649, "fields": {"c2": "C2 PONIENTE", "alcaldia": "MIGUEL HIDALGO", "sector": "POLANCO CASTILLO", "colonia": "POLANCO SECCION V"}}, {"model": "folios.ubicacion", "pk": 650, "fields": {"c2": "C2 PONIENTE", "alcaldia": "MIGUEL HIDALGO", "sector": "POLANCO CASTILLO", "colonia": "POLANCO SECCION V"}}, {"model": "folios.ubicacion", "pk": 651, "fields": {"c2": "C2 PONIENTE", "alcaldia": "MIGUEL HIDALGO", "sector": "SOTELO", "colonia": "5 DE MAYO"}}, {"model": "folios.ubicacion", "pk": 652, "fields": {"c2": "C2 PONIENTE", "alcaldia": "MIGUEL HIDALGO", "sector": "SOTELO", "colonia": "AMPL GRANADA"}}, {"model": "folios.ubicacion", "pk": 653, "fields": {"c2": "C2 PONIENTE", "alcaldia": "MIGUEL HIDALGO", "sector": "SOTELO", "colonia": "AMPL POPO"}}, {"model": "folios.ubicacion", "pk": 654, "fields": {"c2": "C2 PONIENTE", "alcaldia": "MIGUEL HIDALGO", "sector": "SOTELO", "colonia": "CUAUHTEMOC PENSIL"}}, {"model": "folios.ubicacion", "pk": 655, "fields": {"c2": "C2 PONIENTE", "alcaldia": "MIGUEL HIDALGO", "sector": "SOTELO", "colonia": "DEPORTIVA PENSIL"}}, {"model": "folios.ubicacion", "pk": 656, "fields": {"c2": "C2 PONIENTE", "alcaldia": "MIGUEL HIDALGO", "sector": "SOTELO", "colonia": "FRANCISCO I MADERO"}}, {"model": "folios.ubicacion", "pk": 657, "fields": {"c2": "C2 PONIENTE", "alcaldia": "MIGUEL HIDALGO", "sector": "SOTELO", "colonia": "GRANADA"}}, {"model": "folios.ubicacion", "pk": 658, "fields": {"c2": "C2 PONIENTE", "alcaldia": "MIGUEL HIDALGO", "sector": "SOTELO", "colonia": "IRRIGACION"}}, {"model": "folios.ubicacion", "pk": 659, "fields": {"c2": "C2 PONIENTE", "alcaldia": "MIGUEL HIDALGO", "sector": "SOTELO", "colonia": "LOMAS DE SOTELO II TATA LAZARO"}}, {"model": "folios.ubicacion", "pk": 660, "fields": {"c2": "C2 PONIENTE", "alcaldia": "MIGUEL HIDALGO", "sector": "SOTELO", "colonia": "LOMAS DE SOTELO SECC. I"}}, {"model": "folios.ubicacion", "pk": 661, "fields": {"c2": "C2 PONIENTE", "alcaldia": "MIGUEL HIDALGO", "sector": "SOTELO", "colonia": "MANUEL AVILA CAMACHO"}}, {"model": "folios.ubicacion", "pk": 662, "fields": {"c2": "C2 PONIENTE", "alcaldia": "MIGUEL HIDALGO", "sector": "SOTELO", "colonia": "MEXICO NUEVO"}}, {"model": "folios.ubicacion", "pk": 663, "fields": {"c2": "C2 PONIENTE", "alcaldia": "MIGUEL HIDALGO", "sector": "SOTELO", "colonia": "PENSIL"}}, {"model": "folios.ubicacion", "pk": 664, "fields": {"c2": "C2 PONIENTE", "alcaldia": "MIGUEL HIDALGO", "sector": "SOTELO", "colonia": "PERIODISTA"}}, {"model": "folios.ubicacion", "pk": 665, "fields": {"c2": "C2 PONIENTE", "alcaldia": "MIGUEL HIDALGO", "sector": "SOTELO", "colonia": "POPO"}}, {"model": "folios.ubicacion", "pk": 666, "fields": {"c2": "C2 PONIENTE", "alcaldia": "MIGUEL HIDALGO", "sector": "SOTELO", "colonia": "REFORMA PENSIL"}}, {"model": "folios.ubicacion", "pk": 667, "fields": {"c2": "C2 PONIENTE", "alcaldia": "MIGUEL HIDALGO", "sector": "SOTELO", "colonia": "SN JOAQUIN"}}, {"model": "folios.ubicacion", "pk": 668, "fields": {"c2": "C2 PONIENTE", "alcaldia": "MIGUEL HIDALGO", "sector": "SOTELO", "colonia": "U.H. LEGARIA"}}, {"model": "folios.ubicacion", "pk": 669, "fields": {"c2": "C2 PONIENTE", "alcaldia": "MIGUEL HIDALGO", "sector": "SOTELO", "colonia": "U.H. LOMA HERMOSA"}}, {"model": "folios.ubicacion", "pk": 670, "fields": {"c2": "C2 PONIENTE", "alcaldia": "MIGUEL HIDALGO", "sector": "TACUBA", "colonia": "AGRICULTURA SANTO TOMAS"}}, {"model": "folios.ubicacion", "pk": 671, "fields": {"c2": "C2 PONIENTE", "alcaldia": "MIGUEL HIDALGO", "sector": "TACUBA", "colonia": "AHUEHUETES ANAHUAC"}}, {"model": "folios.ubicacion", "pk": 672, "fields": {"c2": "C2 PONIENTE", "alcaldia": "MIGUEL HIDALGO", "sector": "TACUBA", "colonia": "AMPL TORRE BLANCA"}}, {"model": "folios.ubicacion", "pk": 673, "fields": {"c2": "C2 PONIENTE", "alcaldia": "MIGUEL HIDALGO", "sector": "TACUBA", "colonia": "ANAHUAC II SECC."}}, {"model": "folios.ubicacion", "pk": 674, "fields": {"c2": "C2 PONIENTE", "alcaldia": "MIGUEL HIDALGO", "sector": "TACUBA", "colonia": "ARGENTINA ANTIGUA"}}, {"model": "folios.ubicacion", "pk": 675, "fields": {"c2": "C2 PONIENTE", "alcaldia": "MIGUEL HIDALGO", "sector": "TACUBA", "colonia": "ARGENTINA PTE"}}, {"model": "folios.ubicacion", "pk": 676, "fields": {"c2": "C2 PONIENTE", "alcaldia": "MIGUEL HIDALGO", "sector": "TACUBA", "colonia": "DOS LAGOS"}}, {"model": "folios.ubicacion", "pk": 677, "fields": {"c2": "C2 PONIENTE", "alcaldia": "MIGUEL HIDALGO", "sector": "TACUBA", "colonia": "HUICHAPAN"}}, {"model": "folios.ubicacion", "pk": 678, "fields": {"c2": "C2 PONIENTE", "alcaldia": "MIGUEL HIDALGO", "sector": "TACUBA", "colonia": "IGNACIO MANUEL ALTAMIRANO"}}, {"model": "folios.ubicacion", "pk": 679, "fields": {"c2": "C2 PONIENTE", "alcaldia": "MIGUEL HIDALGO", "sector": "TACUBA", "colonia": "LAGO"}}, {"model": "folios.ubicacion", "pk": 680, "fields": {"c2": "C2 PONIENTE", "alcaldia": "MIGUEL HIDALGO", "sector": "TACUBA", "colonia": "LEGARIA"}}, {"model": "folios.ubicacion", "pk": 681, "fields": {"c2": "C2 PONIENTE", "alcaldia": "MIGUEL HIDALGO", "sector": "TACUBA", "colonia": "LOS MANZANOS"}}, {"model": "folios.ubicacion", "pk": 682, "fields": {"c2": "C2 PONIENTE", "alcaldia": "MIGUEL HIDALGO", "sector": "TACUBA", "colonia": "MARIANO ESCOBEDO ANAHUAC"}}, {"model": "folios.ubicacion", "pk": 683, "fields": {"c2": "C2 PONIENTE", "alcaldia": "MIGUEL HIDALGO", "sector": "TACUBA", "colonia": "MODELO PENSIL"}}, {"model": "folios.ubicacion", "pk": 684, "fields": {"c2": "C2 PONIENTE", "alcaldia": "MIGUEL HIDALGO", "sector": "TACUBA", "colonia": "NEXTITLA"}}, {"model": "folios.ubicacion", "pk": 685, "fields": {"c2": "C2 PONIENTE", "alcaldia": "MIGUEL HIDALGO", "sector": "TACUBA", "colonia": "PERALITOS"}}, {"model": "folios.ubicacion", "pk": 686, "fields": {"c2": "C2 PONIENTE", "alcaldia": "MIGUEL HIDALGO", "sector": "TACUBA", "colonia": "POPOTLA"}}, {"model": "folios.ubicacion", "pk": 687, "fields": {"c2": "C2 PONIENTE", "alcaldia": "MIGUEL HIDALGO", "sector": "TACUBA", "colonia": "SN DIEGO ACOYOAC"}}, {"model": "folios.ubicacion", "pk": 688, "fields": {"c2": "C2 PONIENTE", "alcaldia": "MIGUEL HIDALGO", "sector": "TACUBA", "colonia": "SN JUANICO"}}, {"model": "folios.ubicacion", "pk": 689, "fields": {"c2": "C2 PONIENTE", "alcaldia": "MIGUEL HIDALGO", "sector": "TACUBA", "colonia": "SN LORENZO TLALTENANGO"}}, {"model": "folios.ubicacion", "pk": 690, "fields": {"c2": "C2 PONIENTE", "alcaldia": "MIGUEL HIDALGO", "sector": "TACUBA", "colonia": "TACUBA"}}, {"model": "folios.ubicacion", "pk": 691, "fields": {"c2": "C2 PONIENTE", "alcaldia": "MIGUEL HIDALGO", "sector": "TACUBA", "colonia": "TLAXPANA"}}, {"model": "folios.ubicacion", "pk": 692, "fields": {"c2": "C2 PONIENTE", "alcaldia": "MIGUEL HIDALGO", "sector": "TACUBA", "colonia": "TORRE BLANCA"}}, {"model": "folios.ubicacion", "pk": 693, "fields": {"c2": "C2 PONIENTE", "alcaldia": "MIGUEL HIDALGO", "sector": "TACUBA", "colonia": "VENTURA PEREZ DE ALBA"}}, {"model": "folios.ubicacion", "pk": 694, "fields": {"c2": "C2 PONIENTE", "alcaldia": "MIGUEL HIDALGO", "sector": "TACUBA", "colonia": "VERONICA ANZURES"}}, {"model": "folios.ubicacion", "pk": 695, "fields": {"c2": "C2 PONIENTE", "alcaldia": "MIGUEL HIDALGO", "sector": "TACUBAYA", "colonia": "16 DE SEPTIEMBRE"}}, {"model": "folios.ubicacion", "pk": 696, "fields": {"c2": "C2 PONIENTE", "alcaldia": "MIGUEL HIDALGO", "sector": "TACUBAYA", "colonia": "2A SECC. DEL BOSQUE DE CHAPULTEPEC"}}, {"model": "folios.ubicacion", "pk": 697, "fields": {"c2": "C2 PONIENTE", "alcaldia": "MIGUEL HIDALGO", "sector": "TACUBAYA", "colonia": "AMERICA"}}, {"model": "folios.ubicacion", "pk": 698, "fields": {"c2": "C2 PONIENTE", "alcaldia": "MIGUEL HIDALGO", "sector": "TACUBAYA", "colonia": "AMPL DANIEL GARZA"}}, {"model": "folios.ubicacion", "pk": 699, "fields": {"c2": "C2 PONIENTE", "alcaldia": "MIGUEL HIDALGO", "sector": "TACUBAYA", "colonia": "DANIEL GARZA"}}, {"model": "folios.ubicacion", "pk": 700, "fields": {"c2": "C2 PONIENTE", "alcaldia": "MIGUEL HIDALGO", "sector": "TACUBAYA", "colonia": "ESCANDON"}}, {"model": "folios.ubicacion", "pk": 701, "fields": {"c2": "C2 PONIENTE", "alcaldia": "MIGUEL HIDALGO", "sector": "TACUBAYA", "colonia": "LOMAS ALTAS PLAN DE BARRANCA"}}, {"model": "folios.ubicacion", "pk": 702, "fields": {"c2": "C2 PONIENTE", "alcaldia": "MIGUEL HIDALGO", "sector": "TACUBAYA", "colonia": "MOLINO DEL REY"}}, {"model": "folios.ubicacion", "pk": 703, "fields": {"c2": "C2 PONIENTE", "alcaldia": "MIGUEL HIDALGO", "sector": "TACUBAYA", "colonia": "OBSERVATORIO"}}, {"model": "folios.ubicacion", "pk": 704, "fields": {"c2": "C2 PONIENTE", "alcaldia": "MIGUEL HIDALGO", "sector": "TACUBAYA", "colonia": "SN MIGUEL CHAPULTEPEC"}}, {"model": "folios.ubicacion", "pk": 705, "fields": {"c2": "C2 PONIENTE", "alcaldia": "MIGUEL HIDALGO", "sector": "TACUBAYA", "colonia": "TACUBAYA"}}, {"model": "folios.ubicacion", "pk": 706, "fields": {"c2": "C2 SUR", "alcaldia": "BENITO JUAREZ", "sector": "DEL VALLE", "colonia": "ACACIAS"}}, {"model": "folios.ubicacion", "pk": 707, "fields": {"c2": "C2 SUR", "alcaldia": "BENITO JUAREZ", "sector": "DEL VALLE", "colonia": "ACTIPAN"}}, {"model": "folios.ubicacion", "pk": 708, "fields": {"c2": "C2 SUR", "alcaldia": "BENITO JUAREZ", "sector": "DEL VALLE", "colonia": "CENTRO URBANO PRESIDENTE ALEMAN"}}, {"model": "folios.ubicacion", "pk": 709, "fields": {"c2": "C2 SUR", "alcaldia": "BENITO JUAREZ", "sector": "DEL VALLE", "colonia": "CREDITO CONSTRUCTOR"}}, {"model": "folios.ubicacion", "pk": 710, "fields": {"c2": "C2 SUR", "alcaldia": "BENITO JUAREZ", "sector": "DEL VALLE", "colonia": "DEL VALLE CENTRO"}}, {"model": "folios.ubicacion", "pk": 711, "fields": {"c2": "C2 SUR", "alcaldia": "BENITO JUAREZ", "sector": "DEL VALLE", "colonia": "DEL VALLE NTE"}}, {"model": "folios.ubicacion", "pk": 712, "fields": {"c2": "C2 SUR", "alcaldia": "BENITO JUAREZ", "sector": "DEL VALLE", "colonia": "DEL VALLE SUR"}}, {"model": "folios.ubicacion", "pk": 713, "fields": {"c2": "C2 SUR", "alcaldia": "BENITO JUAREZ", "sector": "DEL VALLE", "colonia": "INSURGENTES SAN BORJA"}}, {"model": "folios.ubicacion", "pk": 714, "fields": {"c2": "C2 SUR", "alcaldia": "BENITO JUAREZ", "sector": "DEL VALLE", "colonia": "TLACOQUEMECATL DEL VALLE"}}, {"model": "folios.ubicacion", "pk": 715, "fields": {"c2": "C2 SUR", "alcaldia": "BENITO JUAREZ", "sector": "NAPOLES", "colonia": "8 DE AGOSTO"}}, {"model": "folios.ubicacion", "pk": 716, "fields": {"c2": "C2 SUR", "alcaldia": "BENITO JUAREZ", "sector": "NAPOLES", "colonia": "AMPL NAPOLES"}}, {"model": "folios.ubicacion", "pk": 717, "fields": {"c2": "C2 SUR", "alcaldia": "BENITO JUAREZ", "sector": "NAPOLES", "colonia": "CD DE LOS DEPORTES"}}, {"model": "folios.ubicacion", "pk": 718, "fields": {"c2": "C2 SUR", "alcaldia": "BENITO JUAREZ", "sector": "NAPOLES", "colonia": "INSURGENTES EXTREMADURA"}}, {"model": "folios.ubicacion", "pk": 719, "fields": {"c2": "C2 SUR", "alcaldia": "BENITO JUAREZ", "sector": "NAPOLES", "colonia": "INSURGENTES MIXCOAC"}}, {"model": "folios.ubicacion", "pk": 720, "fields": {"c2": "C2 SUR", "alcaldia": "BENITO JUAREZ", "sector": "NAPOLES", "colonia": "MERCED GOMEZ"}}, {"model": "folios.ubicacion", "pk": 721, "fields": {"c2": "C2 SUR", "alcaldia": "BENITO JUAREZ", "sector": "NAPOLES", "colonia": "MIXCOAC"}}, {"model": "folios.ubicacion", "pk": 722, "fields": {"c2": "C2 SUR", "alcaldia": "BENITO JUAREZ", "sector": "NAPOLES", "colonia": "NAPOLES"}}, {"model": "folios.ubicacion", "pk": 723, "fields": {"c2": "C2 SUR", "alcaldia": "BENITO JUAREZ", "sector": "NAPOLES", "colonia": "NOCHE BUENA"}}, {"model": "folios.ubicacion", "pk": 724, "fields": {"c2": "C2 SUR", "alcaldia": "BENITO JUAREZ", "sector": "NAPOLES", "colonia": "NONOALCO"}}, {"model": "folios.ubicacion", "pk": 725, "fields": {"c2": "C2 SUR", "alcaldia": "BENITO JUAREZ", "sector": "NAPOLES", "colonia": "SN JOSE INSURGENTES"}}, {"model": "folios.ubicacion", "pk": 726, "fields": {"c2": "C2 SUR", "alcaldia": "BENITO JUAREZ", "sector": "NAPOLES", "colonia": "SN JUAN"}}, {"model": "folios.ubicacion", "pk": 727, "fields": {"c2": "C2 SUR", "alcaldia": "BENITO JUAREZ", "sector": "NAPOLES", "colonia": "SN PEDRO DE LOS PINOS"}}, {"model": "folios.ubicacion", "pk": 728, "fields": {"c2": "C2 SUR", "alcaldia": "BENITO JUAREZ", "sector": "NARVARTE ALAMOS", "colonia": "ALAMOS"}}, {"model": "folios.ubicacion", "pk": 729, "fields": {"c2": "C2 SUR", "alcaldia": "BENITO JUAREZ", "sector": "NARVARTE ALAMOS", "colonia": "AMERICAS UNIDAS"}}, {"model": "folios.ubicacion", "pk": 730, "fields": {"c2": "C2 SUR", "alcaldia": "BENITO JUAREZ", "sector": "NARVARTE ALAMOS", "colonia": "ATENOR SALAS"}}, {"model": "folios.ubicacion", "pk": 731, "fields": {"c2": "C2 SUR", "alcaldia": "BENITO JUAREZ", "sector": "NARVARTE ALAMOS", "colonia": "DEL LAGO"}}, {"model": "folios.ubicacion", "pk": 732, "fields": {"c2": "C2 SUR", "alcaldia": "BENITO JUAREZ", "sector": "NARVARTE ALAMOS", "colonia": "INDEPENDENCIA"}}, {"model": "folios.ubicacion", "pk": 733, "fields": {"c2": "C2 SUR", "alcaldia": "BENITO JUAREZ", "sector": "NARVARTE ALAMOS", "colonia": "JOSEFA ORTIZ DE DOMINGUEZ"}}, {"model": "folios.ubicacion", "pk": 734, "fields": {"c2": "C2 SUR", "alcaldia": "BENITO JUAREZ", "sector": "NARVARTE ALAMOS", "colonia": "MIGUEL ALEMAN"}}, {"model": "folios.ubicacion", "pk": 735, "fields": {"c2": "C2 SUR", "alcaldia": "BENITO JUAREZ", "sector": "NARVARTE ALAMOS", "colonia": "NARVARTE OTE"}}, {"model": "folios.ubicacion", "pk": 736, "fields": {"c2": "C2 SUR", "alcaldia": "BENITO JUAREZ", "sector": "NARVARTE ALAMOS", "colonia": "NARVARTE PTE"}}, {"model": "folios.ubicacion", "pk": 737, "fields": {"c2": "C2 SUR", "alcaldia": "BENITO JUAREZ", "sector": "NARVARTE ALAMOS", "colonia": "NIÑOS HEROES DE CHAPULTEPEC"}}, {"model": "folios.ubicacion", "pk": 738, "fields": {"c2": "C2 SUR", "alcaldia": "BENITO JUAREZ", "sector": "NARVARTE ALAMOS", "colonia": "PERIODISTA FRANCISCO ZARCO"}}, {"model": "folios.ubicacion", "pk": 739, "fields": {"c2": "C2 SUR", "alcaldia": "BENITO JUAREZ", "sector": "NARVARTE ALAMOS", "colonia": "PIEDAD NARVARTE"}}, {"model": "folios.ubicacion", "pk": 740, "fields": {"c2": "C2 SUR", "alcaldia": "BENITO JUAREZ", "sector": "NARVARTE ALAMOS", "colonia": "POSTAL"}}, {"model": "folios.ubicacion", "pk": 741, "fields": {"c2": "C2 SUR", "alcaldia": "BENITO JUAREZ", "sector": "NARVARTE ALAMOS", "colonia": "VERTIZ NARVARTE"}}, {"model": "folios.ubicacion", "pk": 742, "fields": {"c2": "C2 SUR", "alcaldia": "BENITO JUAREZ", "sector": "NATIVITAS", "colonia": "ALBERT"}}, {"model": "folios.ubicacion", "pk": 743, "fields": {"c2": "C2 SUR", "alcaldia": "BENITO JUAREZ", "sector": "NATIVITAS", "colonia": "ERMITA"}}, {"model": "folios.ubicacion", "pk": 744, "fields": {"c2": "C2 SUR", "alcaldia": "BENITO JUAREZ", "sector": "NATIVITAS", "colonia": "IZTACCIHUATL"}}, {"model": "folios.ubicacion", "pk": 745, "fields": {"c2": "C2 SUR", "alcaldia": "BENITO JUAREZ", "sector": "NATIVITAS", "colonia": "MARIA DEL CARMEN"}}, {"model": "folios.ubicacion", "pk": 746, "fields": {"c2": "C2 SUR", "alcaldia": "BENITO JUAREZ", "sector": "NATIVITAS", "colonia": "MIRAVALLE"}}, {"model": "folios.ubicacion", "pk": 747, "fields": {"c2": "C2 SUR", "alcaldia": "BENITO JUAREZ", "sector": "NATIVITAS", "colonia": "MODERNA"}}, {"model": "folios.ubicacion", "pk": 748, "fields": {"c2": "C2 SUR", "alcaldia": "BENITO JUAREZ", "sector": "NATIVITAS", "colonia": "NATIVITAS"}}, {"model": "folios.ubicacion", "pk": 749, "fields": {"c2": "C2 SUR", "alcaldia": "BENITO JUAREZ", "sector": "NATIVITAS", "colonia": "PORTALES OTE"}}, {"model": "folios.ubicacion", "pk": 750, "fields": {"c2": "C2 SUR", "alcaldia": "BENITO JUAREZ", "sector": "NATIVITAS", "colonia": "VILLA DE CORTES"}}, {"model": "folios.ubicacion", "pk": 751, "fields": {"c2": "C2 SUR", "alcaldia": "BENITO JUAREZ", "sector": "PORTALES", "colonia": "FRACC RESID EMPERADORES"}}, {"model": "folios.ubicacion", "pk": 752, "fields": {"c2": "C2 SUR", "alcaldia": "BENITO JUAREZ", "sector": "PORTALES", "colonia": "LETRAN VALLE"}}, {"model": "folios.ubicacion", "pk": 753, "fields": {"c2": "C2 SUR", "alcaldia": "BENITO JUAREZ", "sector": "PORTALES", "colonia": "PEDRO MARIA ANAYA"}}, {"model": "folios.ubicacion", "pk": 754, "fields": {"c2": "C2 SUR", "alcaldia": "BENITO JUAREZ", "sector": "PORTALES", "colonia": "PORTALES"}}, {"model": "folios.ubicacion", "pk": 755, "fields": {"c2": "C2 SUR", "alcaldia": "BENITO JUAREZ", "sector": "PORTALES", "colonia": "PUEBLO XOCO"}}, {"model": "folios.ubicacion", "pk": 756, "fields": {"c2": "C2 SUR", "alcaldia": "BENITO JUAREZ", "sector": "PORTALES", "colonia": "SN SIMON TICUMAN"}}, {"model": "folios.ubicacion", "pk": 757, "fields": {"c2": "C2 SUR", "alcaldia": "BENITO JUAREZ", "sector": "PORTALES", "colonia": "STA CRUZ ATOYAC"}}, {"model": "folios.ubicacion", "pk": 758, "fields": {"c2": "C2 SUR", "alcaldia": "COYOACAN", "sector": "COYOACAN", "colonia": "ATLANTIDA"}}, {"model": "folios.ubicacion", "pk": 759, "fields": {"c2": "C2 SUR", "alcaldia": "COYOACAN", "sector": "COYOACAN", "colonia": "BARRIO LA CONCEPCION"}}, {"model": "folios.ubicacion", "pk": 760, "fields": {"c2": "C2 SUR", "alcaldia": "COYOACAN", "sector": "COYOACAN", "colonia": "BARRIO NIÑO DE JESUS"}}, {"model": "folios.ubicacion", "pk": 761, "fields": {"c2": "C2 SUR", "alcaldia": "COYOACAN", "sector": "COYOACAN", "colonia": "BARRIO SAN LUCAS"}}, {"model": "folios.ubicacion", "pk": 762, "fields": {"c2": "C2 SUR", "alcaldia": "COYOACAN", "sector": "COYOACAN", "colonia": "CD JARDIN"}}, {"model": "folios.ubicacion", "pk": 763, "fields": {"c2": "C2 SUR", "alcaldia": "COYOACAN", "sector": "COYOACAN", "colonia": "DEL CARMEN VIVEROS DE COYOACAN"}}, {"model": "folios.ubicacion", "pk": 764, "fields": {"c2": "C2 SUR", "alcaldia": "COYOACAN", "sector": "COYOACAN", "colonia": "EL ROSARIO"}}, {"model": "folios.ubicacion", "pk": 765, "fields": {"c2": "C2 SUR", "alcaldia": "COYOACAN", "sector": "COYOACAN", "colonia": "EL ROSEDAL"}}, {"model": "folios.ubicacion", "pk": 766, "fields": {"c2": "C2 SUR", "alcaldia": "COYOACAN", "sector": "COYOACAN", "colonia": "PARQUE SAN ANDRES"}}, {"model": "folios.ubicacion", "pk": 767, "fields": {"c2": "C2 SUR", "alcaldia": "COYOACAN", "sector": "COYOACAN", "colonia": "PBLO DE LOS REYES"}}, {"model": "folios.ubicacion", "pk": 768, "fields": {"c2": "C2 SUR", "alcaldia": "COYOACAN", "sector": "COYOACAN", "colonia": "SN DIEGO CHURUBUSCO"}}, {"model": "folios.ubicacion", "pk": 769, "fields": {"c2": "C2 SUR", "alcaldia": "COYOACAN", "sector": "COYOACAN", "colonia": "SN FRANCISCO"}}, {"model": "folios.ubicacion", "pk": 770, "fields": {"c2": "C2 SUR", "alcaldia": "COYOACAN", "sector": "COYOACAN", "colonia": "SN MATEO"}}, {"model": "folios.ubicacion", "pk": 771, "fields": {"c2": "C2 SUR", "alcaldia": "COYOACAN", "sector": "COYOACAN", "colonia": "STA CATARINA"}}, {"model": "folios.ubicacion", "pk": 772, "fields": {"c2": "C2 SUR", "alcaldia": "COYOACAN", "sector": "COYOACAN", "colonia": "UNIDAD ROSEDAL"}}, {"model": "folios.ubicacion", "pk": 773, "fields": {"c2": "C2 SUR", "alcaldia": "COYOACAN", "sector": "COYOACAN", "colonia": "VILLA COYOACAN"}}, {"model": "folios.ubicacion", "pk": 774, "fields": {"c2": "C2 SUR", "alcaldia": "COYOACAN", "sector": "COYOACAN", "colonia": "XOTEPINGO"}}, {"model": "folios.ubicacion", "pk": 775, "fields": {"c2": "C2 SUR", "alcaldia": "COYOACAN", "sector": "CULHUACAN", "colonia": "ALIANZA POPULAR REVOLUCIONARIA"}}, {"model": "folios.ubicacion", "pk": 776, "fields": {"c2": "C2 SUR", "alcaldia": "COYOACAN", "sector": "CULHUACAN", "colonia": "CAMPESTRE COYOACAN"}}, {"model": "folios.ubicacion", "pk": 777, "fields": {"c2": "C2 SUR", "alcaldia": "COYOACAN", "sector": "CULHUACAN", "colonia": "CARMEN SERDAN"}}, {"model": "folios.ubicacion", "pk": 778, "fields": {"c2": "C2 SUR", "alcaldia": "COYOACAN", "sector": "CULHUACAN", "colonia": "CTM. CULHUACAN PRESIDENTES EJIDALES II"}}, {"model": "folios.ubicacion", "pk": 779, "fields": {"c2": "C2 SUR", "alcaldia": "COYOACAN", "sector": "CULHUACAN", "colonia": "CTM. CULHUACAN SECC. 6"}}, {"model": "folios.ubicacion", "pk": 780, "fields": {"c2": "C2 SUR", "alcaldia": "COYOACAN", "sector": "CULHUACAN", "colonia": "CTM. CULHUACAN ZONA III"}}, {"model": "folios.ubicacion", "pk": 781, "fields": {"c2": "C2 SUR", "alcaldia": "COYOACAN", "sector": "CULHUACAN", "colonia": "CTM. CULHUACAN ZONA VI"}}, {"model": "folios.ubicacion", "pk": 782, "fields": {"c2": "C2 SUR", "alcaldia": "COYOACAN", "sector": "CULHUACAN", "colonia": "CTM. CULHUACAN ZONAS 16. 18 Y 19"}}, {"model": "folios.ubicacion", "pk": 783, "fields": {"c2": "C2 SUR", "alcaldia": "COYOACAN", "sector": "CULHUACAN", "colonia": "EL MIRADOR"}}, {"model": "folios.ubicacion", "pk": 784, "fields": {"c2": "C2 SUR", "alcaldia": "COYOACAN", "sector": "CULHUACAN", "colonia": "EL PARQUE COYOACAN"}}, {"model": "folios.ubicacion", "pk": 785, "fields": {"c2": "C2 SUR", "alcaldia": "COYOACAN", "sector": "CULHUACAN", "colonia": "ESPARTACO"}}, {"model": "folios.ubicacion", "pk": 786, "fields": {"c2": "C2 SUR", "alcaldia": "COYOACAN", "sector": "CULHUACAN", "colonia": "HDA DE COYOACAN"}}, {"model": "folios.ubicacion", "pk": 787, "fields": {"c2": "C2 SUR", "alcaldia": "COYOACAN", "sector": "CULHUACAN", "colonia": "JARDINES DE COYOACAN"}}, {"model": "folios.ubicacion", "pk": 788, "fields": {"c2": "C2 SUR", "alcaldia": "COYOACAN", "sector": "CULHUACAN", "colonia": "LAS CABAÑAS"}}, {"model": "folios.ubicacion", "pk": 789, "fields": {"c2": "C2 SUR", "alcaldia": "COYOACAN", "sector": "CULHUACAN", "colonia": "LAS CAMPANAS"}}, {"model": "folios.ubicacion", "pk": 790, "fields": {"c2": "C2 SUR", "alcaldia": "COYOACAN", "sector": "CULHUACAN", "colonia": "LOS CEDROS"}}, {"model": "folios.ubicacion", "pk": 791, "fields": {"c2": "C2 SUR", "alcaldia": "COYOACAN", "sector": "CULHUACAN", "colonia": "LOS GIRASOLES I Y II"}}, {"model": "folios.ubicacion", "pk": 792, "fields": {"c2": "C2 SUR", "alcaldia": "COYOACAN", "sector": "CULHUACAN", "colonia": "LOS GIRASOLES III"}}, {"model": "folios.ubicacion", "pk": 793, "fields": {"c2": "C2 SUR", "alcaldia": "COYOACAN", "sector": "CULHUACAN", "colonia": "LOS OLIVOS"}}, {"model": "folios.ubicacion", "pk": 794, "fields": {"c2": "C2 SUR", "alcaldia": "COYOACAN", "sector": "CULHUACAN", "colonia": "LOS ROBLES FOVISSSTE LOS OLIVOS"}}, {"model": "folios.ubicacion", "pk": 795, "fields": {"c2": "C2 SUR", "alcaldia": "COYOACAN", "sector": "CULHUACAN", "colonia": "PRADOS DE COYOACAN"}}, {"model": "folios.ubicacion", "pk": 796, "fields": {"c2": "C2 SUR", "alcaldia": "COYOACAN", "sector": "CULHUACAN", "colonia": "PRADOS DE COYOACAN NTE"}}, {"model": "folios.ubicacion", "pk": 797, "fields": {"c2": "C2 SUR", "alcaldia": "COYOACAN", "sector": "CULHUACAN", "colonia": "RESID CAFETALES"}}, {"model": "folios.ubicacion", "pk": 798, "fields": {"c2": "C2 SUR", "alcaldia": "COYOACAN", "sector": "CULHUACAN", "colonia": "STA CECILIA"}}, {"model": "folios.ubicacion", "pk": 799, "fields": {"c2": "C2 SUR", "alcaldia": "COYOACAN", "sector": "CULHUACAN", "colonia": "STA URSULA COAPA (EL HUESO INFONAVIT )"}}, {"model": "folios.ubicacion", "pk": 800, "fields": {"c2": "C2 SUR", "alcaldia": "COYOACAN", "sector": "CULHUACAN", "colonia": "U.H. CANAL NACIONAL  LA VIRGEN"}}, {"model": "folios.ubicacion", "pk": 801, "fields": {"c2": "C2 SUR", "alcaldia": "COYOACAN", "sector": "CULHUACAN", "colonia": "U.H. CTM CULHUACAN SECC. IX"}}, {"model": "folios.ubicacion", "pk": 802, "fields": {"c2": "C2 SUR", "alcaldia": "COYOACAN", "sector": "CULHUACAN", "colonia": "U.H. CTM CULHUACAN SECC. VIII"}}, {"model": "folios.ubicacion", "pk": 803, "fields": {"c2": "C2 SUR", "alcaldia": "COYOACAN", "sector": "CULHUACAN", "colonia": "U.H. CTM CULHUACAN ZONA VIII A"}}, {"model": "folios.ubicacion", "pk": 804, "fields": {"c2": "C2 SUR", "alcaldia": "COYOACAN", "sector": "CULHUACAN", "colonia": "U.H. CTM CULHUACAN ZONA X"}}, {"model": "folios.ubicacion", "pk": 805, "fields": {"c2": "C2 SUR", "alcaldia": "COYOACAN", "sector": "CULHUACAN", "colonia": "U.H. CTM INF. CULHUACAN SECC. 7"}}, {"model": "folios.ubicacion", "pk": 806, "fields": {"c2": "C2 SUR", "alcaldia": "COYOACAN", "sector": "CULHUACAN", "colonia": "U.H. PILOTO CULHUACAN"}}, {"model": "folios.ubicacion", "pk": 807, "fields": {"c2": "C2 SUR", "alcaldia": "COYOACAN", "sector": "CULHUACAN", "colonia": "U.H. STUNAM CULHUACAN"}}, {"model": "folios.ubicacion", "pk": 808, "fields": {"c2": "C2 SUR", "alcaldia": "COYOACAN", "sector": "CULHUACAN", "colonia": "UNIDAD E ZAPATA"}}, {"model": "folios.ubicacion", "pk": 809, "fields": {"c2": "C2 SUR", "alcaldia": "COYOACAN", "sector": "CULHUACAN", "colonia": "VIEJO EJIDO DE STA URSULA COAPA"}}, {"model": "folios.ubicacion", "pk": 810, "fields": {"c2": "C2 SUR", "alcaldia": "COYOACAN", "sector": "CULHUACAN", "colonia": "VILLA QUIETUD"}}, {"model": "folios.ubicacion", "pk": 811, "fields": {"c2": "C2 SUR", "alcaldia": "COYOACAN", "sector": "TAXQUEÑA", "colonia": "AVANTE"}}, {"model": "folios.ubicacion", "pk": 812, "fields": {"c2": "C2 SUR", "alcaldia": "COYOACAN", "sector": "TAXQUEÑA", "colonia": "BARRIO MAGDALENA CULHUACAN"}}, {"model": "folios.ubicacion", "pk": 813, "fields": {"c2": "C2 SUR", "alcaldia": "COYOACAN", "sector": "TAXQUEÑA", "colonia": "CAMPESTRE CHURUBUSCO"}}, {"model": "folios.ubicacion", "pk": 814, "fields": {"c2": "C2 SUR", "alcaldia": "COYOACAN", "sector": "TAXQUEÑA", "colonia": "CHURUBUSCO COUNTRY CLUB"}}, {"model": "folios.ubicacion", "pk": 815, "fields": {"c2": "C2 SUR", "alcaldia": "COYOACAN", "sector": "TAXQUEÑA", "colonia": "CTM. INF. CULHUACAN CTM V"}}, {"model": "folios.ubicacion", "pk": 816, "fields": {"c2": "C2 SUR", "alcaldia": "COYOACAN", "sector": "TAXQUEÑA", "colonia": "CTM. INF. CULHUACAN ZONA I Y ZONA II"}}, {"model": "folios.ubicacion", "pk": 817, "fields": {"c2": "C2 SUR", "alcaldia": "COYOACAN", "sector": "TAXQUEÑA", "colonia": "EDUCACION"}}, {"model": "folios.ubicacion", "pk": 818, "fields": {"c2": "C2 SUR", "alcaldia": "COYOACAN", "sector": "TAXQUEÑA", "colonia": "EJIDO DE SAN FRANCISCO CULHUACAN"}}, {"model": "folios.ubicacion", "pk": 819, "fields": {"c2": "C2 SUR", "alcaldia": "COYOACAN", "sector": "TAXQUEÑA", "colonia": "EL CENTINELA"}}, {"model": "folios.ubicacion", "pk": 820, "fields": {"c2": "C2 SUR", "alcaldia": "COYOACAN", "sector": "TAXQUEÑA", "colonia": "EMILIANO ZAPATA"}}, {"model": "folios.ubicacion", "pk": 821, "fields": {"c2": "C2 SUR", "alcaldia": "COYOACAN", "sector": "TAXQUEÑA", "colonia": "HERMOSILLO"}}, {"model": "folios.ubicacion", "pk": 822, "fields": {"c2": "C2 SUR", "alcaldia": "COYOACAN", "sector": "TAXQUEÑA", "colonia": "LOS CIPRESES"}}, {"model": "folios.ubicacion", "pk": 823, "fields": {"c2": "C2 SUR", "alcaldia": "COYOACAN", "sector": "TAXQUEÑA", "colonia": "PASEOS DE TAXQUEÑA"}}, {"model": "folios.ubicacion", "pk": 824, "fields": {"c2": "C2 SUR", "alcaldia": "COYOACAN", "sector": "TAXQUEÑA", "colonia": "PETROLERA TAXQUEÑA"}}, {"model": "folios.ubicacion", "pk": 825, "fields": {"c2": "C2 SUR", "alcaldia": "COYOACAN", "sector": "TAXQUEÑA", "colonia": "PRADO CHURUBUSCO"}}, {"model": "folios.ubicacion", "pk": 826, "fields": {"c2": "C2 SUR", "alcaldia": "COYOACAN", "sector": "TAXQUEÑA", "colonia": "PRESIDENTES EJIDALES"}}, {"model": "folios.ubicacion", "pk": 827, "fields": {"c2": "C2 SUR", "alcaldia": "COYOACAN", "sector": "TAXQUEÑA", "colonia": "RESID TAXQUEÑA  U.H. TAXQUEÑA"}}, {"model": "folios.ubicacion", "pk": 828, "fields": {"c2": "C2 SUR", "alcaldia": "COYOACAN", "sector": "TAXQUEÑA", "colonia": "SN FRANCISCO CULHUACAN"}}, {"model": "folios.ubicacion", "pk": 829, "fields": {"c2": "C2 SUR", "alcaldia": "COYOACAN", "sector": "TAXQUEÑA", "colonia": "U.H. ERMITA CHURUBUSCO"}}, {"model": "folios.ubicacion", "pk": 830, "fields": {"c2": "C2 SUR", "alcaldia": "COYOACAN", "sector": "TAXQUEÑA", "colonia": "U.H. STA MARTHA DEL SUR"}}, {"model": "folios.ubicacion", "pk": 831, "fields": {"c2": "C2 SUR", "alcaldia": "COYOACAN", "sector": "TAXQUEÑA", "colonia": "U.H. TLALPAN"}}, {"model": "folios.ubicacion", "pk": 832, "fields": {"c2": "C2 SUR", "alcaldia": "COYOACAN", "sector": "TAXQUEÑA", "colonia": "U.H. TORRES COYOACAN"}}, {"model": "folios.ubicacion", "pk": 833, "fields": {"c2": "C2 SUR", "alcaldia": "COYOACAN", "sector": "UNIVERSIDAD", "colonia": "AMPL INSURGENTES CUICUILCO"}}, {"model": "folios.ubicacion", "pk": 834, "fields": {"c2": "C2 SUR", "alcaldia": "COYOACAN", "sector": "UNIVERSIDAD", "colonia": "BARRIO OXTOPULCO UNIVERSIDAD"}}, {"model": "folios.ubicacion", "pk": 835, "fields": {"c2": "C2 SUR", "alcaldia": "COYOACAN", "sector": "UNIVERSIDAD", "colonia": "CH COPILCO UNIVERSIDAD FOVISTE"}}, {"model": "folios.ubicacion", "pk": 836, "fields": {"c2": "C2 SUR", "alcaldia": "COYOACAN", "sector": "UNIVERSIDAD", "colonia": "CJNTO RESID INSURGENTES SAN ANGEL"}}, {"model": "folios.ubicacion", "pk": 837, "fields": {"c2": "C2 SUR", "alcaldia": "COYOACAN", "sector": "UNIVERSIDAD", "colonia": "COND ALTILLO UNIVERSIDAD"}}, {"model": "folios.ubicacion", "pk": 838, "fields": {"c2": "C2 SUR", "alcaldia": "COYOACAN", "sector": "UNIVERSIDAD", "colonia": "COND PARA EMPLEADOS FEDERALES"}}, {"model": "folios.ubicacion", "pk": 839, "fields": {"c2": "C2 SUR", "alcaldia": "COYOACAN", "sector": "UNIVERSIDAD", "colonia": "COPILCO EL ALTO"}}, {"model": "folios.ubicacion", "pk": 840, "fields": {"c2": "C2 SUR", "alcaldia": "COYOACAN", "sector": "UNIVERSIDAD", "colonia": "COPILCO UNIVERSIDAD"}}, {"model": "folios.ubicacion", "pk": 841, "fields": {"c2": "C2 SUR", "alcaldia": "COYOACAN", "sector": "UNIVERSIDAD", "colonia": "FCTO M ROMERO DE TERREROS"}}, {"model": "folios.ubicacion", "pk": 842, "fields": {"c2": "C2 SUR", "alcaldia": "COYOACAN", "sector": "UNIVERSIDAD", "colonia": "INSURGENTES CUICUILCO"}}, {"model": "folios.ubicacion", "pk": 843, "fields": {"c2": "C2 SUR", "alcaldia": "COYOACAN", "sector": "UNIVERSIDAD", "colonia": "JARDINES PEDREGAL DE SAN ANGEL"}}, {"model": "folios.ubicacion", "pk": 844, "fields": {"c2": "C2 SUR", "alcaldia": "COYOACAN", "sector": "UNIVERSIDAD", "colonia": "MONTE DE PIEDAD"}}, {"model": "folios.ubicacion", "pk": 845, "fields": {"c2": "C2 SUR", "alcaldia": "COYOACAN", "sector": "UNIVERSIDAD", "colonia": "PEDREGAL DE STO DOMINGO"}}, {"model": "folios.ubicacion", "pk": 846, "fields": {"c2": "C2 SUR", "alcaldia": "COYOACAN", "sector": "UNIVERSIDAD", "colonia": "RESID COPILCO"}}, {"model": "folios.ubicacion", "pk": 847, "fields": {"c2": "C2 SUR", "alcaldia": "COYOACAN", "sector": "UNIVERSIDAD", "colonia": "ROMERO DE TERREROS"}}, {"model": "folios.ubicacion", "pk": 848, "fields": {"c2": "C2 SUR", "alcaldia": "COYOACAN", "sector": "UNIVERSIDAD", "colonia": "U.H. ACASULCO"}}, {"model": "folios.ubicacion", "pk": 849, "fields": {"c2": "C2 SUR", "alcaldia": "COYOACAN", "sector": "UNIVERSIDAD", "colonia": "U.H. INTEGR. LATINOAMERICANA"}}, {"model": "folios.ubicacion", "pk": 850, "fields": {"c2": "C2 SUR", "alcaldia": "COYOACAN", "sector": "XOTEPINGO", "colonia": "ADOLFO RUIZ CORTINEZ"}}, {"model": "folios.ubicacion", "pk": 851, "fields": {"c2": "C2 SUR", "alcaldia": "COYOACAN", "sector": "XOTEPINGO", "colonia": "AJUSCO"}}, {"model": "folios.ubicacion", "pk": 852, "fields": {"c2": "C2 SUR", "alcaldia": "COYOACAN", "sector": "XOTEPINGO", "colonia": "BOSQUES DE TLAMEYA"}}, {"model": "folios.ubicacion", "pk": 853, "fields": {"c2": "C2 SUR", "alcaldia": "COYOACAN", "sector": "XOTEPINGO", "colonia": "CANTIL DEL PEDREGAL MEDIA LUNA"}}, {"model": "folios.ubicacion", "pk": 854, "fields": {"c2": "C2 SUR", "alcaldia": "COYOACAN", "sector": "XOTEPINGO", "colonia": "EL CARACOL"}}, {"model": "folios.ubicacion", "pk": 855, "fields": {"c2": "C2 SUR", "alcaldia": "COYOACAN", "sector": "XOTEPINGO", "colonia": "EL RELOJ"}}, {"model": "folios.ubicacion", "pk": 856, "fields": {"c2": "C2 SUR", "alcaldia": "COYOACAN", "sector": "XOTEPINGO", "colonia": "JOYAS DEL PEDREGAL"}}, {"model": "folios.ubicacion", "pk": 857, "fields": {"c2": "C2 SUR", "alcaldia": "COYOACAN", "sector": "XOTEPINGO", "colonia": "LA CANDELARIA"}}, {"model": "folios.ubicacion", "pk": 858, "fields": {"c2": "C2 SUR", "alcaldia": "COYOACAN", "sector": "XOTEPINGO", "colonia": "MODULO SOCIAL IMAN"}}, {"model": "folios.ubicacion", "pk": 859, "fields": {"c2": "C2 SUR", "alcaldia": "COYOACAN", "sector": "XOTEPINGO", "colonia": "NUEVA ORDAZ"}}, {"model": "folios.ubicacion", "pk": 860, "fields": {"c2": "C2 SUR", "alcaldia": "COYOACAN", "sector": "XOTEPINGO", "colonia": "PBLO STA URSULA COAPA"}}, {"model": "folios.ubicacion", "pk": 861, "fields": {"c2": "C2 SUR", "alcaldia": "COYOACAN", "sector": "XOTEPINGO", "colonia": "PEDREGAL DE MONSERRAT"}}, {"model": "folios.ubicacion", "pk": 862, "fields": {"c2": "C2 SUR", "alcaldia": "COYOACAN", "sector": "XOTEPINGO", "colonia": "PEDREGAL DEL MAUREL RNDA LAS PLAYAS"}}, {"model": "folios.ubicacion", "pk": 863, "fields": {"c2": "C2 SUR", "alcaldia": "COYOACAN", "sector": "XOTEPINGO", "colonia": "PEDREGAL STA URSULA COAPA"}}, {"model": "folios.ubicacion", "pk": 864, "fields": {"c2": "C2 SUR", "alcaldia": "COYOACAN", "sector": "XOTEPINGO", "colonia": "RINCONADAS"}}, {"model": "folios.ubicacion", "pk": 865, "fields": {"c2": "C2 SUR", "alcaldia": "COYOACAN", "sector": "XOTEPINGO", "colonia": "SN PABLO TEPETLAPA"}}, {"model": "folios.ubicacion", "pk": 866, "fields": {"c2": "C2 SUR", "alcaldia": "COYOACAN", "sector": "XOTEPINGO", "colonia": "UNIDAD OLIMPICA"}}, {"model": "folios.ubicacion", "pk": 867, "fields": {"c2": "C2 SUR", "alcaldia": "COYOACAN", "sector": "XOTEPINGO", "colonia": "VILLA PANAMERICANA"}}, {"model": "folios.ubicacion", "pk": 868, "fields": {"c2": "C2 SUR", "alcaldia": "COYOACAN", "sector": "XOTEPINGO", "colonia": "VISTAS DEL MAUREL"}}, {"model": "folios.ubicacion", "pk": 869, "fields": {"c2": "C2 SUR", "alcaldia": "TLALPAN", "sector": "COAPA", "colonia": "ARBOLEDAS DEL SUR"}}, {"model": "folios.ubicacion", "pk": 870, "fields": {"c2": "C2 SUR", "alcaldia": "TLALPAN", "sector": "COAPA", "colonia": "ARENAL GUADALUPE EX EJIDO HUIPULCO"}}, {"model": "folios.ubicacion", "pk": 871, "fields": {"c2": "C2 SUR", "alcaldia": "TLALPAN", "sector": "COAPA", "colonia": "BELISARIO DOMINGUEZ"}}, {"model": "folios.ubicacion", "pk": 872, "fields": {"c2": "C2 SUR", "alcaldia": "TLALPAN", "sector": "COAPA", "colonia": "CJNTO INFONAVIT CUEMANCO"}}, {"model": "folios.ubicacion", "pk": 873, "fields": {"c2": "C2 SUR", "alcaldia": "TLALPAN", "sector": "COAPA", "colonia": "CONJUNTO URBANO COAPA"}}, {"model": "folios.ubicacion", "pk": 874, "fields": {"c2": "C2 SUR", "alcaldia": "TLALPAN", "sector": "COAPA", "colonia": "DE VERGEL Y COAPA"}}, {"model": "folios.ubicacion", "pk": 875, "fields": {"c2": "C2 SUR", "alcaldia": "TLALPAN", "sector": "COAPA", "colonia": "EX HDA SAN JUAN DE DIOS"}}, {"model": "folios.ubicacion", "pk": 876, "fields": {"c2": "C2 SUR", "alcaldia": "TLALPAN", "sector": "COAPA", "colonia": "FLORESTA COYOACAN  PRADOS COAPA"}}, {"model": "folios.ubicacion", "pk": 877, "fields": {"c2": "C2 SUR", "alcaldia": "TLALPAN", "sector": "COAPA", "colonia": "FRACC CHIMALLI"}}, {"model": "folios.ubicacion", "pk": 878, "fields": {"c2": "C2 SUR", "alcaldia": "TLALPAN", "sector": "COAPA", "colonia": "FRACC GABRIEL RAMOS MILLAN"}}, {"model": "folios.ubicacion", "pk": 879, "fields": {"c2": "C2 SUR", "alcaldia": "TLALPAN", "sector": "COAPA", "colonia": "FRACC RANCHO LOS COLORINES"}}, {"model": "folios.ubicacion", "pk": 880, "fields": {"c2": "C2 SUR", "alcaldia": "TLALPAN", "sector": "COAPA", "colonia": "GRANJAS COAPA MAGISTERIAL"}}, {"model": "folios.ubicacion", "pk": 881, "fields": {"c2": "C2 SUR", "alcaldia": "TLALPAN", "sector": "COAPA", "colonia": "GRANJAS COAPA OTE RNDA COAPA"}}, {"model": "folios.ubicacion", "pk": 882, "fields": {"c2": "C2 SUR", "alcaldia": "TLALPAN", "sector": "COAPA", "colonia": "GUADALUPE TLALPAN"}}, {"model": "folios.ubicacion", "pk": 883, "fields": {"c2": "C2 SUR", "alcaldia": "TLALPAN", "sector": "COAPA", "colonia": "HDA COAPA"}}, {"model": "folios.ubicacion", "pk": 884, "fields": {"c2": "C2 SUR", "alcaldia": "TLALPAN", "sector": "COAPA", "colonia": "HDA SAN JUAN"}}, {"model": "folios.ubicacion", "pk": 885, "fields": {"c2": "C2 SUR", "alcaldia": "TLALPAN", "sector": "COAPA", "colonia": "JARDINES VILLA COAPA"}}, {"model": "folios.ubicacion", "pk": 886, "fields": {"c2": "C2 SUR", "alcaldia": "TLALPAN", "sector": "COAPA", "colonia": "LAS HADAS  RESID COAPA"}}, {"model": "folios.ubicacion", "pk": 887, "fields": {"c2": "C2 SUR", "alcaldia": "TLALPAN", "sector": "COAPA", "colonia": "LOTERIA TENORIOS FOVISSTE"}}, {"model": "folios.ubicacion", "pk": 888, "fields": {"c2": "C2 SUR", "alcaldia": "TLALPAN", "sector": "COAPA", "colonia": "MISIONES TLALPAN"}}, {"model": "folios.ubicacion", "pk": 889, "fields": {"c2": "C2 SUR", "alcaldia": "TLALPAN", "sector": "COAPA", "colonia": "NARCISO MENDOZA MZA 2"}}, {"model": "folios.ubicacion", "pk": 890, "fields": {"c2": "C2 SUR", "alcaldia": "TLALPAN", "sector": "COAPA", "colonia": "NARCISO MENDOZA MZA 6"}}, {"model": "folios.ubicacion", "pk": 891, "fields": {"c2": "C2 SUR", "alcaldia": "TLALPAN", "sector": "COAPA", "colonia": "NARCISO MENDOZA MZA 7"}}, {"model": "folios.ubicacion", "pk": 892, "fields": {"c2": "C2 SUR", "alcaldia": "TLALPAN", "sector": "COAPA", "colonia": "NARCISO MENDOZA MZA I"}}, {"model": "folios.ubicacion", "pk": 893, "fields": {"c2": "C2 SUR", "alcaldia": "TLALPAN", "sector": "COAPA", "colonia": "NARCISO MENDOZA S MZA 3"}}, {"model": "folios.ubicacion", "pk": 894, "fields": {"c2": "C2 SUR", "alcaldia": "TLALPAN", "sector": "COAPA", "colonia": "ORIENTAL COAPA RESID ACOXPA"}}, {"model": "folios.ubicacion", "pk": 895, "fields": {"c2": "C2 SUR", "alcaldia": "TLALPAN", "sector": "COAPA", "colonia": "PRADO COAPA 2A SECC."}}, {"model": "folios.ubicacion", "pk": 896, "fields": {"c2": "C2 SUR", "alcaldia": "TLALPAN", "sector": "COAPA", "colonia": "PRADO COAPA 3A SECC."}}, {"model": "folios.ubicacion", "pk": 897, "fields": {"c2": "C2 SUR", "alcaldia": "TLALPAN", "sector": "COAPA", "colonia": "REAL DEL SUR"}}, {"model": "folios.ubicacion", "pk": 898, "fields": {"c2": "C2 SUR", "alcaldia": "TLALPAN", "sector": "COAPA", "colonia": "RESID VILLA COAPA"}}, {"model": "folios.ubicacion", "pk": 899, "fields": {"c2": "C2 SUR", "alcaldia": "TLALPAN", "sector": "COAPA", "colonia": "RNDA COAPA 1A SECC."}}, {"model": "folios.ubicacion", "pk": 900, "fields": {"c2": "C2 SUR", "alcaldia": "TLALPAN", "sector": "COAPA", "colonia": "SN BARTOLO CHICO COAPA"}}, {"model": "folios.ubicacion", "pk": 901, "fields": {"c2": "C2 SUR", "alcaldia": "TLALPAN", "sector": "COAPA", "colonia": "SN LORENZO HUIPULCO"}}, {"model": "folios.ubicacion", "pk": 902, "fields": {"c2": "C2 SUR", "alcaldia": "TLALPAN", "sector": "COAPA", "colonia": "TENORIOS INFONAVIT I"}}, {"model": "folios.ubicacion", "pk": 903, "fields": {"c2": "C2 SUR", "alcaldia": "TLALPAN", "sector": "COAPA", "colonia": "TENORIOS INFONAVIT II"}}, {"model": "folios.ubicacion", "pk": 904, "fields": {"c2": "C2 SUR", "alcaldia": "TLALPAN", "sector": "COAPA", "colonia": "TRES FUENTES"}}, {"model": "folios.ubicacion", "pk": 905, "fields": {"c2": "C2 SUR", "alcaldia": "TLALPAN", "sector": "COAPA", "colonia": "U.H. HUESO PERIFERICO"}}, {"model": "folios.ubicacion", "pk": 906, "fields": {"c2": "C2 SUR", "alcaldia": "TLALPAN", "sector": "COAPA", "colonia": "U.H. SAUZALES CEBADALES"}}, {"model": "folios.ubicacion", "pk": 907, "fields": {"c2": "C2 SUR", "alcaldia": "TLALPAN", "sector": "COAPA", "colonia": "VERGEL DE COYOACAN"}}, {"model": "folios.ubicacion", "pk": 908, "fields": {"c2": "C2 SUR", "alcaldia": "TLALPAN", "sector": "COAPA", "colonia": "VERGEL DEL SUR"}}, {"model": "folios.ubicacion", "pk": 909, "fields": {"c2": "C2 SUR", "alcaldia": "TLALPAN", "sector": "COAPA", "colonia": "VILLA CUEMANCO"}}, {"model": "folios.ubicacion", "pk": 910, "fields": {"c2": "C2 SUR", "alcaldia": "TLALPAN", "sector": "COAPA", "colonia": "VILLA DEL PUENTE"}}, {"model": "folios.ubicacion", "pk": 911, "fields": {"c2": "C2 SUR", "alcaldia": "TLALPAN", "sector": "COAPA", "colonia": "VILLA LAZARO CARDENAS"}}, {"model": "folios.ubicacion", "pk": 912, "fields": {"c2": "C2 SUR", "alcaldia": "TLALPAN", "sector": "COAPA", "colonia": "VILLA ROYALE"}}, {"model": "folios.ubicacion", "pk": 913, "fields": {"c2": "C2 SUR", "alcaldia": "TLALPAN", "sector": "FUENTE", "colonia": "BARRIO EL TRUENO"}}, {"model": "folios.ubicacion", "pk": 914, "fields": {"c2": "C2 SUR", "alcaldia": "TLALPAN", "sector": "FUENTE", "colonia": "BARRIO LA LONJA"}}, {"model": "folios.ubicacion", "pk": 915, "fields": {"c2": "C2 SUR", "alcaldia": "TLALPAN", "sector": "FUENTE", "colonia": "CAMISETAS"}}, {"model": "folios.ubicacion", "pk": 916, "fields": {"c2": "C2 SUR", "alcaldia": "TLALPAN", "sector": "FUENTE", "colonia": "CANTERA"}}, {"model": "folios.ubicacion", "pk": 917, "fields": {"c2": "C2 SUR", "alcaldia": "TLALPAN", "sector": "FUENTE", "colonia": "CUEVITAS"}}, {"model": "folios.ubicacion", "pk": 918, "fields": {"c2": "C2 SUR", "alcaldia": "TLALPAN", "sector": "FUENTE", "colonia": "CUICUILCO PEDREGAL"}}, {"model": "folios.ubicacion", "pk": 919, "fields": {"c2": "C2 SUR", "alcaldia": "TLALPAN", "sector": "FUENTE", "colonia": "CUMBRES DE TEPETONGO"}}, {"model": "folios.ubicacion", "pk": 920, "fields": {"c2": "C2 SUR", "alcaldia": "TLALPAN", "sector": "FUENTE", "colonia": "EL CAPULIN"}}, {"model": "folios.ubicacion", "pk": 921, "fields": {"c2": "C2 SUR", "alcaldia": "TLALPAN", "sector": "FUENTE", "colonia": "EL METRO"}}, {"model": "folios.ubicacion", "pk": 922, "fields": {"c2": "C2 SUR", "alcaldia": "TLALPAN", "sector": "FUENTE", "colonia": "EL MIRADOR"}}, {"model": "folios.ubicacion", "pk": 923, "fields": {"c2": "C2 SUR", "alcaldia": "TLALPAN", "sector": "FUENTE", "colonia": "EL MIRADOR 1A SECC."}}, {"model": "folios.ubicacion", "pk": 924, "fields": {"c2": "C2 SUR", "alcaldia": "TLALPAN", "sector": "FUENTE", "colonia": "EL MIRADOR 3A SECC."}}, {"model": "folios.ubicacion", "pk": 925, "fields": {"c2": "C2 SUR", "alcaldia": "TLALPAN", "sector": "FUENTE", "colonia": "FRACC CONDOMINIO DEL BOSQUE"}}, {"model": "folios.ubicacion", "pk": 926, "fields": {"c2": "C2 SUR", "alcaldia": "TLALPAN", "sector": "FUENTE", "colonia": "FRACC JARDINES DE LA MONTAÑA"}}, {"model": "folios.ubicacion", "pk": 927, "fields": {"c2": "C2 SUR", "alcaldia": "TLALPAN", "sector": "FUENTE", "colonia": "JARDINES DE XITLE-MARIA ESTHER ZUNO"}}, {"model": "folios.ubicacion", "pk": 928, "fields": {"c2": "C2 SUR", "alcaldia": "TLALPAN", "sector": "FUENTE", "colonia": "JARDINES DEL AJUSCO"}}, {"model": "folios.ubicacion", "pk": 929, "fields": {"c2": "C2 SUR", "alcaldia": "TLALPAN", "sector": "FUENTE", "colonia": "LA FAMA"}}, {"model": "folios.ubicacion", "pk": 930, "fields": {"c2": "C2 SUR", "alcaldia": "TLALPAN", "sector": "FUENTE", "colonia": "LA FAMA II"}}, {"model": "folios.ubicacion", "pk": 931, "fields": {"c2": "C2 SUR", "alcaldia": "TLALPAN", "sector": "FUENTE", "colonia": "LOS VOLCANES"}}, {"model": "folios.ubicacion", "pk": 932, "fields": {"c2": "C2 SUR", "alcaldia": "TLALPAN", "sector": "FUENTE", "colonia": "MAGDALENA PETLACALCO"}}, {"model": "folios.ubicacion", "pk": 933, "fields": {"c2": "C2 SUR", "alcaldia": "TLALPAN", "sector": "FUENTE", "colonia": "MESA LOS HORNOS"}}, {"model": "folios.ubicacion", "pk": 934, "fields": {"c2": "C2 SUR", "alcaldia": "TLALPAN", "sector": "FUENTE", "colonia": "MIGUEL HIDALGO"}}, {"model": "folios.ubicacion", "pk": 935, "fields": {"c2": "C2 SUR", "alcaldia": "TLALPAN", "sector": "FUENTE", "colonia": "MIGUEL HIDALGO 1A SECC."}}, {"model": "folios.ubicacion", "pk": 936, "fields": {"c2": "C2 SUR", "alcaldia": "TLALPAN", "sector": "FUENTE", "colonia": "MIGUEL HIDALGO 2A SECC."}}, {"model": "folios.ubicacion", "pk": 937, "fields": {"c2": "C2 SUR", "alcaldia": "TLALPAN", "sector": "FUENTE", "colonia": "MIGUEL HIDALGO 3A SECC."}}, {"model": "folios.ubicacion", "pk": 938, "fields": {"c2": "C2 SUR", "alcaldia": "TLALPAN", "sector": "FUENTE", "colonia": "MIGUEL HIDALGO VILLA OLIMPICA"}}, {"model": "folios.ubicacion", "pk": 939, "fields": {"c2": "C2 SUR", "alcaldia": "TLALPAN", "sector": "FUENTE", "colonia": "MIRADOR DEL VALLE"}}, {"model": "folios.ubicacion", "pk": 940, "fields": {"c2": "C2 SUR", "alcaldia": "TLALPAN", "sector": "FUENTE", "colonia": "PARAJE 38"}}, {"model": "folios.ubicacion", "pk": 941, "fields": {"c2": "C2 SUR", "alcaldia": "TLALPAN", "sector": "FUENTE", "colonia": "PEDREGAL DE LAS AGUILAS"}}, {"model": "folios.ubicacion", "pk": 942, "fields": {"c2": "C2 SUR", "alcaldia": "TLALPAN", "sector": "FUENTE", "colonia": "PEDREGAL DE STA URSULA XITLA"}}, {"model": "folios.ubicacion", "pk": 943, "fields": {"c2": "C2 SUR", "alcaldia": "TLALPAN", "sector": "FUENTE", "colonia": "PRIMAVERA VERANO"}}, {"model": "folios.ubicacion", "pk": 944, "fields": {"c2": "C2 SUR", "alcaldia": "TLALPAN", "sector": "FUENTE", "colonia": "SANTO TOMAS AJUSCO"}}, {"model": "folios.ubicacion", "pk": 945, "fields": {"c2": "C2 SUR", "alcaldia": "TLALPAN", "sector": "FUENTE", "colonia": "SN JUAN TEPEXIMILPA"}}, {"model": "folios.ubicacion", "pk": 946, "fields": {"c2": "C2 SUR", "alcaldia": "TLALPAN", "sector": "FUENTE", "colonia": "SN MIGUEL AJUSCO"}}, {"model": "folios.ubicacion", "pk": 947, "fields": {"c2": "C2 SUR", "alcaldia": "TLALPAN", "sector": "FUENTE", "colonia": "SN MIGUEL XICALCO"}}, {"model": "folios.ubicacion", "pk": 948, "fields": {"c2": "C2 SUR", "alcaldia": "TLALPAN", "sector": "FUENTE", "colonia": "STA URSULA XITLA"}}, {"model": "folios.ubicacion", "pk": 949, "fields": {"c2": "C2 SUR", "alcaldia": "TLALPAN", "sector": "FUENTE", "colonia": "TLALCOLIGIA"}}, {"model": "folios.ubicacion", "pk": 950, "fields": {"c2": "C2 SUR", "alcaldia": "TLALPAN", "sector": "FUENTE", "colonia": "TLALPUENTE"}}, {"model": "folios.ubicacion", "pk": 951, "fields": {"c2": "C2 SUR", "alcaldia": "TLALPAN", "sector": "FUENTE", "colonia": "U.H. FUENTES BROTANTES"}}, {"model": "folios.ubicacion", "pk": 952, "fields": {"c2": "C2 SUR", "alcaldia": "TLALPAN", "sector": "FUENTE", "colonia": "U.H. RESID INSURGENTES SUR"}}, {"model": "folios.ubicacion", "pk": 953, "fields": {"c2": "C2 SUR", "alcaldia": "TLALPAN", "sector": "HOSPITALES", "colonia": "AMPL ISIDRO FABELA"}}, {"model": "folios.ubicacion", "pk": 954, "fields": {"c2": "C2 SUR", "alcaldia": "TLALPAN", "sector": "HOSPITALES", "colonia": "ARENAL TEPEPAN"}}, {"model": "folios.ubicacion", "pk": 955, "fields": {"c2": "C2 SUR", "alcaldia": "TLALPAN", "sector": "HOSPITALES", "colonia": "BARRIO SAN FERNANDO"}}, {"model": "folios.ubicacion", "pk": 956, "fields": {"c2": "C2 SUR", "alcaldia": "TLALPAN", "sector": "HOSPITALES", "colonia": "CANTERA PUENTE DE PIEDRA"}}, {"model": "folios.ubicacion", "pk": 957, "fields": {"c2": "C2 SUR", "alcaldia": "TLALPAN", "sector": "HOSPITALES", "colonia": "CHIMALCOYOC"}}, {"model": "folios.ubicacion", "pk": 958, "fields": {"c2": "C2 SUR", "alcaldia": "TLALPAN", "sector": "HOSPITALES", "colonia": "CHIMALCOYOC  PUEBLO CANELA"}}, {"model": "folios.ubicacion", "pk": 959, "fields": {"c2": "C2 SUR", "alcaldia": "TLALPAN", "sector": "HOSPITALES", "colonia": "COLINAS DEL BOSQUE FRESNOS"}}, {"model": "folios.ubicacion", "pk": 960, "fields": {"c2": "C2 SUR", "alcaldia": "TLALPAN", "sector": "HOSPITALES", "colonia": "CORRALES"}}, {"model": "folios.ubicacion", "pk": 961, "fields": {"c2": "C2 SUR", "alcaldia": "TLALPAN", "sector": "HOSPITALES", "colonia": "EJIDOS DE SAN PEDRO MARTIR"}}, {"model": "folios.ubicacion", "pk": 962, "fields": {"c2": "C2 SUR", "alcaldia": "TLALPAN", "sector": "HOSPITALES", "colonia": "EQUIPAMIENTO COLEGIO MILITAR"}}, {"model": "folios.ubicacion", "pk": 963, "fields": {"c2": "C2 SUR", "alcaldia": "TLALPAN", "sector": "HOSPITALES", "colonia": "FRACC CLUB DE GOLF MEXICO"}}, {"model": "folios.ubicacion", "pk": 964, "fields": {"c2": "C2 SUR", "alcaldia": "TLALPAN", "sector": "HOSPITALES", "colonia": "ISIDRO FABELA"}}, {"model": "folios.ubicacion", "pk": 965, "fields": {"c2": "C2 SUR", "alcaldia": "TLALPAN", "sector": "HOSPITALES", "colonia": "JARDINES TLALPAN"}}, {"model": "folios.ubicacion", "pk": 966, "fields": {"c2": "C2 SUR", "alcaldia": "TLALPAN", "sector": "HOSPITALES", "colonia": "LA JOYA"}}, {"model": "folios.ubicacion", "pk": 967, "fields": {"c2": "C2 SUR", "alcaldia": "TLALPAN", "sector": "HOSPITALES", "colonia": "NIÑO JESUS"}}, {"model": "folios.ubicacion", "pk": 968, "fields": {"c2": "C2 SUR", "alcaldia": "TLALPAN", "sector": "HOSPITALES", "colonia": "NVO RENACIMIENTO DE AXALCO"}}, {"model": "folios.ubicacion", "pk": 969, "fields": {"c2": "C2 SUR", "alcaldia": "TLALPAN", "sector": "HOSPITALES", "colonia": "PARAJE TETECON"}}, {"model": "folios.ubicacion", "pk": 970, "fields": {"c2": "C2 SUR", "alcaldia": "TLALPAN", "sector": "HOSPITALES", "colonia": "PARRES EL GUARDA"}}, {"model": "folios.ubicacion", "pk": 971, "fields": {"c2": "C2 SUR", "alcaldia": "TLALPAN", "sector": "HOSPITALES", "colonia": "PUEBLO QUIETO"}}, {"model": "folios.ubicacion", "pk": 972, "fields": {"c2": "C2 SUR", "alcaldia": "TLALPAN", "sector": "HOSPITALES", "colonia": "ROMULO SANCHEZ"}}, {"model": "folios.ubicacion", "pk": 973, "fields": {"c2": "C2 SUR", "alcaldia": "TLALPAN", "sector": "HOSPITALES", "colonia": "SECCION XVI"}}, {"model": "folios.ubicacion", "pk": 974, "fields": {"c2": "C2 SUR", "alcaldia": "TLALPAN", "sector": "HOSPITALES", "colonia": "SN ANDRES TOTOLTEPEC"}}, {"model": "folios.ubicacion", "pk": 975, "fields": {"c2": "C2 SUR", "alcaldia": "TLALPAN", "sector": "HOSPITALES", "colonia": "SN BUENAVENTURA"}}, {"model": "folios.ubicacion", "pk": 976, "fields": {"c2": "C2 SUR", "alcaldia": "TLALPAN", "sector": "HOSPITALES", "colonia": "SN MIGUEL TOPILEJO"}}, {"model": "folios.ubicacion", "pk": 977, "fields": {"c2": "C2 SUR", "alcaldia": "TLALPAN", "sector": "HOSPITALES", "colonia": "SN PEDRO APOSTOL"}}, {"model": "folios.ubicacion", "pk": 978, "fields": {"c2": "C2 SUR", "alcaldia": "TLALPAN", "sector": "HOSPITALES", "colonia": "SN PEDRO MARTIR"}}, {"model": "folios.ubicacion", "pk": 979, "fields": {"c2": "C2 SUR", "alcaldia": "TLALPAN", "sector": "HOSPITALES", "colonia": "SN PEDRO MARTIR FOVISSSTE"}}, {"model": "folios.ubicacion", "pk": 980, "fields": {"c2": "C2 SUR", "alcaldia": "TLALPAN", "sector": "HOSPITALES", "colonia": "TECORRAL"}}, {"model": "folios.ubicacion", "pk": 981, "fields": {"c2": "C2 SUR", "alcaldia": "TLALPAN", "sector": "HOSPITALES", "colonia": "TLALPAN"}}, {"model": "folios.ubicacion", "pk": 982, "fields": {"c2": "C2 SUR", "alcaldia": "TLALPAN", "sector": "HOSPITALES", "colonia": "TORIELLO GUERRA"}}, {"model": "folios.ubicacion", "pk": 983, "fields": {"c2": "C2 SUR", "alcaldia": "TLALPAN", "sector": "HOSPITALES", "colonia": "U.H. EL ZAPOTE"}}, {"model": "folios.ubicacion", "pk": 984, "fields": {"c2": "C2 SUR", "alcaldia": "TLALPAN", "sector": "HOSPITALES", "colonia": "VALLE DE TEPEPAN XOLALPAN"}}, {"model": "folios.ubicacion", "pk": 985, "fields": {"c2": "C2 SUR", "alcaldia": "TLALPAN", "sector": "LA NORIA - TLALPAN", "colonia": "COATECTLAN"}}, {"model": "folios.ubicacion", "pk": 986, "fields": {"c2": "C2 SUR", "alcaldia": "TLALPAN", "sector": "PADIERNA", "colonia": "BELVEDERE"}}, {"model": "folios.ubicacion", "pk": 987, "fields": {"c2": "C2 SUR", "alcaldia": "TLALPAN", "sector": "PADIERNA", "colonia": "BOSQUES DEL PEDREGAL"}}, {"model": "folios.ubicacion", "pk": 988, "fields": {"c2": "C2 SUR", "alcaldia": "TLALPAN", "sector": "PADIERNA", "colonia": "CHICHICASPA"}}, {"model": "folios.ubicacion", "pk": 989, "fields": {"c2": "C2 SUR", "alcaldia": "TLALPAN", "sector": "PADIERNA", "colonia": "CHIMILLI  MIRADOR II"}}, {"model": "folios.ubicacion", "pk": 990, "fields": {"c2": "C2 SUR", "alcaldia": "TLALPAN", "sector": "PADIERNA", "colonia": "CRUZ DEL FAROL"}}, {"model": "folios.ubicacion", "pk": 991, "fields": {"c2": "C2 SUR", "alcaldia": "TLALPAN", "sector": "PADIERNA", "colonia": "CUCHILLA DE PADIERNA"}}, {"model": "folios.ubicacion", "pk": 992, "fields": {"c2": "C2 SUR", "alcaldia": "TLALPAN", "sector": "PADIERNA", "colonia": "CUILOTEPEC PEDREGAL"}}, {"model": "folios.ubicacion", "pk": 993, "fields": {"c2": "C2 SUR", "alcaldia": "TLALPAN", "sector": "PADIERNA", "colonia": "CULTURA MAYA"}}, {"model": "folios.ubicacion", "pk": 994, "fields": {"c2": "C2 SUR", "alcaldia": "TLALPAN", "sector": "PADIERNA", "colonia": "DOS DE OCTUBRE"}}, {"model": "folios.ubicacion", "pk": 995, "fields": {"c2": "C2 SUR", "alcaldia": "TLALPAN", "sector": "PADIERNA", "colonia": "EL MIRADOR I"}}, {"model": "folios.ubicacion", "pk": 996, "fields": {"c2": "C2 SUR", "alcaldia": "TLALPAN", "sector": "PADIERNA", "colonia": "EL ZACATON"}}, {"model": "folios.ubicacion", "pk": 997, "fields": {"c2": "C2 SUR", "alcaldia": "TLALPAN", "sector": "PADIERNA", "colonia": "FRACC FUENTES DEL PEDREGAL"}}, {"model": "folios.ubicacion", "pk": 998, "fields": {"c2": "C2 SUR", "alcaldia": "TLALPAN", "sector": "PADIERNA", "colonia": "FRACC RINCON DEL PEDREGAL"}}, {"model": "folios.ubicacion", "pk": 999, "fields": {"c2": "C2 SUR", "alcaldia": "TLALPAN", "sector": "PADIERNA", "colonia": "HEROES DE PADIERNA"}}, {"model": "folios.ubicacion", "pk": 1000, "fields": {"c2": "C2 SUR", "alcaldia": "TLALPAN", "sector": "PADIERNA", "colonia": "LOMAS ALTAS DE PADIERNA"}}, {"model": "folios.ubicacion", "pk": 1001, "fields": {"c2": "C2 SUR", "alcaldia": "TLALPAN", "sector": "PADIERNA", "colonia": "LOMAS DE PADIERNA"}}, {"model": "folios.ubicacion", "pk": 1002, "fields": {"c2": "C2 SUR", "alcaldia": "TLALPAN", "sector": "PADIERNA", "colonia": "LOMAS HIDALGO"}}, {"model": "folios.ubicacion", "pk": 1003, "fields": {"c2": "C2 SUR", "alcaldia": "TLALPAN", "sector": "PADIERNA", "colonia": "LOS ENCINOS"}}, {"model": "folios.ubicacion", "pk": 1004, "fields": {"c2": "C2 SUR", "alcaldia": "TLALPAN", "sector": "PADIERNA", "colonia": "PEDREGAL DEL LAGO"}}, {"model": "folios.ubicacion", "pk": 1005, "fields": {"c2": "C2 SUR", "alcaldia": "TLALPAN", "sector": "PADIERNA", "colonia": "PEDREGAL SN NICOLAS 1A SECC."}}, {"model": "folios.ubicacion", "pk": 1006, "fields": {"c2": "C2 SUR", "alcaldia": "TLALPAN", "sector": "PADIERNA", "colonia": "PEDREGAL SN NICOLAS 2A SECC."}}, {"model": "folios.ubicacion", "pk": 1007, "fields": {"c2": "C2 SUR", "alcaldia": "TLALPAN", "sector": "PADIERNA", "colonia": "PEDREGAL SN NICOLAS 3A SECC."}}, {"model": "folios.ubicacion", "pk": 1008, "fields": {"c2": "C2 SUR", "alcaldia": "TLALPAN", "sector": "PADIERNA", "colonia": "PEDREGAL SN NICOLAS 4A SECC."}}, {"model": "folios.ubicacion", "pk": 1009, "fields": {"c2": "C2 SUR", "alcaldia": "TLALPAN", "sector": "PADIERNA", "colonia": "POPULAR STA TERESA"}}, {"model": "folios.ubicacion", "pk": 1010, "fields": {"c2": "C2 SUR", "alcaldia": "TLALPAN", "sector": "PADIERNA", "colonia": "SOLIDARIDAD"}}, {"model": "folios.ubicacion", "pk": 1011, "fields": {"c2": "C2 SUR", "alcaldia": "TLALPAN", "sector": "PADIERNA", "colonia": "TLALMILLE"}}, {"model": "folios.ubicacion", "pk": 1012, "fields": {"c2": "C2 SUR", "alcaldia": "TLALPAN", "sector": "PADIERNA", "colonia": "TORRES DE PADIERNA"}}, {"model": "folios.ubicacion", "pk": 1013, "fields": {"c2": "C2 SUR", "alcaldia": "TLALPAN", "sector": "PADIERNA", "colonia": "U.H. PEMEX PICACHO"}}, {"model": "folios.ubicacion", "pk": 1014, "fields": {"c2": "C2 CENTRO", "alcaldia": "CUAUHTEMOC", "sector": "ALAMEDA", "colonia": "CENTRO"}}, {"model": "folios.ubicacion", "pk": 1015, "fields": {"c2": "C2 CENTRO", "alcaldia": "CUAUHTEMOC", "sector": "ALAMEDA", "colonia": "CENTRO"}}, {"model": "folios.ubicacion", "pk": 1016, "fields": {"c2": "C2 CENTRO", "alcaldia": "CUAUHTEMOC", "sector": "ALAMEDA", "colonia": "CENTRO ALAMEDA"}}, {"model": "folios.ubicacion", "pk": 1017, "fields": {"c2": "C2 CENTRO", "alcaldia": "CUAUHTEMOC", "sector": "ALAMEDA", "colonia": "GUERRERO"}}, {"model": "folios.ubicacion", "pk": 1018, "fields": {"c2": "C2 CENTRO", "alcaldia": "CUAUHTEMOC", "sector": "ANGEL", "colonia": "CUAUHTEMOC"}}, {"model": "folios.ubicacion", "pk": 1019, "fields": {"c2": "C2 CENTRO", "alcaldia": "CUAUHTEMOC", "sector": "ANGEL", "colonia": "JUAREZ"}}, {"model": "folios.ubicacion", "pk": 1020, "fields": {"c2": "C2 CENTRO", "alcaldia": "CUAUHTEMOC", "sector": "ANGEL", "colonia": "SN RAFAEL"}}, {"model": "folios.ubicacion", "pk": 1021, "fields": {"c2": "C2 CENTRO", "alcaldia": "CUAUHTEMOC", "sector": "ANGEL", "colonia": "TABACALERA"}}, {"model": "folios.ubicacion", "pk": 1022, "fields": {"c2": "C2 CENTRO", "alcaldia": "CUAUHTEMOC", "sector": "ASTURIAS", "colonia": "ALGARIN"}}, {"model": "folios.ubicacion", "pk": 1023, "fields": {"c2": "C2 CENTRO", "alcaldia": "CUAUHTEMOC", "sector": "ASTURIAS", "colonia": "AMPL ASTURIAS"}}, {"model": "folios.ubicacion", "pk": 1024, "fields": {"c2": "C2 CENTRO", "alcaldia": "CUAUHTEMOC", "sector": "ASTURIAS", "colonia": "ASTURIAS"}}, {"model": "folios.ubicacion", "pk": 1025, "fields": {"c2": "C2 CENTRO", "alcaldia": "CUAUHTEMOC", "sector": "ASTURIAS", "colonia": "BUENOS AIRES"}}, {"model": "folios.ubicacion", "pk": 1026, "fields": {"c2": "C2 CENTRO", "alcaldia": "CUAUHTEMOC", "sector": "ASTURIAS", "colonia": "CENTRO"}}, {"model": "folios.ubicacion", "pk": 1027, "fields": {"c2": "C2 CENTRO", "alcaldia": "CUAUHTEMOC", "sector": "ASTURIAS", "colonia": "DOCTORES"}}, {"model": "folios.ubicacion", "pk": 1028, "fields": {"c2": "C2 CENTRO", "alcaldia": "CUAUHTEMOC", "sector": "ASTURIAS", "colonia": "ESPERANZA"}}, {"model": "folios.ubicacion", "pk": 1029, "fields": {"c2": "C2 CENTRO", "alcaldia": "CUAUHTEMOC", "sector": "ASTURIAS", "colonia": "OBRERA"}}, {"model": "folios.ubicacion", "pk": 1030, "fields": {"c2": "C2 CENTRO", "alcaldia": "CUAUHTEMOC", "sector": "ASTURIAS", "colonia": "PAULINO NAVARRO"}}, {"model": "folios.ubicacion", "pk": 1031, "fields": {"c2": "C2 CENTRO", "alcaldia": "CUAUHTEMOC", "sector": "ASTURIAS", "colonia": "TRANSITO"}}, {"model": "folios.ubicacion", "pk": 1032, "fields": {"c2": "C2 CENTRO", "alcaldia": "CUAUHTEMOC", "sector": "ASTURIAS", "colonia": "VISTA ALEGRE"}}, {"model": "folios.ubicacion", "pk": 1033, "fields": {"c2": "C2 CENTRO", "alcaldia": "CUAUHTEMOC", "sector": "BUENAVISTA", "colonia": "BUENAVISTA"}}, {"model": "folios.ubicacion", "pk": 1034, "fields": {"c2": "C2 CENTRO", "alcaldia": "CUAUHTEMOC", "sector": "BUENAVISTA", "colonia": "GUERRERO"}}, {"model": "folios.ubicacion", "pk": 1035, "fields": {"c2": "C2 CENTRO", "alcaldia": "CUAUHTEMOC", "sector": "BUENAVISTA", "colonia": "STA MARIA LA RIBERA"}}, {"model": "folios.ubicacion", "pk": 1036, "fields": {"c2": "C2 CENTRO", "alcaldia": "CUAUHTEMOC", "sector": "CENTRO", "colonia": "CENTRO"}}, {"model": "folios.ubicacion", "pk": 1037, "fields": {"c2": "C2 CENTRO", "alcaldia": "CUAUHTEMOC", "sector": "MORELOS", "colonia": "MORELOS"}}, {"model": "folios.ubicacion", "pk": 1038, "fields": {"c2": "C2 CENTRO", "alcaldia": "CUAUHTEMOC", "sector": "ROMA", "colonia": "CENTRO URBANO BENITO JUAREZ"}}, {"model": "folios.ubicacion", "pk": 1039, "fields": {"c2": "C2 CENTRO", "alcaldia": "CUAUHTEMOC", "sector": "ROMA", "colonia": "CONDESA"}}, {"model": "folios.ubicacion", "pk": 1040, "fields": {"c2": "C2 CENTRO", "alcaldia": "CUAUHTEMOC", "sector": "ROMA", "colonia": "HIPODROMO"}}, {"model": "folios.ubicacion", "pk": 1041, "fields": {"c2": "C2 CENTRO", "alcaldia": "CUAUHTEMOC", "sector": "ROMA", "colonia": "HIPODROMO CONDESA"}}, {"model": "folios.ubicacion", "pk": 1042, "fields": {"c2": "C2 CENTRO", "alcaldia": "CUAUHTEMOC", "sector": "ROMA", "colonia": "ROMA NTE"}}, {"model": "folios.ubicacion", "pk": 1043, "fields": {"c2": "C2 CENTRO", "alcaldia": "CUAUHTEMOC", "sector": "ROMA", "colonia": "ROMA SUR"}}, {"model": "folios.ubicacion", "pk": 1044, "fields": {"c2": "C2 CENTRO", "alcaldia": "CUAUHTEMOC", "sector": "TLATELOLCO", "colonia": "ATLAMPA"}}, {"model": "folios.ubicacion", "pk": 1045, "fields": {"c2": "C2 CENTRO", "alcaldia": "CUAUHTEMOC", "sector": "TLATELOLCO", "colonia": "EX HIPODROMO DE PERALVILLO"}}, {"model": "folios.ubicacion", "pk": 1046, "fields": {"c2": "C2 CENTRO", "alcaldia": "CUAUHTEMOC", "sector": "TLATELOLCO", "colonia": "MAZA FELIPE PESCADOR"}}, {"model": "folios.ubicacion", "pk": 1047, "fields": {"c2": "C2 CENTRO", "alcaldia": "CUAUHTEMOC", "sector": "TLATELOLCO", "colonia": "PERALVILLO"}}, {"model": "folios.ubicacion", "pk": 1048, "fields": {"c2": "C2 CENTRO", "alcaldia": "CUAUHTEMOC", "sector": "TLATELOLCO", "colonia": "SN SIMON TOLNAHUAC"}}, {"model": "folios.ubicacion", "pk": 1049, "fields": {"c2": "C2 CENTRO", "alcaldia": "CUAUHTEMOC", "sector": "TLATELOLCO", "colonia": "STA MARIA INSURGENTES"}}, {"model": "folios.ubicacion", "pk": 1050, "fields": {"c2": "C2 CENTRO", "alcaldia": "CUAUHTEMOC", "sector": "TLATELOLCO", "colonia": "UNIDAD NONOALCO TLATELOLCO CTO"}}, {"model": "folios.ubicacion", "pk": 1051, "fields": {"c2": "C2 CENTRO", "alcaldia": "CUAUHTEMOC", "sector": "TLATELOLCO", "colonia": "UNIDAD NONOALCO TLATELOLCO OTE"}}, {"model": "folios.ubicacion", "pk": 1052, "fields": {"c2": "C2 CENTRO", "alcaldia": "CUAUHTEMOC", "sector": "TLATELOLCO", "colonia": "UNIDAD NONOALCO TLATELOLCO PTE"}}, {"model": "folios.ubicacion", "pk": 1053, "fields": {"c2": "C2 CENTRO", "alcaldia": "CUAUHTEMOC", "sector": "TLATELOLCO", "colonia": "VALLE GOMEZ"}}, {"model": "folios.ubicacion", "pk": 1054, "fields": {"c2": "C2 NORTE", "alcaldia": "GUSTAVO A. MADERO", "sector": "ARAGON", "colonia": "CUCHILLA DEL TESORO"}}, {"model": "folios.ubicacion", "pk": 1055, "fields": {"c2": "C2 NORTE", "alcaldia": "GUSTAVO A. MADERO", "sector": "ARAGON", "colonia": "EJIDO SAN JUAN DE ARAGON"}}, {"model": "folios.ubicacion", "pk": 1056, "fields": {"c2": "C2 NORTE", "alcaldia": "GUSTAVO A. MADERO", "sector": "ARAGON", "colonia": "EX ESCUELA DE TIRO CASAS ALEMAN"}}, {"model": "folios.ubicacion", "pk": 1057, "fields": {"c2": "C2 NORTE", "alcaldia": "GUSTAVO A. MADERO", "sector": "ARAGON", "colonia": "HEROES DE CHAPULTEPEC"}}, {"model": "folios.ubicacion", "pk": 1058, "fields": {"c2": "C2 NORTE", "alcaldia": "GUSTAVO A. MADERO", "sector": "ARAGON", "colonia": "LA CUCHILLA"}}, {"model": "folios.ubicacion", "pk": 1059, "fields": {"c2": "C2 NORTE", "alcaldia": "GUSTAVO A. MADERO", "sector": "ARAGON", "colonia": "PBLO SN JUAN DE ARAGON"}}, {"model": "folios.ubicacion", "pk": 1060, "fields": {"c2": "C2 NORTE", "alcaldia": "GUSTAVO A. MADERO", "sector": "ARAGON", "colonia": "SECTOR 32 SAN JUAN DE ARAGON"}}, {"model": "folios.ubicacion", "pk": 1061, "fields": {"c2": "C2 NORTE", "alcaldia": "GUSTAVO A. MADERO", "sector": "ARAGON", "colonia": "U.H. CTM ARAGON"}}, {"model": "folios.ubicacion", "pk": 1062, "fields": {"c2": "C2 NORTE", "alcaldia": "GUSTAVO A. MADERO", "sector": "ARAGON", "colonia": "U.H. FOVISSSTE ARAGON"}}, {"model": "folios.ubicacion", "pk": 1063, "fields": {"c2": "C2 NORTE", "alcaldia": "GUSTAVO A. MADERO", "sector": "ARAGON", "colonia": "U.H. INDECO"}}, {"model": "folios.ubicacion", "pk": 1064, "fields": {"c2": "C2 NORTE", "alcaldia": "GUSTAVO A. MADERO", "sector": "ARAGON", "colonia": "U.H. INFONAVIT LORETO FAVELA"}}, {"model": "folios.ubicacion", "pk": 1065, "fields": {"c2": "C2 NORTE", "alcaldia": "GUSTAVO A. MADERO", "sector": "ARAGON", "colonia": "U.H. INFONAVIT SAN JUAN DE ARAGON"}}, {"model": "folios.ubicacion", "pk": 1066, "fields": {"c2": "C2 NORTE", "alcaldia": "GUSTAVO A. MADERO", "sector": "ARAGON", "colonia": "U.H. LA CUCHILLA"}}, {"model": "folios.ubicacion", "pk": 1067, "fields": {"c2": "C2 NORTE", "alcaldia": "GUSTAVO A. MADERO", "sector": "ARAGON", "colonia": "U.H. NARCISO BASSOLS"}}, {"model": "folios.ubicacion", "pk": 1068, "fields": {"c2": "C2 NORTE", "alcaldia": "GUSTAVO A. MADERO", "sector": "ARAGON", "colonia": "U.H. SAN JUAN DE ARAGON 1A SECC."}}, {"model": "folios.ubicacion", "pk": 1069, "fields": {"c2": "C2 NORTE", "alcaldia": "GUSTAVO A. MADERO", "sector": "ARAGON", "colonia": "U.H. SAN JUAN DE ARAGON 2A SECC."}}, {"model": "folios.ubicacion", "pk": 1070, "fields": {"c2": "C2 NORTE", "alcaldia": "GUSTAVO A. MADERO", "sector": "ARAGON", "colonia": "U.H. SAN JUAN DE ARAGON 3A SECC."}}, {"model": "folios.ubicacion", "pk": 1071, "fields": {"c2": "C2 NORTE", "alcaldia": "GUSTAVO A. MADERO", "sector": "ARAGON", "colonia": "U.H. SAN JUAN DE ARAGON 4A Y 5A SECC."}}, {"model": "folios.ubicacion", "pk": 1072, "fields": {"c2": "C2 NORTE", "alcaldia": "GUSTAVO A. MADERO", "sector": "ARAGON", "colonia": "U.H. SAN JUAN DE ARAGON 6A SECC."}}, {"model": "folios.ubicacion", "pk": 1073, "fields": {"c2": "C2 NORTE", "alcaldia": "GUSTAVO A. MADERO", "sector": "ARAGON", "colonia": "U.H. SAN JUAN DE ARAGON 7A SECC."}}, {"model": "folios.ubicacion", "pk": 1074, "fields": {"c2": "C2 NORTE", "alcaldia": "GUSTAVO A. MADERO", "sector": "ARAGON", "colonia": "U.H. VILLA ARAGON"}}, {"model": "folios.ubicacion", "pk": 1075, "fields": {"c2": "C2 NORTE", "alcaldia": "GUSTAVO A. MADERO", "sector": "CUAUTEPEC", "colonia": "6 DE JUNIO VISTA HERMOSA"}}, {"model": "folios.ubicacion", "pk": 1076, "fields": {"c2": "C2 NORTE", "alcaldia": "GUSTAVO A. MADERO", "sector": "CUAUTEPEC", "colonia": "AHUEHUETES"}}, {"model": "folios.ubicacion", "pk": 1077, "fields": {"c2": "C2 NORTE", "alcaldia": "GUSTAVO A. MADERO", "sector": "CUAUTEPEC", "colonia": "AMPL ARBOLEDAS DE CUAUTEPEC"}}, {"model": "folios.ubicacion", "pk": 1078, "fields": {"c2": "C2 NORTE", "alcaldia": "GUSTAVO A. MADERO", "sector": "CUAUTEPEC", "colonia": "AMPL BENITO JUAREZ"}}, {"model": "folios.ubicacion", "pk": 1079, "fields": {"c2": "C2 NORTE", "alcaldia": "GUSTAVO A. MADERO", "sector": "CUAUTEPEC", "colonia": "ARBOLEDA DE CUAUTEPEC EL ALTO"}}, {"model": "folios.ubicacion", "pk": 1080, "fields": {"c2": "C2 NORTE", "alcaldia": "GUSTAVO A. MADERO", "sector": "CUAUTEPEC", "colonia": "ARBOLILLO"}}, {"model": "folios.ubicacion", "pk": 1081, "fields": {"c2": "C2 NORTE", "alcaldia": "GUSTAVO A. MADERO", "sector": "CUAUTEPEC", "colonia": "BENITO JUAREZ"}}, {"model": "folios.ubicacion", "pk": 1082, "fields": {"c2": "C2 NORTE", "alcaldia": "GUSTAVO A. MADERO", "sector": "CUAUTEPEC", "colonia": "CASILDA LA"}}, {"model": "folios.ubicacion", "pk": 1083, "fields": {"c2": "C2 NORTE", "alcaldia": "GUSTAVO A. MADERO", "sector": "CUAUTEPEC", "colonia": "CASTILLO CHICO EL CARMEN"}}, {"model": "folios.ubicacion", "pk": 1084, "fields": {"c2": "C2 NORTE", "alcaldia": "GUSTAVO A. MADERO", "sector": "CUAUTEPEC", "colonia": "CASTILLO GRANDE"}}, {"model": "folios.ubicacion", "pk": 1085, "fields": {"c2": "C2 NORTE", "alcaldia": "GUSTAVO A. MADERO", "sector": "CUAUTEPEC", "colonia": "CHALMA DE GUADALUPE"}}, {"model": "folios.ubicacion", "pk": 1086, "fields": {"c2": "C2 NORTE", "alcaldia": "GUSTAVO A. MADERO", "sector": "CUAUTEPEC", "colonia": "COCOYOTES"}}, {"model": "folios.ubicacion", "pk": 1087, "fields": {"c2": "C2 NORTE", "alcaldia": "GUSTAVO A. MADERO", "sector": "CUAUTEPEC", "colonia": "COLOSIO TLACAELEL"}}, {"model": "folios.ubicacion", "pk": 1088, "fields": {"c2": "C2 NORTE", "alcaldia": "GUSTAVO A. MADERO", "sector": "CUAUTEPEC", "colonia": "COMPOSITORES MEXICANOS"}}, {"model": "folios.ubicacion", "pk": 1089, "fields": {"c2": "C2 NORTE", "alcaldia": "GUSTAVO A. MADERO", "sector": "CUAUTEPEC", "colonia": "DEL BOSQUE"}}, {"model": "folios.ubicacion", "pk": 1090, "fields": {"c2": "C2 NORTE", "alcaldia": "GUSTAVO A. MADERO", "sector": "CUAUTEPEC", "colonia": "EL TEPETATAL"}}, {"model": "folios.ubicacion", "pk": 1091, "fields": {"c2": "C2 NORTE", "alcaldia": "GUSTAVO A. MADERO", "sector": "CUAUTEPEC", "colonia": "GENERAL FELIPE BERRIOZABAL"}}, {"model": "folios.ubicacion", "pk": 1092, "fields": {"c2": "C2 NORTE", "alcaldia": "GUSTAVO A. MADERO", "sector": "CUAUTEPEC", "colonia": "GUADALUPE VICTORIA"}}, {"model": "folios.ubicacion", "pk": 1093, "fields": {"c2": "C2 NORTE", "alcaldia": "GUSTAVO A. MADERO", "sector": "CUAUTEPEC", "colonia": "JORGE NEGRETE"}}, {"model": "folios.ubicacion", "pk": 1094, "fields": {"c2": "C2 NORTE", "alcaldia": "GUSTAVO A. MADERO", "sector": "CUAUTEPEC", "colonia": "JUVENTINO ROSAS"}}, {"model": "folios.ubicacion", "pk": 1095, "fields": {"c2": "C2 NORTE", "alcaldia": "GUSTAVO A. MADERO", "sector": "CUAUTEPEC", "colonia": "LA FORESTAL"}}, {"model": "folios.ubicacion", "pk": 1096, "fields": {"c2": "C2 NORTE", "alcaldia": "GUSTAVO A. MADERO", "sector": "CUAUTEPEC", "colonia": "LA PASTORA"}}, {"model": "folios.ubicacion", "pk": 1097, "fields": {"c2": "C2 NORTE", "alcaldia": "GUSTAVO A. MADERO", "sector": "CUAUTEPEC", "colonia": "LOMA DE LA PALMA"}}, {"model": "folios.ubicacion", "pk": 1098, "fields": {"c2": "C2 NORTE", "alcaldia": "GUSTAVO A. MADERO", "sector": "CUAUTEPEC", "colonia": "LOMAS DE CUAUTEPEC"}}, {"model": "folios.ubicacion", "pk": 1099, "fields": {"c2": "C2 NORTE", "alcaldia": "GUSTAVO A. MADERO", "sector": "CUAUTEPEC", "colonia": "MALACATES"}}, {"model": "folios.ubicacion", "pk": 1100, "fields": {"c2": "C2 NORTE", "alcaldia": "GUSTAVO A. MADERO", "sector": "CUAUTEPEC", "colonia": "PALMATITLA"}}, {"model": "folios.ubicacion", "pk": 1101, "fields": {"c2": "C2 NORTE", "alcaldia": "GUSTAVO A. MADERO", "sector": "CUAUTEPEC", "colonia": "PARQUE METROPOLITANO"}}, {"model": "folios.ubicacion", "pk": 1102, "fields": {"c2": "C2 NORTE", "alcaldia": "GUSTAVO A. MADERO", "sector": "CUAUTEPEC", "colonia": "PBLO CUAUTEPEC EL ALTO"}}, {"model": "folios.ubicacion", "pk": 1103, "fields": {"c2": "C2 NORTE", "alcaldia": "GUSTAVO A. MADERO", "sector": "CUAUTEPEC", "colonia": "SN ANTONIO"}}, {"model": "folios.ubicacion", "pk": 1104, "fields": {"c2": "C2 NORTE", "alcaldia": "GUSTAVO A. MADERO", "sector": "CUAUTEPEC", "colonia": "SOLIDARIDAD NACIONAL"}}, {"model": "folios.ubicacion", "pk": 1105, "fields": {"c2": "C2 NORTE", "alcaldia": "GUSTAVO A. MADERO", "sector": "CUAUTEPEC", "colonia": "TLALPEXCO"}}, {"model": "folios.ubicacion", "pk": 1106, "fields": {"c2": "C2 NORTE", "alcaldia": "GUSTAVO A. MADERO", "sector": "CUAUTEPEC", "colonia": "U.H. EL ARBOLILLO I"}}, {"model": "folios.ubicacion", "pk": 1107, "fields": {"c2": "C2 NORTE", "alcaldia": "GUSTAVO A. MADERO", "sector": "CUAUTEPEC", "colonia": "U.H. EL ARBOLILLO II"}}, {"model": "folios.ubicacion", "pk": 1108, "fields": {"c2": "C2 NORTE", "alcaldia": "GUSTAVO A. MADERO", "sector": "CUAUTEPEC", "colonia": "VALLE DE MADERO"}}, {"model": "folios.ubicacion", "pk": 1109, "fields": {"c2": "C2 NORTE", "alcaldia": "GUSTAVO A. MADERO", "sector": "CUAUTEPEC", "colonia": "ZONA ESCOLAR OTE"}}, {"model": "folios.ubicacion", "pk": 1110, "fields": {"c2": "C2 NORTE", "alcaldia": "GUSTAVO A. MADERO", "sector": "CUCHILLA", "colonia": "AMPL EMILIANO ZAPATA"}}, {"model": "folios.ubicacion", "pk": 1111, "fields": {"c2": "C2 NORTE", "alcaldia": "GUSTAVO A. MADERO", "sector": "CUCHILLA", "colonia": "AMPL MARTIRES DE RIO BLANCO"}}, {"model": "folios.ubicacion", "pk": 1112, "fields": {"c2": "C2 NORTE", "alcaldia": "GUSTAVO A. MADERO", "sector": "CUCHILLA", "colonia": "AMPL SAN JUAN DE ARAGON"}}, {"model": "folios.ubicacion", "pk": 1113, "fields": {"c2": "C2 NORTE", "alcaldia": "GUSTAVO A. MADERO", "sector": "CUCHILLA", "colonia": "ARAGON INGUARAN"}}, {"model": "folios.ubicacion", "pk": 1114, "fields": {"c2": "C2 NORTE", "alcaldia": "GUSTAVO A. MADERO", "sector": "CUCHILLA", "colonia": "BELISARIO DOMINGUEZ"}}, {"model": "folios.ubicacion", "pk": 1115, "fields": {"c2": "C2 NORTE", "alcaldia": "GUSTAVO A. MADERO", "sector": "CUCHILLA", "colonia": "BONDOJITO"}}, {"model": "folios.ubicacion", "pk": 1116, "fields": {"c2": "C2 NORTE", "alcaldia": "GUSTAVO A. MADERO", "sector": "CUCHILLA", "colonia": "CUCHILLA DE LA JOYA LA JOYA"}}, {"model": "folios.ubicacion", "pk": 1117, "fields": {"c2": "C2 NORTE", "alcaldia": "GUSTAVO A. MADERO", "sector": "CUCHILLA", "colonia": "EMILIANO ZAPATA"}}, {"model": "folios.ubicacion", "pk": 1118, "fields": {"c2": "C2 NORTE", "alcaldia": "GUSTAVO A. MADERO", "sector": "CUCHILLA", "colonia": "FAJA DE ORO"}}, {"model": "folios.ubicacion", "pk": 1119, "fields": {"c2": "C2 NORTE", "alcaldia": "GUSTAVO A. MADERO", "sector": "CUCHILLA", "colonia": "GERTRUDIS SANCHEZ 1A SECC."}}, {"model": "folios.ubicacion", "pk": 1120, "fields": {"c2": "C2 NORTE", "alcaldia": "GUSTAVO A. MADERO", "sector": "CUCHILLA", "colonia": "GERTRUDIS SANCHEZ 2A SECC."}}, {"model": "folios.ubicacion", "pk": 1121, "fields": {"c2": "C2 NORTE", "alcaldia": "GUSTAVO A. MADERO", "sector": "CUCHILLA", "colonia": "GERTRUDIS SANCHEZ 3A SECC."}}, {"model": "folios.ubicacion", "pk": 1122, "fields": {"c2": "C2 NORTE", "alcaldia": "GUSTAVO A. MADERO", "sector": "CUCHILLA", "colonia": "GRANJAS MODERNAS"}}, {"model": "folios.ubicacion", "pk": 1123, "fields": {"c2": "C2 NORTE", "alcaldia": "GUSTAVO A. MADERO", "sector": "CUCHILLA", "colonia": "LA JOYITA"}}, {"model": "folios.ubicacion", "pk": 1124, "fields": {"c2": "C2 NORTE", "alcaldia": "GUSTAVO A. MADERO", "sector": "CUCHILLA", "colonia": "MALINCHE"}}, {"model": "folios.ubicacion", "pk": 1125, "fields": {"c2": "C2 NORTE", "alcaldia": "GUSTAVO A. MADERO", "sector": "CUCHILLA", "colonia": "MARTIRES DE RIO BLANCO"}}, {"model": "folios.ubicacion", "pk": 1126, "fields": {"c2": "C2 NORTE", "alcaldia": "GUSTAVO A. MADERO", "sector": "CUCHILLA", "colonia": "NUEVA TENOCHTITLAN"}}, {"model": "folios.ubicacion", "pk": 1127, "fields": {"c2": "C2 NORTE", "alcaldia": "GUSTAVO A. MADERO", "sector": "CUCHILLA", "colonia": "SN PEDRO EL CHICO"}}, {"model": "folios.ubicacion", "pk": 1128, "fields": {"c2": "C2 NORTE", "alcaldia": "GUSTAVO A. MADERO", "sector": "CUCHILLA", "colonia": "TABLAS DE SAN AGUSTIN"}}, {"model": "folios.ubicacion", "pk": 1129, "fields": {"c2": "C2 NORTE", "alcaldia": "GUSTAVO A. MADERO", "sector": "CUCHILLA", "colonia": "TRES ESTRELLAS"}}, {"model": "folios.ubicacion", "pk": 1130, "fields": {"c2": "C2 NORTE", "alcaldia": "GUSTAVO A. MADERO", "sector": "LINDAVISTA", "colonia": "2A SECC. DE SAN JUAN IXHUATEPEC"}}, {"model": "folios.ubicacion", "pk": 1131, "fields": {"c2": "C2 NORTE", "alcaldia": "GUSTAVO A. MADERO", "sector": "LINDAVISTA", "colonia": "AVILA CAMACHO CAPUTITLAN TLACAMACA"}}, {"model": "folios.ubicacion", "pk": 1132, "fields": {"c2": "C2 NORTE", "alcaldia": "GUSTAVO A. MADERO", "sector": "LINDAVISTA", "colonia": "CHURUBUSCO TEPEYAC MONTEVIDEO"}}, {"model": "folios.ubicacion", "pk": 1133, "fields": {"c2": "C2 NORTE", "alcaldia": "GUSTAVO A. MADERO", "sector": "LINDAVISTA", "colonia": "DEFENSORES DE LA REPUBLICA"}}, {"model": "folios.ubicacion", "pk": 1134, "fields": {"c2": "C2 NORTE", "alcaldia": "GUSTAVO A. MADERO", "sector": "LINDAVISTA", "colonia": "GUADALUPE VICTORIA VALLEJO PTE"}}, {"model": "folios.ubicacion", "pk": 1135, "fields": {"c2": "C2 NORTE", "alcaldia": "GUSTAVO A. MADERO", "sector": "LINDAVISTA", "colonia": "HEROES DE NACOZARI"}}, {"model": "folios.ubicacion", "pk": 1136, "fields": {"c2": "C2 NORTE", "alcaldia": "GUSTAVO A. MADERO", "sector": "LINDAVISTA", "colonia": "JUAN DE DIOS BATIZ"}}, {"model": "folios.ubicacion", "pk": 1137, "fields": {"c2": "C2 NORTE", "alcaldia": "GUSTAVO A. MADERO", "sector": "LINDAVISTA", "colonia": "LINDAVISTA NTE"}}, {"model": "folios.ubicacion", "pk": 1138, "fields": {"c2": "C2 NORTE", "alcaldia": "GUSTAVO A. MADERO", "sector": "LINDAVISTA", "colonia": "LINDAVISTA SUR"}}, {"model": "folios.ubicacion", "pk": 1139, "fields": {"c2": "C2 NORTE", "alcaldia": "GUSTAVO A. MADERO", "sector": "LINDAVISTA", "colonia": "MAGDALENA DE LAS SALINAS"}}, {"model": "folios.ubicacion", "pk": 1140, "fields": {"c2": "C2 NORTE", "alcaldia": "GUSTAVO A. MADERO", "sector": "LINDAVISTA", "colonia": "NUEVA INDUSTRIAL VALLEJO"}}, {"model": "folios.ubicacion", "pk": 1141, "fields": {"c2": "C2 NORTE", "alcaldia": "GUSTAVO A. MADERO", "sector": "LINDAVISTA", "colonia": "NUEVA VALLEJO"}}, {"model": "folios.ubicacion", "pk": 1142, "fields": {"c2": "C2 NORTE", "alcaldia": "GUSTAVO A. MADERO", "sector": "LINDAVISTA", "colonia": "NUEVA VALLEJO NTE"}}, {"model": "folios.ubicacion", "pk": 1143, "fields": {"c2": "C2 NORTE", "alcaldia": "GUSTAVO A. MADERO", "sector": "LINDAVISTA", "colonia": "PANAMERICANA"}}, {"model": "folios.ubicacion", "pk": 1144, "fields": {"c2": "C2 NORTE", "alcaldia": "GUSTAVO A. MADERO", "sector": "LINDAVISTA", "colonia": "PBLO SN BARTOLO ATEPEHUACAN"}}, {"model": "folios.ubicacion", "pk": 1145, "fields": {"c2": "C2 NORTE", "alcaldia": "GUSTAVO A. MADERO", "sector": "LINDAVISTA", "colonia": "PBLO SN PEDRO ZACATENCO"}}, {"model": "folios.ubicacion", "pk": 1146, "fields": {"c2": "C2 NORTE", "alcaldia": "GUSTAVO A. MADERO", "sector": "LINDAVISTA", "colonia": "RESID ZACATENCO"}}, {"model": "folios.ubicacion", "pk": 1147, "fields": {"c2": "C2 NORTE", "alcaldia": "GUSTAVO A. MADERO", "sector": "LINDAVISTA", "colonia": "U.H. LINDAVISTA VALLEJO"}}, {"model": "folios.ubicacion", "pk": 1148, "fields": {"c2": "C2 NORTE", "alcaldia": "GUSTAVO A. MADERO", "sector": "LINDAVISTA", "colonia": "U.H. REVOLUCION IMSS"}}, {"model": "folios.ubicacion", "pk": 1149, "fields": {"c2": "C2 NORTE", "alcaldia": "GUSTAVO A. MADERO", "sector": "LINDAVISTA", "colonia": "VALLE DE TEPEYAC"}}, {"model": "folios.ubicacion", "pk": 1150, "fields": {"c2": "C2 NORTE", "alcaldia": "GUSTAVO A. MADERO", "sector": "PRADERA", "colonia": "25 DE JULIO"}}, {"model": "folios.ubicacion", "pk": 1151, "fields": {"c2": "C2 NORTE", "alcaldia": "GUSTAVO A. MADERO", "sector": "PRADERA", "colonia": "AMPL CASAS ALEMAN"}}, {"model": "folios.ubicacion", "pk": 1152, "fields": {"c2": "C2 NORTE", "alcaldia": "GUSTAVO A. MADERO", "sector": "PRADERA", "colonia": "AMPL PROVIDENCIA"}}, {"model": "folios.ubicacion", "pk": 1153, "fields": {"c2": "C2 NORTE", "alcaldia": "GUSTAVO A. MADERO", "sector": "PRADERA", "colonia": "CAMPESTRE ARAGON"}}, {"model": "folios.ubicacion", "pk": 1154, "fields": {"c2": "C2 NORTE", "alcaldia": "GUSTAVO A. MADERO", "sector": "PRADERA", "colonia": "FRACC VILLA DE ARAGON"}}, {"model": "folios.ubicacion", "pk": 1155, "fields": {"c2": "C2 NORTE", "alcaldia": "GUSTAVO A. MADERO", "sector": "PRADERA", "colonia": "LA PRADERA"}}, {"model": "folios.ubicacion", "pk": 1156, "fields": {"c2": "C2 NORTE", "alcaldia": "GUSTAVO A. MADERO", "sector": "PRADERA", "colonia": "NUEVA ATZACOALCO"}}, {"model": "folios.ubicacion", "pk": 1157, "fields": {"c2": "C2 NORTE", "alcaldia": "GUSTAVO A. MADERO", "sector": "PRADERA", "colonia": "PROVIDENCIA OTE"}}, {"model": "folios.ubicacion", "pk": 1158, "fields": {"c2": "C2 NORTE", "alcaldia": "GUSTAVO A. MADERO", "sector": "PRADERA", "colonia": "PROVIDENCIA PTE"}}, {"model": "folios.ubicacion", "pk": 1159, "fields": {"c2": "C2 NORTE", "alcaldia": "GUSTAVO A. MADERO", "sector": "PRADERA", "colonia": "SN FELIPE DE JESUS"}}, {"model": "folios.ubicacion", "pk": 1160, "fields": {"c2": "C2 NORTE", "alcaldia": "GUSTAVO A. MADERO", "sector": "PRADERA", "colonia": "U.H. EL COYOL"}}, {"model": "folios.ubicacion", "pk": 1161, "fields": {"c2": "C2 NORTE", "alcaldia": "GUSTAVO A. MADERO", "sector": "PRADERA", "colonia": "U.H. HUITZNAHUA"}}, {"model": "folios.ubicacion", "pk": 1162, "fields": {"c2": "C2 NORTE", "alcaldia": "GUSTAVO A. MADERO", "sector": "PRADERA", "colonia": "U.H. JOSE MARIA MORELOS Y PAVON II"}}, {"model": "folios.ubicacion", "pk": 1163, "fields": {"c2": "C2 NORTE", "alcaldia": "GUSTAVO A. MADERO", "sector": "PRADERA", "colonia": "U.H. LA ESMERALDA"}}, {"model": "folios.ubicacion", "pk": 1164, "fields": {"c2": "C2 NORTE", "alcaldia": "GUSTAVO A. MADERO", "sector": "PRADERA", "colonia": "U.H. MORELOS EDUARDO MOLINA"}}, {"model": "folios.ubicacion", "pk": 1165, "fields": {"c2": "C2 NORTE", "alcaldia": "GUSTAVO A. MADERO", "sector": "QUIROGA", "colonia": "15 DE AGOSTO"}}, {"model": "folios.ubicacion", "pk": 1166, "fields": {"c2": "C2 NORTE", "alcaldia": "GUSTAVO A. MADERO", "sector": "QUIROGA", "colonia": "AMPL GABRIEL HERNANDEZ"}}, {"model": "folios.ubicacion", "pk": 1167, "fields": {"c2": "C2 NORTE", "alcaldia": "GUSTAVO A. MADERO", "sector": "QUIROGA", "colonia": "ATZACOALCO"}}, {"model": "folios.ubicacion", "pk": 1168, "fields": {"c2": "C2 NORTE", "alcaldia": "GUSTAVO A. MADERO", "sector": "QUIROGA", "colonia": "BARRIO ROSAS DEL TEPEYAC"}}, {"model": "folios.ubicacion", "pk": 1169, "fields": {"c2": "C2 NORTE", "alcaldia": "GUSTAVO A. MADERO", "sector": "QUIROGA", "colonia": "CONSTITUCION DE LA REPUBLICA"}}, {"model": "folios.ubicacion", "pk": 1170, "fields": {"c2": "C2 NORTE", "alcaldia": "GUSTAVO A. MADERO", "sector": "QUIROGA", "colonia": "DEL OBRERO"}}, {"model": "folios.ubicacion", "pk": 1171, "fields": {"c2": "C2 NORTE", "alcaldia": "GUSTAVO A. MADERO", "sector": "QUIROGA", "colonia": "GABRIEL HERNANDEZ"}}, {"model": "folios.ubicacion", "pk": 1172, "fields": {"c2": "C2 NORTE", "alcaldia": "GUSTAVO A. MADERO", "sector": "QUIROGA", "colonia": "GUSTAVO A MADERO"}}, {"model": "folios.ubicacion", "pk": 1173, "fields": {"c2": "C2 NORTE", "alcaldia": "GUSTAVO A. MADERO", "sector": "QUIROGA", "colonia": "JUAN GONZALES ROMERO"}}, {"model": "folios.ubicacion", "pk": 1174, "fields": {"c2": "C2 NORTE", "alcaldia": "GUSTAVO A. MADERO", "sector": "QUIROGA", "colonia": "LA ESTANZUELA"}}, {"model": "folios.ubicacion", "pk": 1175, "fields": {"c2": "C2 NORTE", "alcaldia": "GUSTAVO A. MADERO", "sector": "QUIROGA", "colonia": "MARTIN CARRERA"}}, {"model": "folios.ubicacion", "pk": 1176, "fields": {"c2": "C2 NORTE", "alcaldia": "GUSTAVO A. MADERO", "sector": "QUIROGA", "colonia": "PBLO STA ISABEL TOLA"}}, {"model": "folios.ubicacion", "pk": 1177, "fields": {"c2": "C2 NORTE", "alcaldia": "GUSTAVO A. MADERO", "sector": "QUIROGA", "colonia": "SALVADOR DIAZ MIRON"}}, {"model": "folios.ubicacion", "pk": 1178, "fields": {"c2": "C2 NORTE", "alcaldia": "GUSTAVO A. MADERO", "sector": "QUIROGA", "colonia": "TRIUNFO DE LA REPUBLICA"}}, {"model": "folios.ubicacion", "pk": 1179, "fields": {"c2": "C2 NORTE", "alcaldia": "GUSTAVO A. MADERO", "sector": "QUIROGA", "colonia": "U.H. ATZACOALCO CTM"}}, {"model": "folios.ubicacion", "pk": 1180, "fields": {"c2": "C2 NORTE", "alcaldia": "GUSTAVO A. MADERO", "sector": "QUIROGA", "colonia": "U.H. CTM EL RISCO"}}, {"model": "folios.ubicacion", "pk": 1181, "fields": {"c2": "C2 NORTE", "alcaldia": "GUSTAVO A. MADERO", "sector": "QUIROGA", "colonia": "VASCO DE QUIROGA"}}, {"model": "folios.ubicacion", "pk": 1182, "fields": {"c2": "C2 NORTE", "alcaldia": "GUSTAVO A. MADERO", "sector": "QUIROGA", "colonia": "VISTA HERMOSA"}}, {"model": "folios.ubicacion", "pk": 1183, "fields": {"c2": "C2 NORTE", "alcaldia": "GUSTAVO A. MADERO", "sector": "TEPEYAC", "colonia": "7 DE NOVIEMBRE"}}, {"model": "folios.ubicacion", "pk": 1184, "fields": {"c2": "C2 NORTE", "alcaldia": "GUSTAVO A. MADERO", "sector": "TEPEYAC", "colonia": "ARAGON LA VILLA"}}, {"model": "folios.ubicacion", "pk": 1185, "fields": {"c2": "C2 NORTE", "alcaldia": "GUSTAVO A. MADERO", "sector": "TEPEYAC", "colonia": "ESTRELLA"}}, {"model": "folios.ubicacion", "pk": 1186, "fields": {"c2": "C2 NORTE", "alcaldia": "GUSTAVO A. MADERO", "sector": "TEPEYAC", "colonia": "GUADALUPE INSURGENTES"}}, {"model": "folios.ubicacion", "pk": 1187, "fields": {"c2": "C2 NORTE", "alcaldia": "GUSTAVO A. MADERO", "sector": "TEPEYAC", "colonia": "GUADALUPE TEPEYAC"}}, {"model": "folios.ubicacion", "pk": 1188, "fields": {"c2": "C2 NORTE", "alcaldia": "GUSTAVO A. MADERO", "sector": "TEPEYAC", "colonia": "INDUSTRIAL NTE"}}, {"model": "folios.ubicacion", "pk": 1189, "fields": {"c2": "C2 NORTE", "alcaldia": "GUSTAVO A. MADERO", "sector": "TEPEYAC", "colonia": "INDUSTRIAL SUR"}}, {"model": "folios.ubicacion", "pk": 1190, "fields": {"c2": "C2 NORTE", "alcaldia": "GUSTAVO A. MADERO", "sector": "TEPEYAC", "colonia": "TEPEYAC INSURGENTES"}}, {"model": "folios.ubicacion", "pk": 1191, "fields": {"c2": "C2 NORTE", "alcaldia": "GUSTAVO A. MADERO", "sector": "TEPEYAC", "colonia": "VALLEJO"}}, {"model": "folios.ubicacion", "pk": 1192, "fields": {"c2": "C2 NORTE", "alcaldia": "GUSTAVO A. MADERO", "sector": "TICOMAN", "colonia": "AMPL GUADALUPE PROLETARIA"}}, {"model": "folios.ubicacion", "pk": 1193, "fields": {"c2": "C2 NORTE", "alcaldia": "GUSTAVO A. MADERO", "sector": "TICOMAN", "colonia": "AMPL PROGRESO NACIONAL"}}, {"model": "folios.ubicacion", "pk": 1194, "fields": {"c2": "C2 NORTE", "alcaldia": "GUSTAVO A. MADERO", "sector": "TICOMAN", "colonia": "BARRIO LA PURISIMA TICOMAN"}}, {"model": "folios.ubicacion", "pk": 1195, "fields": {"c2": "C2 NORTE", "alcaldia": "GUSTAVO A. MADERO", "sector": "TICOMAN", "colonia": "GUADALUPE - SAN RAFAEL TICOMAN"}}, {"model": "folios.ubicacion", "pk": 1196, "fields": {"c2": "C2 NORTE", "alcaldia": "GUSTAVO A. MADERO", "sector": "TICOMAN", "colonia": "GUADALUPE PROLETARIA"}}, {"model": "folios.ubicacion", "pk": 1197, "fields": {"c2": "C2 NORTE", "alcaldia": "GUSTAVO A. MADERO", "sector": "TICOMAN", "colonia": "LA CANDELARIA SAN JUAN TICOMAN"}}, {"model": "folios.ubicacion", "pk": 1198, "fields": {"c2": "C2 NORTE", "alcaldia": "GUSTAVO A. MADERO", "sector": "TICOMAN", "colonia": "LA ESCALERA"}}, {"model": "folios.ubicacion", "pk": 1199, "fields": {"c2": "C2 NORTE", "alcaldia": "GUSTAVO A. MADERO", "sector": "TICOMAN", "colonia": "LA ESCALERA TORRES LINDAVISTA"}}, {"model": "folios.ubicacion", "pk": 1200, "fields": {"c2": "C2 NORTE", "alcaldia": "GUSTAVO A. MADERO", "sector": "TICOMAN", "colonia": "LAGUNA TICOMAN"}}, {"model": "folios.ubicacion", "pk": 1201, "fields": {"c2": "C2 NORTE", "alcaldia": "GUSTAVO A. MADERO", "sector": "TICOMAN", "colonia": "PROGRESO NACIONAL"}}, {"model": "folios.ubicacion", "pk": 1202, "fields": {"c2": "C2 NORTE", "alcaldia": "GUSTAVO A. MADERO", "sector": "TICOMAN", "colonia": "RESID ACUEDUCTO DE GUADALUPE"}}, {"model": "folios.ubicacion", "pk": 1203, "fields": {"c2": "C2 NORTE", "alcaldia": "GUSTAVO A. MADERO", "sector": "TICOMAN", "colonia": "SANTIAGO ATEPETLAC"}}, {"model": "folios.ubicacion", "pk": 1204, "fields": {"c2": "C2 NORTE", "alcaldia": "GUSTAVO A. MADERO", "sector": "TICOMAN", "colonia": "SN JOSE DE LA ESCALERA"}}, {"model": "folios.ubicacion", "pk": 1205, "fields": {"c2": "C2 NORTE", "alcaldia": "GUSTAVO A. MADERO", "sector": "TICOMAN", "colonia": "SN JOSE TICOMAN"}}, {"model": "folios.ubicacion", "pk": 1206, "fields": {"c2": "C2 NORTE", "alcaldia": "GUSTAVO A. MADERO", "sector": "TICOMAN", "colonia": "STA MARIA TICOMAN"}}, {"model": "folios.ubicacion", "pk": 1207, "fields": {"c2": "C2 NORTE", "alcaldia": "GUSTAVO A. MADERO", "sector": "TICOMAN", "colonia": "STA ROSA"}}, {"model": "folios.ubicacion", "pk": 1208, "fields": {"c2": "C2 NORTE", "alcaldia": "GUSTAVO A. MADERO", "sector": "TICOMAN", "colonia": "TICOMAN"}}, {"model": "folios.ubicacion", "pk": 1209, "fields": {"c2": "C2 NORTE", "alcaldia": "GUSTAVO A. MADERO", "sector": "TICOMAN", "colonia": "U.H. ACUEDUCTO DE GUADALUPE"}}, {"model": "folios.ubicacion", "pk": 1210, "fields": {"c2": "C2 NORTE", "alcaldia": "GUSTAVO A. MADERO", "sector": "TICOMAN", "colonia": "U.H. VALLEJO LA PATERA"}}, {"model": "folios.ubicacion", "pk": 1211, "fields": {"c2": "C2 NORTE", "alcaldia": "IZTACALCO", "sector": "IZTACCIHUATL", "colonia": "BARRIO DE LOS REYES"}}, {"model": "folios.ubicacion", "pk": 1212, "fields": {"c2": "C2 NORTE", "alcaldia": "IZTACALCO", "sector": "IZTACCIHUATL", "colonia": "BARRIO DE SANTIAGO"}}, {"model": "folios.ubicacion", "pk": 1213, "fields": {"c2": "C2 NORTE", "alcaldia": "IZTACALCO", "sector": "IZTACCIHUATL", "colonia": "BARRIO LA STA CRUZ"}}, {"model": "folios.ubicacion", "pk": 1214, "fields": {"c2": "C2 NORTE", "alcaldia": "IZTACALCO", "sector": "IZTACCIHUATL", "colonia": "BARRIO SAN FRANCISCO XICALTONGO"}}, {"model": "folios.ubicacion", "pk": 1215, "fields": {"c2": "C2 NORTE", "alcaldia": "IZTACALCO", "sector": "IZTACCIHUATL", "colonia": "BARRIO SAN MIGUEL"}}, {"model": "folios.ubicacion", "pk": 1216, "fields": {"c2": "C2 NORTE", "alcaldia": "IZTACALCO", "sector": "IZTACCIHUATL", "colonia": "BARRIO SAN PEDRO"}}, {"model": "folios.ubicacion", "pk": 1217, "fields": {"c2": "C2 NORTE", "alcaldia": "IZTACALCO", "sector": "IZTACCIHUATL", "colonia": "COYUYA FRACCIONAMIENTO"}}, {"model": "folios.ubicacion", "pk": 1218, "fields": {"c2": "C2 NORTE", "alcaldia": "IZTACALCO", "sector": "IZTACCIHUATL", "colonia": "FLORES MAGON"}}, {"model": "folios.ubicacion", "pk": 1219, "fields": {"c2": "C2 NORTE", "alcaldia": "IZTACALCO", "sector": "IZTACCIHUATL", "colonia": "FRACC BENITO JUAREZ"}}, {"model": "folios.ubicacion", "pk": 1220, "fields": {"c2": "C2 NORTE", "alcaldia": "IZTACALCO", "sector": "IZTACCIHUATL", "colonia": "JARDINES TECMA"}}, {"model": "folios.ubicacion", "pk": 1221, "fields": {"c2": "C2 NORTE", "alcaldia": "IZTACALCO", "sector": "IZTACCIHUATL", "colonia": "LA ASUNCION BARRIO"}}, {"model": "folios.ubicacion", "pk": 1222, "fields": {"c2": "C2 NORTE", "alcaldia": "IZTACALCO", "sector": "IZTACCIHUATL", "colonia": "LA CRUZ COYUYA"}}, {"model": "folios.ubicacion", "pk": 1223, "fields": {"c2": "C2 NORTE", "alcaldia": "IZTACALCO", "sector": "IZTACCIHUATL", "colonia": "MAESTROS DE IZTACALCO"}}, {"model": "folios.ubicacion", "pk": 1224, "fields": {"c2": "C2 NORTE", "alcaldia": "IZTACALCO", "sector": "IZTACCIHUATL", "colonia": "MILITAR MARTE"}}, {"model": "folios.ubicacion", "pk": 1225, "fields": {"c2": "C2 NORTE", "alcaldia": "IZTACALCO", "sector": "IZTACCIHUATL", "colonia": "NUEVA STA ANITA"}}, {"model": "folios.ubicacion", "pk": 1226, "fields": {"c2": "C2 NORTE", "alcaldia": "IZTACALCO", "sector": "IZTACCIHUATL", "colonia": "PICOS IZTACALCO"}}, {"model": "folios.ubicacion", "pk": 1227, "fields": {"c2": "C2 NORTE", "alcaldia": "IZTACALCO", "sector": "IZTACCIHUATL", "colonia": "REFORMA IZTACCIHUATL"}}, {"model": "folios.ubicacion", "pk": 1228, "fields": {"c2": "C2 NORTE", "alcaldia": "IZTACALCO", "sector": "IZTACCIHUATL", "colonia": "STA ANITA"}}, {"model": "folios.ubicacion", "pk": 1229, "fields": {"c2": "C2 NORTE", "alcaldia": "IZTACALCO", "sector": "IZTACCIHUATL", "colonia": "U.H. 5 DE DICIEMBRE"}}, {"model": "folios.ubicacion", "pk": 1230, "fields": {"c2": "C2 NORTE", "alcaldia": "IZTACALCO", "sector": "IZTACCIHUATL", "colonia": "U.H. BARRIO DE SANTIAGO"}}, {"model": "folios.ubicacion", "pk": 1231, "fields": {"c2": "C2 NORTE", "alcaldia": "IZTACALCO", "sector": "IZTACCIHUATL", "colonia": "VIADUCTO PIEDAD IZTACALCO"}}, {"model": "folios.ubicacion", "pk": 1232, "fields": {"c2": "C2 NORTE", "alcaldia": "IZTACALCO", "sector": "IZTACCIHUATL", "colonia": "ZAPOTLA"}}, {"model": "folios.ubicacion", "pk": 1233, "fields": {"c2": "C2 NORTE", "alcaldia": "IZTACALCO", "sector": "PANTITLAN", "colonia": "AGRICOLA ORIENTAL"}}, {"model": "folios.ubicacion", "pk": 1234, "fields": {"c2": "C2 NORTE", "alcaldia": "IZTACALCO", "sector": "PANTITLAN", "colonia": "EL RODEO"}}, {"model": "folios.ubicacion", "pk": 1235, "fields": {"c2": "C2 NORTE", "alcaldia": "IZTACALCO", "sector": "PANTITLAN", "colonia": "PANTITLAN CENTRO"}}, {"model": "folios.ubicacion", "pk": 1236, "fields": {"c2": "C2 NORTE", "alcaldia": "IZTACALCO", "sector": "PANTITLAN", "colonia": "PANTITLAN OTE"}}, {"model": "folios.ubicacion", "pk": 1237, "fields": {"c2": "C2 NORTE", "alcaldia": "IZTACALCO", "sector": "PANTITLAN", "colonia": "PANTITLAN PTE"}}, {"model": "folios.ubicacion", "pk": 1238, "fields": {"c2": "C2 NORTE", "alcaldia": "IZTACALCO", "sector": "PANTITLAN", "colonia": "U.H. AGUA CALIENTE II"}}, {"model": "folios.ubicacion", "pk": 1239, "fields": {"c2": "C2 NORTE", "alcaldia": "IZTACALCO", "sector": "PANTITLAN", "colonia": "U.H. BELISARIO DOMINGUEZ"}}, {"model": "folios.ubicacion", "pk": 1240, "fields": {"c2": "C2 NORTE", "alcaldia": "IZTACALCO", "sector": "PANTITLAN", "colonia": "U.H. HERMANOS BLANCAS"}}, {"model": "folios.ubicacion", "pk": 1241, "fields": {"c2": "C2 NORTE", "alcaldia": "IZTACALCO", "sector": "PANTITLAN", "colonia": "U.H. IGNACIO ZARAGOZA"}}, {"model": "folios.ubicacion", "pk": 1242, "fields": {"c2": "C2 NORTE", "alcaldia": "IZTACALCO", "sector": "PANTITLAN", "colonia": "U.H. INDECO"}}, {"model": "folios.ubicacion", "pk": 1243, "fields": {"c2": "C2 NORTE", "alcaldia": "IZTACALCO", "sector": "PANTITLAN", "colonia": "U.H. LA ROSA"}}, {"model": "folios.ubicacion", "pk": 1244, "fields": {"c2": "C2 NORTE", "alcaldia": "IZTACALCO", "sector": "PANTITLAN", "colonia": "U.H. SUR 20"}}, {"model": "folios.ubicacion", "pk": 1245, "fields": {"c2": "C2 NORTE", "alcaldia": "IZTACALCO", "sector": "TLACOTAL", "colonia": "AMPL IMPI LOS PICOS"}}, {"model": "folios.ubicacion", "pk": 1246, "fields": {"c2": "C2 NORTE", "alcaldia": "IZTACALCO", "sector": "TLACOTAL", "colonia": "CARLOS ZAPATA VELA"}}, {"model": "folios.ubicacion", "pk": 1247, "fields": {"c2": "C2 NORTE", "alcaldia": "IZTACALCO", "sector": "TLACOTAL", "colonia": "CUCHILLA AGRICOLA ORIENTAL"}}, {"model": "folios.ubicacion", "pk": 1248, "fields": {"c2": "C2 NORTE", "alcaldia": "IZTACALCO", "sector": "TLACOTAL", "colonia": "EX EJIDO DE LA MAGDALENA MIXHUCA"}}, {"model": "folios.ubicacion", "pk": 1249, "fields": {"c2": "C2 NORTE", "alcaldia": "IZTACALCO", "sector": "TLACOTAL", "colonia": "GABRIEL RAMOS MILLAN"}}, {"model": "folios.ubicacion", "pk": 1250, "fields": {"c2": "C2 NORTE", "alcaldia": "IZTACALCO", "sector": "TLACOTAL", "colonia": "GABRIEL RAMOS MILLAN TLACOTAL"}}, {"model": "folios.ubicacion", "pk": 1251, "fields": {"c2": "C2 NORTE", "alcaldia": "IZTACALCO", "sector": "TLACOTAL", "colonia": "GRANJAS MEXICO"}}, {"model": "folios.ubicacion", "pk": 1252, "fields": {"c2": "C2 NORTE", "alcaldia": "IZTACALCO", "sector": "TLACOTAL", "colonia": "INFONAVIT IZTACALCO"}}, {"model": "folios.ubicacion", "pk": 1253, "fields": {"c2": "C2 NORTE", "alcaldia": "IZTACALCO", "sector": "TLACOTAL", "colonia": "JUVENTINO ROSAS"}}, {"model": "folios.ubicacion", "pk": 1254, "fields": {"c2": "C2 NORTE", "alcaldia": "IZTACALCO", "sector": "TLACOTAL", "colonia": "LOS PICOS IZTACALCO 2A SECC."}}, {"model": "folios.ubicacion", "pk": 1255, "fields": {"c2": "C2 NORTE", "alcaldia": "IZTACALCO", "sector": "TLACOTAL", "colonia": "LOS PICOS SECC. 1B"}}, {"model": "folios.ubicacion", "pk": 1256, "fields": {"c2": "C2 NORTE", "alcaldia": "IZTACALCO", "sector": "TLACOTAL", "colonia": "RAMOS MILLAN BRAMADERO"}}, {"model": "folios.ubicacion", "pk": 1257, "fields": {"c2": "C2 NORTE", "alcaldia": "IZTACALCO", "sector": "TLACOTAL", "colonia": "RAMOS MILLAN Y CUCHILLA RAMOS MILLAN"}}, {"model": "folios.ubicacion", "pk": 1258, "fields": {"c2": "C2 NORTE", "alcaldia": "IZTACALCO", "sector": "TLACOTAL", "colonia": "TLAZINTLA BARRIO"}}, {"model": "folios.ubicacion", "pk": 1259, "fields": {"c2": "C2 NORTE", "alcaldia": "IZTACALCO", "sector": "TLACOTAL", "colonia": "UNIDAD MUJERES ILUSTRES"}}, {"model": "folios.ubicacion", "pk": 1260, "fields": {"c2": "C2 NORTE", "alcaldia": "VENUSTIANO CARRANZA", "sector": "ARENAL", "colonia": "1A SECC. EL ARENAL"}}, {"model": "folios.ubicacion", "pk": 1261, "fields": {"c2": "C2 NORTE", "alcaldia": "VENUSTIANO CARRANZA", "sector": "ARENAL", "colonia": "2A SECC. EL ARENAL"}}, {"model": "folios.ubicacion", "pk": 1262, "fields": {"c2": "C2 NORTE", "alcaldia": "VENUSTIANO CARRANZA", "sector": "ARENAL", "colonia": "3A SECC. EL ARENAL"}}, {"model": "folios.ubicacion", "pk": 1263, "fields": {"c2": "C2 NORTE", "alcaldia": "VENUSTIANO CARRANZA", "sector": "ARENAL", "colonia": "4A SECC. EL ARENAL"}}, {"model": "folios.ubicacion", "pk": 1264, "fields": {"c2": "C2 NORTE", "alcaldia": "VENUSTIANO CARRANZA", "sector": "ARENAL", "colonia": "ADOLFO LOPEZ MATEOS"}}, {"model": "folios.ubicacion", "pk": 1265, "fields": {"c2": "C2 NORTE", "alcaldia": "VENUSTIANO CARRANZA", "sector": "ARENAL", "colonia": "AMPL AVIACION CIVIL"}}, {"model": "folios.ubicacion", "pk": 1266, "fields": {"c2": "C2 NORTE", "alcaldia": "VENUSTIANO CARRANZA", "sector": "ARENAL", "colonia": "AMPL EL CARACOL"}}, {"model": "folios.ubicacion", "pk": 1267, "fields": {"c2": "C2 NORTE", "alcaldia": "VENUSTIANO CARRANZA", "sector": "ARENAL", "colonia": "CUATRO ARBOLES"}}, {"model": "folios.ubicacion", "pk": 1268, "fields": {"c2": "C2 NORTE", "alcaldia": "VENUSTIANO CARRANZA", "sector": "ARENAL", "colonia": "CUCHILLA PANTITLAN"}}, {"model": "folios.ubicacion", "pk": 1269, "fields": {"c2": "C2 NORTE", "alcaldia": "VENUSTIANO CARRANZA", "sector": "ARENAL", "colonia": "EL CARACOL"}}, {"model": "folios.ubicacion", "pk": 1270, "fields": {"c2": "C2 NORTE", "alcaldia": "VENUSTIANO CARRANZA", "sector": "ARENAL", "colonia": "PUEBLA"}}, {"model": "folios.ubicacion", "pk": 1271, "fields": {"c2": "C2 NORTE", "alcaldia": "VENUSTIANO CARRANZA", "sector": "ARENAL", "colonia": "U.H. FIVIPORT"}}, {"model": "folios.ubicacion", "pk": 1272, "fields": {"c2": "C2 NORTE", "alcaldia": "VENUSTIANO CARRANZA", "sector": "BALBUENA MERCED", "colonia": "24 DE ABRIL"}}, {"model": "folios.ubicacion", "pk": 1273, "fields": {"c2": "C2 NORTE", "alcaldia": "VENUSTIANO CARRANZA", "sector": "BALBUENA MERCED", "colonia": "AARON SAENZ"}}, {"model": "folios.ubicacion", "pk": 1274, "fields": {"c2": "C2 NORTE", "alcaldia": "VENUSTIANO CARRANZA", "sector": "BALBUENA MERCED", "colonia": "ALVARO OBREGON"}}, {"model": "folios.ubicacion", "pk": 1275, "fields": {"c2": "C2 NORTE", "alcaldia": "VENUSTIANO CARRANZA", "sector": "BALBUENA MERCED", "colonia": "ARTES GRAFICAS"}}, {"model": "folios.ubicacion", "pk": 1276, "fields": {"c2": "C2 NORTE", "alcaldia": "VENUSTIANO CARRANZA", "sector": "BALBUENA MERCED", "colonia": "EL PARQUE"}}, {"model": "folios.ubicacion", "pk": 1277, "fields": {"c2": "C2 NORTE", "alcaldia": "VENUSTIANO CARRANZA", "sector": "BALBUENA MERCED", "colonia": "JAMAICA"}}, {"model": "folios.ubicacion", "pk": 1278, "fields": {"c2": "C2 NORTE", "alcaldia": "VENUSTIANO CARRANZA", "sector": "BALBUENA MERCED", "colonia": "JARDIN BALBUENA"}}, {"model": "folios.ubicacion", "pk": 1279, "fields": {"c2": "C2 NORTE", "alcaldia": "VENUSTIANO CARRANZA", "sector": "BALBUENA MERCED", "colonia": "LORENZO BOTURINI"}}, {"model": "folios.ubicacion", "pk": 1280, "fields": {"c2": "C2 NORTE", "alcaldia": "VENUSTIANO CARRANZA", "sector": "BALBUENA MERCED", "colonia": "MAGDALENA MIXHUCA COLONIA"}}, {"model": "folios.ubicacion", "pk": 1281, "fields": {"c2": "C2 NORTE", "alcaldia": "VENUSTIANO CARRANZA", "sector": "BALBUENA MERCED", "colonia": "MAGDALENA MIXHUCA PUEBLO"}}, {"model": "folios.ubicacion", "pk": 1282, "fields": {"c2": "C2 NORTE", "alcaldia": "VENUSTIANO CARRANZA", "sector": "BALBUENA MERCED", "colonia": "MERCED BALBUENA"}}, {"model": "folios.ubicacion", "pk": 1283, "fields": {"c2": "C2 NORTE", "alcaldia": "VENUSTIANO CARRANZA", "sector": "BALBUENA MERCED", "colonia": "MOCTEZUMA 1A SECC."}}, {"model": "folios.ubicacion", "pk": 1284, "fields": {"c2": "C2 NORTE", "alcaldia": "VENUSTIANO CARRANZA", "sector": "BALBUENA MERCED", "colonia": "SEVILLA"}}, {"model": "folios.ubicacion", "pk": 1285, "fields": {"c2": "C2 NORTE", "alcaldia": "VENUSTIANO CARRANZA", "sector": "CONGRESO", "colonia": "10 DE MAYO"}}, {"model": "folios.ubicacion", "pk": 1286, "fields": {"c2": "C2 NORTE", "alcaldia": "VENUSTIANO CARRANZA", "sector": "CONGRESO", "colonia": "AERONAUTICA MILITAR"}}, {"model": "folios.ubicacion", "pk": 1287, "fields": {"c2": "C2 NORTE", "alcaldia": "VENUSTIANO CARRANZA", "sector": "CONGRESO", "colonia": "AMPL 7 DE JULIO"}}, {"model": "folios.ubicacion", "pk": 1288, "fields": {"c2": "C2 NORTE", "alcaldia": "VENUSTIANO CARRANZA", "sector": "CONGRESO", "colonia": "AMPL PENITENCIARIA"}}, {"model": "folios.ubicacion", "pk": 1289, "fields": {"c2": "C2 NORTE", "alcaldia": "VENUSTIANO CARRANZA", "sector": "CONGRESO", "colonia": "MADERO PROGRESISTA"}}, {"model": "folios.ubicacion", "pk": 1290, "fields": {"c2": "C2 NORTE", "alcaldia": "VENUSTIANO CARRANZA", "sector": "CONGRESO", "colonia": "MERCED ZONA CENTRO"}}, {"model": "folios.ubicacion", "pk": 1291, "fields": {"c2": "C2 NORTE", "alcaldia": "VENUSTIANO CARRANZA", "sector": "CONSULADO", "colonia": "AMPL 20 DE NOVIEMBRE"}}, {"model": "folios.ubicacion", "pk": 1292, "fields": {"c2": "C2 NORTE", "alcaldia": "VENUSTIANO CARRANZA", "sector": "CONSULADO", "colonia": "AMPL MICHOACANA"}}, {"model": "folios.ubicacion", "pk": 1293, "fields": {"c2": "C2 NORTE", "alcaldia": "VENUSTIANO CARRANZA", "sector": "CONSULADO", "colonia": "AZTECA"}}, {"model": "folios.ubicacion", "pk": 1294, "fields": {"c2": "C2 NORTE", "alcaldia": "VENUSTIANO CARRANZA", "sector": "CONSULADO", "colonia": "EMILIANO CARRANZA"}}, {"model": "folios.ubicacion", "pk": 1295, "fields": {"c2": "C2 NORTE", "alcaldia": "VENUSTIANO CARRANZA", "sector": "CONSULADO", "colonia": "FELIPE ANGELES"}}, {"model": "folios.ubicacion", "pk": 1296, "fields": {"c2": "C2 NORTE", "alcaldia": "VENUSTIANO CARRANZA", "sector": "CONSULADO", "colonia": "JANITZIO"}}, {"model": "folios.ubicacion", "pk": 1297, "fields": {"c2": "C2 NORTE", "alcaldia": "VENUSTIANO CARRANZA", "sector": "CONSULADO", "colonia": "MORELOS"}}, {"model": "folios.ubicacion", "pk": 1298, "fields": {"c2": "C2 NORTE", "alcaldia": "VENUSTIANO CARRANZA", "sector": "CONSULADO", "colonia": "NICOLAS BRAVO"}}, {"model": "folios.ubicacion", "pk": 1299, "fields": {"c2": "C2 NORTE", "alcaldia": "VENUSTIANO CARRANZA", "sector": "CONSULADO", "colonia": "POPULAR RASTRO"}}, {"model": "folios.ubicacion", "pk": 1300, "fields": {"c2": "C2 NORTE", "alcaldia": "VENUSTIANO CARRANZA", "sector": "CONSULADO", "colonia": "VALLE GOMEZ"}}, {"model": "folios.ubicacion", "pk": 1301, "fields": {"c2": "C2 NORTE", "alcaldia": "VENUSTIANO CARRANZA", "sector": "CONSULADO", "colonia": "VENUSTIANO CARRANZA"}}, {"model": "folios.ubicacion", "pk": 1302, "fields": {"c2": "C2 NORTE", "alcaldia": "VENUSTIANO CARRANZA", "sector": "MOCTEZUMA", "colonia": "1° DE MAYO"}}, {"model": "folios.ubicacion", "pk": 1303, "fields": {"c2": "C2 NORTE", "alcaldia": "VENUSTIANO CARRANZA", "sector": "MOCTEZUMA", "colonia": "20 DE NOVIEMBRE"}}, {"model": "folios.ubicacion", "pk": 1304, "fields": {"c2": "C2 NORTE", "alcaldia": "VENUSTIANO CARRANZA", "sector": "MOCTEZUMA", "colonia": "5° TRAMO DE 20 DE NOVIEMBRE"}}, {"model": "folios.ubicacion", "pk": 1305, "fields": {"c2": "C2 NORTE", "alcaldia": "VENUSTIANO CARRANZA", "sector": "MOCTEZUMA", "colonia": "AMPL VENUSTIANO CARRANZA"}}, {"model": "folios.ubicacion", "pk": 1306, "fields": {"c2": "C2 NORTE", "alcaldia": "VENUSTIANO CARRANZA", "sector": "MOCTEZUMA", "colonia": "AQUILES SERDAN"}}, {"model": "folios.ubicacion", "pk": 1307, "fields": {"c2": "C2 NORTE", "alcaldia": "VENUSTIANO CARRANZA", "sector": "MOCTEZUMA", "colonia": "DAMIAN CARMONA"}}, {"model": "folios.ubicacion", "pk": 1308, "fields": {"c2": "C2 NORTE", "alcaldia": "VENUSTIANO CARRANZA", "sector": "MOCTEZUMA", "colonia": "MIGUEL HIDALGO REVOLUCION"}}, {"model": "folios.ubicacion", "pk": 1309, "fields": {"c2": "C2 NORTE", "alcaldia": "VENUSTIANO CARRANZA", "sector": "MOCTEZUMA", "colonia": "MOCTEZUMA 2A SECC"}}, {"model": "folios.ubicacion", "pk": 1310, "fields": {"c2": "C2 NORTE", "alcaldia": "VENUSTIANO CARRANZA", "sector": "MOCTEZUMA", "colonia": "PENSADOR MEXICANO"}}, {"model": "folios.ubicacion", "pk": 1311, "fields": {"c2": "C2 NORTE", "alcaldia": "VENUSTIANO CARRANZA", "sector": "MOCTEZUMA", "colonia": "PEOÑN DE LOS BAÑOS"}}, {"model": "folios.ubicacion", "pk": 1312, "fields": {"c2": "C2 NORTE", "alcaldia": "VENUSTIANO CARRANZA", "sector": "MOCTEZUMA", "colonia": "ROMERO RUBIO"}}, {"model": "folios.ubicacion", "pk": 1313, "fields": {"c2": "C2 NORTE", "alcaldia": "VENUSTIANO CARRANZA", "sector": "MOCTEZUMA", "colonia": "SIMON BOLIVAR"}}, {"model": "folios.ubicacion", "pk": 1314, "fields": {"c2": "C2 NORTE", "alcaldia": "VENUSTIANO CARRANZA", "sector": "ZARAGOZA", "colonia": "FEDERAL"}}, {"model": "folios.ubicacion", "pk": 1315, "fields": {"c2": "C2 NORTE", "alcaldia": "VENUSTIANO CARRANZA", "sector": "ZARAGOZA", "colonia": "FRACC INDUSTRIAL PUERTO AEREO"}}, {"model": "folios.ubicacion", "pk": 1316, "fields": {"c2": "C2 NORTE", "alcaldia": "VENUSTIANO CARRANZA", "sector": "ZARAGOZA", "colonia": "IGNACIO ZARAGOZA"}}, {"model": "folios.ubicacion", "pk": 1317, "fields": {"c2": "C2 NORTE", "alcaldia": "VENUSTIANO CARRANZA", "sector": "ZARAGOZA", "colonia": "STA CRUZ AVIACION"}}, {"model": "folios.ubicacion", "pk": 1318, "fields": {"c2": "C2 NORTE", "alcaldia": "VENUSTIANO CARRANZA", "sector": "ZARAGOZA", "colonia": "V GOMEZ FARIAS"}}, {"model": "folios.ubicacion", "pk": 1319, "fields": {"c2": "ORIENTE", "alcaldia": "IZTAPALAPA", "sector": "CHURUBUSCO", "colonia": "MODELO"}}, {"model": "folios.ubicacion", "pk": 1320, "fields": {"c2": "CEDA", "alcaldia": "IZTAPALAPA", "sector": "ABASTO - REFORMA", "colonia": "CENTRAL DE ABASTO"}}, {"model": "folios.ubicacion", "pk": 1321, "fields": {"c2": "ORIENTE", "alcaldia": "IZTAPALAPA", "sector": "SANTA CRUZ", "colonia": "ABRAHAM GONZÁLEZ"}}, {"model": "folios.ubicacion", "pk": 1322, "fields": {"c2": "ORIENTE", "alcaldia": "IZTAPALAPA", "sector": "ABASTO - REFORMA", "colonia": "EL GAVILÁN"}}, {"model": "folios.ubicacion", "pk": 1323, "fields": {"c2": "SUR", "alcaldia": "TLALAPN", "sector": "COAPA", "colonia": "COAPA"}}, {"model": "folios.ubicacion", "pk": 1324, "fields": {"c2": "C2 oriente", "alcaldia": "Iztapalapa", "sector": "Abasto", "colonia": "San Lucas"}}, {"model": "folios.ubicacion", "pk": 1325, "fields": {"c2": "ORIENTE", "alcaldia": "TLÁHUAC", "sector": "MIXQUIC", "colonia": "LA CONCEPCIÓN"}}, {"model": "folios.ubicacion", "pk": 1326, "fields": {"c2": "ORIENTE", "alcaldia": "IZTAPALAPA", "sector": "TAXQUEÑA", "colonia": "CACAMA"}}, {"model": "folios.ubicacion", "pk": 1327, "fields": {"c2": "SUR", "alcaldia": "TLALAPN", "sector": "COAPA", "colonia": "RINCÓN DE SAN JUAN"}}, {"model": "folios.ubicacion", "pk": 1328, "fields": {"c2": "ORIENTE", "alcaldia": "IZTAPALAPA", "sector": "TEZONCO", "colonia": "SAN LORENZO TEZONCO"}}, {"model": "folios.ubicacion", "pk": 1329, "fields": {"c2": "PONIENTE", "alcaldia": "AZCAPOTZALCO", "sector": "HORMIGA", "colonia": "EL ROSARIO"}}, {"model": "noticias.medio", "pk": 1, "fields": {"nombre": "Periódico"}}, {"model": "noticias.medio", "pk": 2, "fields": {"nombre": "Radio"}}, {"model": "noticias.medio", "pk": 3, "fields": {"nombre": "TV"}}, {"model": "noticias.medio", "pk": 4, "fields": {"nombre": "Red Social"}}, {"model": "noticias.canal", "pk": 1, "fields": {"nombre": "40.1"}}, {"model": "noticias.canal", "pk": 2, "fields": {"nombre": "125 IZZI"}}, {"model": "noticias.canal", "pk": 3, "fields": {"nombre": "Canal 28"}}, {"model": "noticias.canal", "pk": 4, "fields": {"nombre": "Canal 4"}}, {"model": "noticias.canal", "pk": 5, "fields": {"nombre": "3.1"}}, {"model": "noticias.canal", "pk": 6, "fields": {"nombre": "120 IZZI"}}, {"model": "noticias.canal", "pk": 7, "fields": {"nombre": "11.1"}}, {"model": "noticias.canal", "pk": 8, "fields": {"nombre": "Canal 6"}}, {"model": "noticias.canal", "pk": 9, "fields": {"nombre": "2.1"}}, {"model": "noticias.canal", "pk": 10, "fields": {"nombre": "4.1"}}, {"model": "noticias.canal", "pk": 11, "fields": {"nombre": "1.1"}}, {"model": "noticias.canal", "pk": 12, "fields": {"nombre": "7.1"}}, {"model": "noticias.estacion", "pk": 1, "fields": {"nombre": "88.9"}}, {"model": "noticias.estacion", "pk": 2, "fields": {"nombre": "103.3"}}, {"model": "noticias.estacion", "pk": 3, "fields": {"nombre": "104.1"}}, {"model": "noticias.estacion", "pk": 4, "fields": {"nombre": "90.5"}}, {"model": "noticias.estacion", "pk": 5, "fields": {"nombre": "96.9"}}, {"model": "noticias.estacion", "pk": 6, "fields": {"nombre": "102.5"}}, {"model": "noticias.estacion", "pk": 7, "fields": {"nombre": "1110 AM"}}, {"model": "noticias.estacion", "pk": 8, "fields": {"nombre": "790 AM"}}, {"model": "noticias.estacion", "pk": 9, "fields": {"nombre": "1150 AM"}}, {"model": "noticias.estacion", "pk": 10, "fields": {"nombre": "92.1 FM"}}, {"model": "noticias.programaradio", "pk": 1, "fields": {"nombre": "Si Me Dicen No Vengo"}}, {"model": "noticias.programaradio", "pk": 2, "fields": {"nombre": "Es la Hora de Opinar"}}, {"model": "noticias.programaradio", "pk": 3, "fields": {"nombre": "Foro Global"}}, {"model": "noticias.programaradio", "pk": 4, "fields": {"nombre": "Las Noticias de las 23:30"}}, {"model": "noticias.programaradio", "pk": 5, "fields": {"nombre": "Las Noticias de las 08:00"}}, {"model": "noticias.programaradio", "pk": 6, "fields": {"nombre": "Sábados de Foro"}}, {"model": "noticias.programaradio", "pk": 7, "fields": {"nombre": "Las Noticias"}}, {"model": "noticias.programaradio", "pk": 8, "fields": {"nombre": "Las Noticias de las 21:00"}}, {"model": "noticias.programaradio", "pk": 9, "fields": {"nombre": "Hechos A.M."}}, {"model": "noticias.programaradio", "pk": 10, "fields": {"nombre": "Hechos Meridiano"}}, {"model": "noticias.programaradio", "pk": 11, "fields": {"nombre": "Hechos Noche"}}, {"model": "noticias.programaradio", "pk": 12, "fields": {"nombre": "México en Alerta"}}, {"model": "noticias.programaradio", "pk": 13, "fields": {"nombre": "Hechos Sábado"}}, {"model": "noticias.programaradio", "pk": 14, "fields": {"nombre": "A Quién Corresponda"}}, {"model": "noticias.programaradio", "pk": 15, "fields": {"nombre": "Panorama Informativo"}}, {"model": "noticias.programaradio", "pk": 16, "fields": {"nombre": "Qué tal Fernanda"}}, {"model": "noticias.programaradio", "pk": 17, "fields": {"nombre": "Iñaki Manero"}}, {"model": "noticias.programaradio", "pk": 18, "fields": {"nombre": "En los Tiempos de la Radio"}}, {"model": "noticias.programaradio", "pk": 19, "fields": {"nombre": "López Dóriga"}}, {"model": "noticias.programaradio", "pk": 20, "fields": {"nombre": "Eduardo Ruiz Healy"}}, {"model": "noticias.programaradio", "pk": 21, "fields": {"nombre": "José Cárdenas Informa"}}, {"model": "noticias.programaradio", "pk": 22, "fields": {"nombre": "Tiempo Extra"}}, {"model": "noticias.programaradio", "pk": 23, "fields": {"nombre": "Detrás de la Noticia"}}, {"model": "noticias.programaradio", "pk": 24, "fields": {"nombre": "Ciro por la mañana"}}, {"model": "noticias.programaradio", "pk": 25, "fields": {"nombre": "Atando Cabos"}}, {"model": "noticias.programaradio", "pk": 26, "fields": {"nombre": "Paola Rojas en Fórmula"}}, {"model": "noticias.programaradio", "pk": 27, "fields": {"nombre": "Contraportada"}}, {"model": "noticias.programaradio", "pk": 28, "fields": {"nombre": "Leonardo Curzio en Fórmula"}}, {"model": "noticias.programaradio", "pk": 29, "fields": {"nombre": "En Fórmula con Enrique Muñoz"}}, {"model": "noticias.programaradio", "pk": 30, "fields": {"nombre": "De Madrugada"}}, {"model": "noticias.programaradio", "pk": 31, "fields": {"nombre": "Imagen Informativa 1a emisión"}}, {"model": "noticias.programaradio", "pk": 32, "fields": {"nombre": "Imagen Informativa 2a emisión"}}, {"model": "noticias.programaradio", "pk": 33, "fields": {"nombre": "Imagen Informativa 3a emisión"}}, {"model": "noticias.programaradio", "pk": 34, "fields": {"nombre": "Ya cierra"}}, {"model": "noticias.programaradio", "pk": 35, "fields": {"nombre": "Las Noticias de las 5"}}, {"model": "noticias.programaradio", "pk": 36, "fields": {"nombre": "Así las cosas"}}, {"model": "noticias.programaradio", "pk": 37, "fields": {"nombre": "Martha Debayle en W"}}, {"model": "noticias.programaradio", "pk": 38, "fields": {"nombre": "Triple W"}}, {"model": "noticias.programaradio", "pk": 39, "fields": {"nombre": "En Buena Onda"}}, {"model": "noticias.programaradio", "pk": 40, "fields": {"nombre": "El Weso"}}, {"model": "noticias.programaradio", "pk": 41, "fields": {"nombre": "Hora 25"}}, {"model": "noticias.programaradio", "pk": 42, "fields": {"nombre": "Antes del Amancer"}}, {"model": "noticias.programaradio", "pk": 43, "fields": {"nombre": "Noticias MS"}}, {"model": "noticias.programaradio", "pk": 44, "fields": {"nombre": "A Todo Terreno"}}, {"model": "noticias.programaradio", "pk": 45, "fields": {"nombre": "Mesa para Todos"}}, {"model": "noticias.programaradio", "pk": 46, "fields": {"nombre": "Noticias MVS"}}, {"model": "noticias.programaradio", "pk": 47, "fields": {"nombre": "Charros vs Gangsters"}}, {"model": "noticias.programaradio", "pk": 48, "fields": {"nombre": "La Red de Radio Red"}}, {"model": "noticias.programaradio", "pk": 49, "fields": {"nombre": "Formato 21 matutino"}}, {"model": "noticias.programaradio", "pk": 50, "fields": {"nombre": "De 1 a 3"}}, {"model": "noticias.programaradio", "pk": 51, "fields": {"nombre": "Formato 21 vespertino"}}, {"model": "noticias.programaradio", "pk": 52, "fields": {"nombre": "F21 Nocturno"}}, {"model": "noticias.programaradio", "pk": 53, "fields": {"nombre": "F21 Madrugada"}}, {"model": "noticias.programatv", "pk": 1, "fields": {"nombre": "Así Amanece"}}, {"model": "noticias.programatv", "pk": 2, "fields": {"nombre": "Es de Mañana"}}, {"model": "noticias.programatv", "pk": 3, "fields": {"nombre": "Noticias de ida y vuelta"}}, {"model": "noticias.programatv", "pk": 4, "fields": {"nombre": "Es Noticia"}}, {"model": "noticias.programatv", "pk": 5, "fields": {"nombre": "Noticias todo el Tiempo"}}, {"model": "noticias.programatv", "pk": 6, "fields": {"nombre": "Lo Que No Se Dijo"}}, {"model": "noticias.programatv", "pk": 7, "fields": {"nombre": "Efekto Noticias Todo el Tiempo"}}, {"model": "noticias.programatv", "pk": 8, "fields": {"nombre": "Capital a Debate"}}, {"model": "noticias.programatv", "pk": 9, "fields": {"nombre": "Titulares de la mañana"}}, {"model": "noticias.programatv", "pk": 10, "fields": {"nombre": "Las Noticias de las 5:00 Hrs."}}, {"model": "noticias.programatv", "pk": 11, "fields": {"nombre": "Estrictamente personal"}}, {"model": "noticias.programatv", "pk": 12, "fields": {"nombre": "Expreso de la mañana"}}, {"model": "noticias.programatv", "pk": 13, "fields": {"nombre": "Por las mañanas"}}, {"model": "noticias.programatv", "pk": 14, "fields": {"nombre": "Paralelo 23"}}, {"model": "noticias.programatv", "pk": 15, "fields": {"nombre": "En la mira"}}, {"model": "noticias.programatv", "pk": 16, "fields": {"nombre": "Noticias MX"}}, {"model": "noticias.programatv", "pk": 17, "fields": {"nombre": "A las 3"}}, {"model": "noticias.programatv", "pk": 18, "fields": {"nombre": "Noticias de las 16:00 Hrs."}}, {"model": "noticias.programatv", "pk": 19, "fields": {"nombre": "Noticias de las 17:00 Hrs."}}, {"model": "noticias.programatv", "pk": 20, "fields": {"nombre": "Noticias de las 18:00 Hrs."}}, {"model": "noticias.programatv", "pk": 21, "fields": {"nombre": "Noticias de las 19:00 Hrs."}}, {"model": "noticias.programatv", "pk": 22, "fields": {"nombre": "Noticias de las 20:00 Hrs."}}, {"model": "noticias.programatv", "pk": 23, "fields": {"nombre": "Hora 21"}}, {"model": "noticias.programatv", "pk": 24, "fields": {"nombre": "Es la hora de opinar"}}, {"model": "noticias.programatv", "pk": 25, "fields": {"nombre": "Las noticias"}}, {"model": "noticias.programatv", "pk": 26, "fields": {"nombre": "Imagen Noticias con Francisco Zea"}}, {"model": "noticias.programatv", "pk": 27, "fields": {"nombre": "Imagen Noticias con Yuridia Sierra"}}, {"model": "noticias.programatv", "pk": 28, "fields": {"nombre": "Imagen Noticias con Ciro Gómez Leyva"}}, {"model": "noticias.programatv", "pk": 29, "fields": {"nombre": "Noticias"}}, {"model": "noticias.programatv", "pk": 30, "fields": {"nombre": "Milenio Noticias"}}, {"model": "noticias.programatv", "pk": 31, "fields": {"nombre": "Milenio Noticias de la Noche"}}, {"model": "noticias.programatv", "pk": 32, "fields": {"nombre": "Con Puig a las Diez"}}, {"model": "noticias.programatv", "pk": 33, "fields": {"nombre": "Once Noticias Matutino"}}, {"model": "noticias.programatv", "pk": 34, "fields": {"nombre": "Once Noticias"}}, {"model": "noticias.programatv", "pk": 35, "fields": {"nombre": "Once Noticias Nocturno"}}, {"model": "noticias.programatv", "pk": 36, "fields": {"nombre": "Telediario"}}, {"model": "noticias.programatv", "pk": 37, "fields": {"nombre": "Las Noticias con Danielle Dithurbide"}}, {"model": "noticias.programatv", "pk": 38, "fields": {"nombre": "Despierta con Loret"}}, {"model": "noticias.programatv", "pk": 39, "fields": {"nombre": "Al aire"}}, {"model": "noticias.programatv", "pk": 40, "fields": {"nombre": "El Noticiero con Karla Iberia"}}, {"model": "noticias.programatv", "pk": 41, "fields": {"nombre": "En Punto"}}, {"model": "noticias.programatv", "pk": 42, "fields": {"nombre": "Tercer Grado"}}, {"model": "noticias.programatv", "pk": 43, "fields": {"nombre": "Las Noticias de las 05:00"}}, {"model": "noticias.programatv", "pk": 44, "fields": {"nombre": "Matutino Express"}}, {"model": "noticias.programatv", "pk": 45, "fields": {"nombre": "Las Noticias de las 14:30"}}, {"model": "noticias.programatv", "pk": 46, "fields": {"nombre": "Las Noticias de las 16:30"}}, {"model": "noticias.programatv", "pk": 47, "fields": {"nombre": "Las Noticias de las 17:00"}}, {"model": "noticias.programatv", "pk": 48, "fields": {"nombre": "Las Noticias de las 18:00"}}, {"model": "noticias.programatv", "pk": 49, "fields": {"nombre": "En una hora"}}, {"model": "noticias.programatv", "pk": 50, "fields": {"nombre": "Agenda P·blica"}}, {"model": "noticias.programatv", "pk": 51, "fields": {"nombre": "Buenos Días Metrópoli"}}, {"model": "noticias.redsocial", "pk": 1, "fields": {"nombre": "Twitter"}}, {"model": "noticias.redsocial", "pk": 2, "fields": {"nombre": "Facebook"}}, {"model": "noticias.redsocial", "pk": 3, "fields": {"nombre": "Instagram"}}, {"model": "noticias.periodico", "pk": 1, "fields": {"nombre": "Heraldo"}}, {"model": "noticias.periodico", "pk": 2, "fields": {"nombre": "Excélsior"}}, {"model": "noticias.periodico", "pk": 3, "fields": {"nombre": "Milenio"}}, {"model": "noticias.periodico", "pk": 4, "fields": {"nombre": "El Financiero"}}, {"model": "noticias.periodico", "pk": 5, "fields": {"nombre": "El Informador"}}, {"model": "noticias.periodico", "pk": 6, "fields": {"nombre": "24 Horas"}}, {"model": "noticias.periodico", "pk": 7, "fields": {"nombre": "El Sol de México"}}, {"model": "noticias.periodico", "pk": 8, "fields": {"nombre": "La Jornada"}}, {"model": "noticias.periodico", "pk": 9, "fields": {"nombre": "Ovaciones"}}, {"model": "noticias.periodico", "pk": 10, "fields": {"nombre": "La Prensa"}}, {"model": "noticias.periodico", "pk": 11, "fields": {"nombre": "Uno TV"}}, {"model": "noticias.periodico", "pk": 12, "fields": {"nombre": "Reforma"}}, {"model": "noticias.periodico", "pk": 13, "fields": {"nombre": "Crónica"}}, {"model": "noticias.periodico", "pk": 14, "fields": {"nombre": "Publimetro"}}, {"model": "noticias.periodico", "pk": 15, "fields": {"nombre": "Unomásuno"}}, {"model": "noticias.periodico", "pk": 16, "fields": {"nombre": "El Universal"}}, {"model": "noticias.periodico", "pk": 17, "fields": {"nombre": "El Gráfico"}}, {"model": "noticias.periodico", "pk": 18, "fields": {"nombre": "La Razón"}}, {"model": "noticias.periodico", "pk": 19, "fields": {"nombre": "El Heraldo"}}, {"model": "noticias.periodico", "pk": 20, "fields": {"nombre": "Letra Roja"}}, {"model": "noticias.periodico", "pk": 21, "fields": {"nombre": "ContraRéplica"}}, {"model": "noticias.periodico", "pk": 22, "fields": {"nombre": "El Economista"}}, {"model": "noticias.periodico", "pk": 23, "fields": {"nombre": "Reporte ═ndigo"}}, {"model": "noticias.periodico", "pk": 24, "fields": {"nombre": "Animal Político"}}, {"model": "noticias.periodico", "pk": 25, "fields": {"nombre": "Eje Central"}}, {"model": "noticias.periodico", "pk": 26, "fields": {"nombre": "Nación 321"}}, {"model": "noticias.periodico", "pk": 27, "fields": {"nombre": "Proceso"}}, {"model": "noticias.periodico", "pk": 28, "fields": {"nombre": "El Big Data"}}, {"model": "noticias.periodico", "pk": 29, "fields": {"nombre": "Quadratin"}}, {"model": "noticias.periodico", "pk": 30, "fields": {"nombre": "MVS Noticias"}}, {"model": "noticias.periodico", "pk": 31, "fields": {"nombre": "El País"}}, {"model": "noticias.periodico", "pk": 32, "fields": {"nombre": "Político México"}}, {"model": "noticias.periodico", "pk": 33, "fields": {"nombre": "La Silla Rota"}}, {"model": "noticias.periodico", "pk": 34, "fields": {"nombre": "Multimedios"}}, {"model": "noticias.periodico", "pk": 35, "fields": {"nombre": "Telediario MX"}}, {"model": "noticias.periodico", "pk": 36, "fields": {"nombre": "Datanoticias"}}, {"model": "noticias.periodico", "pk": 37, "fields": {"nombre": "Periódico Leo"}}, {"model": "noticias.periodico", "pk": 38, "fields": {"nombre": "Transponder 1200"}}, {"model": "noticias.periodico", "pk": 39, "fields": {"nombre": "Paco Zea"}}, {"model": "noticias.periodico", "pk": 40, "fields": {"nombre": "Zócalo"}}, {"model": "noticias.periodico", "pk": 41, "fields": {"nombre": "Diario de México"}}, {"model": "noticias.periodico", "pk": 42, "fields": {"nombre": "Al Momento"}}, {"model": "noticias.periodico", "pk": 43, "fields": {"nombre": "Linea Directa"}}, {"model": "noticias.periodico", "pk": 44, "fields": {"nombre": "Head Topics"}}, {"model": "noticias.periodico", "pk": 45, "fields": {"nombre": "El Mañana"}}, {"model": "noticias.periodico", "pk": 46, "fields": {"nombre": "El Democrata"}}, {"model": "noticias.periodico", "pk": 47, "fields": {"nombre": "López Dóriga"}}, {"model": "noticias.periodico", "pk": 48, "fields": {"nombre": "El Debate"}}, {"model": "noticias.periodico", "pk": 49, "fields": {"nombre": "Cosmopolitico"}}, {"model": "noticias.periodico", "pk": 50, "fields": {"nombre": "Revolución 3.0"}}, {"model": "noticias.periodico", "pk": 51, "fields": {"nombre": "El Ceo"}}, {"model": "noticias.periodico", "pk": 52, "fields": {"nombre": "Diario TI"}}, {"model": "noticias.periodico", "pk": 53, "fields": {"nombre": "Chilango"}}, {"model": "noticias.periodico", "pk": 54, "fields": {"nombre": "Cuadernos de Seguridad"}}, {"model": "noticias.periodico", "pk": 55, "fields": {"nombre": "Sinembargo"}}, {"model": "noticias.periodico", "pk": 56, "fields": {"nombre": "Expansión Política"}}, {"model": "noticias.periodico", "pk": 57, "fields": {"nombre": "ACUSTIK Noticias"}}, {"model": "noticias.periodico", "pk": 58, "fields": {"nombre": "TV Turquesa News"}}, {"model": "noticias.periodico", "pk": 59, "fields": {"nombre": "Cultura Colectiva"}}, {"model": "noticias.periodico", "pk": 60, "fields": {"nombre": "STM Noticias"}}, {"model": "noticias.periodico", "pk": 61, "fields": {"nombre": "MNS Noticias"}}, {"model": "noticias.periodico", "pk": 62, "fields": {"nombre": "De México Huellas"}}, {"model": "noticias.periodico", "pk": 63, "fields": {"nombre": "Televisa Noticias"}}, {"model": "noticias.periodico", "pk": 64, "fields": {"nombre": "LatinUS"}}, {"model": "noticias.periodico", "pk": 65, "fields": {"nombre": "Capital México"}}, {"model": "noticias.periodico", "pk": 66, "fields": {"nombre": "ADN40"}}, {"model": "noticias.periodico", "pk": 67, "fields": {"nombre": "Noticias por el Mundo"}}, {"model": "noticias.periodico", "pk": 68, "fields": {"nombre": "Forbes México"}}, {"model": "noticias.periodico", "pk": 69, "fields": {"nombre": "C4 Noticias MX"}}, {"model": "noticias.periodico", "pk": 70, "fields": {"nombre": "SDP Noticias"}}, {"model": "noticias.tema", "pk": 1, "fields": {"nombre": "C5"}}, {"model": "noticias.tema", "pk": 2, "fields": {"nombre": "911"}}, {"model": "noticias.tema", "pk": 3, "fields": {"nombre": "MARCHAS Y BLOQUEOS"}}, {"model": "noticias.tema", "pk": 4, "fields": {"nombre": "JEFA DE GOBIERNO"}}, {"model": "noticias.tema", "pk": 5, "fields": {"nombre": "OTROS"}}, {"model": "noticias.tema", "pk": 6, "fields": {"nombre": "EMERGENCIAS Y SEGURIDAD"}}, {"model": "noticias.subtema", "pk": 1, "fields": {"nombre": "Alerta Amber"}}, {"model": "noticias.subtema", "pk": 2, "fields": {"nombre": "AMLO"}}, {"model": "noticias.subtema", "pk": 3, "fields": {"nombre": "Atención prehospitalaria (ambulancias)"}}, {"model": "noticias.subtema", "pk": 4, "fields": {"nombre": "Atentados en estados y países"}}, {"model": "noticias.subtema", "pk": 5, "fields": {"nombre": "Bloqueo"}}, {"model": "noticias.subtema", "pk": 6, "fields": {"nombre": "Botón auxilio"}}, {"model": "noticias.subtema", "pk": 7, "fields": {"nombre": "Captado por cámaras"}}, {"model": "noticias.subtema", "pk": 8, "fields": {"nombre": "Claudia Sheinbaum"}}, {"model": "noticias.subtema", "pk": 9, "fields": {"nombre": "Concentración"}}, {"model": "noticias.subtema", "pk": 10, "fields": {"nombre": "Damnificados del sismo"}}, {"model": "noticias.subtema", "pk": 11, "fields": {"nombre": "Dependencias"}}, {"model": "noticias.subtema", "pk": 12, "fields": {"nombre": "Entrevista"}}, {"model": "noticias.subtema", "pk": 13, "fields": {"nombre": "Estadísticas de la CDMX"}}, {"model": "noticias.subtema", "pk": 14, "fields": {"nombre": "Evento Deportivo"}}, {"model": "noticias.subtema", "pk": 15, "fields": {"nombre": "Juan Manuel"}}, {"model": "noticias.subtema", "pk": 16, "fields": {"nombre": "Manifestantes"}}, {"model": "noticias.subtema", "pk": 17, "fields": {"nombre": "Maratón"}}, {"model": "noticias.subtema", "pk": 18, "fields": {"nombre": "Marchas con afectación vial"}}, {"model": "noticias.subtema", "pk": 19, "fields": {"nombre": "Marchas sin afectación vial"}}, {"model": "noticias.subtema", "pk": 20, "fields": {"nombre": "Mención 911"}}, {"model": "noticias.subtema", "pk": 21, "fields": {"nombre": "Menciones de C5"}}, {"model": "noticias.subtema", "pk": 22, "fields": {"nombre": "No sirven cámaras"}}, {"model": "noticias.subtema", "pk": 23, "fields": {"nombre": "Queja de servicio"}}, {"model": "noticias.subtema", "pk": 24, "fields": {"nombre": "Sismo de intensidad en otro país"}}, {"model": "noticias.subtema", "pk": 25, "fields": {"nombre": "SSC-CDMX"}}, {"model": "noticias.tipo", "pk": 1, "fields": {"nombre": "Delito"}}, {"model": "noticias.tipo", "pk": 2, "fields": {"nombre": "Denuncia"}}, {"model": "noticias.tipo", "pk": 3, "fields": {"nombre": "Emergencia"}}, {"model": "noticias.tipo", "pk": 4, "fields": {"nombre": "Falta Cívica"}}, {"model": "noticias.tipo", "pk": 5, "fields": {"nombre": "Información"}}, {"model": "noticias.tipo", "pk": 6, "fields": {"nombre": "Servicio"}}, {"model": "noticias.tipo", "pk": 7, "fields": {"nombre": "Urgencias Médicas"}}, {"model": "noticias.subtipo", "pk": 1, "fields": {"nombre": "Agresión"}}, {"model": "noticias.subtipo", "pk": 2, "fields": {"nombre": "Amenaza"}}, {"model": "noticias.subtipo", "pk": 3, "fields": {"nombre": "Cadáver"}}, {"model": "noticias.subtipo", "pk": 4, "fields": {"nombre": "Contra la salud"}}, {"model": "noticias.subtipo", "pk": 5, "fields": {"nombre": "Daños"}}, {"model": "noticias.subtipo", "pk": 6, "fields": {"nombre": "Denuncia"}}, {"model": "noticias.subtipo", "pk": 7, "fields": {"nombre": "Detención Ciudadana"}}, {"model": "noticias.subtipo", "pk": 8, "fields": {"nombre": "Disturbio"}}, {"model": "noticias.subtipo", "pk": 9, "fields": {"nombre": "Electorales"}}, {"model": "noticias.subtipo", "pk": 10, "fields": {"nombre": "Lesionado"}}, {"model": "noticias.subtipo", "pk": 11, "fields": {"nombre": "Privación de la Libertad"}}, {"model": "noticias.subtipo", "pk": 12, "fields": {"nombre": "Robo"}}, {"model": "noticias.subtipo", "pk": 13, "fields": {"nombre": "Sexuales"}}, {"model": "noticias.subtipo", "pk": 14, "fields": {"nombre": "Accidente"}}, {"model": "noticias.subtipo", "pk": 15, "fields": {"nombre": "Daños por Fenómeno natural o Tercero"}}, {"model": "noticias.subtipo", "pk": 16, "fields": {"nombre": "Derrame o Fuga"}}, {"model": "noticias.subtipo", "pk": 17, "fields": {"nombre": "Explosión"}}, {"model": "noticias.subtipo", "pk": 18, "fields": {"nombre": "Incendio"}}, {"model": "noticias.subtipo", "pk": 19, "fields": {"nombre": "Otros"}}, {"model": "noticias.subtipo", "pk": 20, "fields": {"nombre": "Servicios"}}, {"model": "noticias.subtipo", "pk": 21, "fields": {"nombre": "Sismo"}}, {"model": "noticias.subtipo", "pk": 22, "fields": {"nombre": "Administrativas"}}, {"model": "noticias.subtipo", "pk": 23, "fields": {"nombre": "Abandono"}}, {"model": "noticias.subtipo", "pk": 24, "fields": {"nombre": "Médicos"}}, {"model": "noticias.subtipo", "pk": 25, "fields": {"nombre": "Martí Batres"}}, {"model": "noticias.submotivo", "pk": 1, "fields": {"nombre": "A policía"}}, {"model": "noticias.submotivo", "pk": 2, "fields": {"nombre": "Casa habitación"}}, {"model": "noticias.submotivo", "pk": 3, "fields": {"nombre": "Negocio"}}, {"model": "noticias.submotivo", "pk": 4, "fields": {"nombre": "Persona"}}, {"model": "noticias.submotivo", "pk": 5, "fields": {"nombre": "Servidor p·blico"}}, {"model": "noticias.submotivo", "pk": 6, "fields": {"nombre": "Violencia intrafamiliar"}}, {"model": "noticias.submotivo", "pk": 7, "fields": {"nombre": "Otros"}}, {"model": "noticias.submotivo", "pk": 8, "fields": {"nombre": "A inmueble"}}, {"model": "noticias.submotivo", "pk": 9, "fields": {"nombre": "A persona"}}, {"model": "noticias.submotivo", "pk": 10, "fields": {"nombre": "De suicidio"}}, {"model": "noticias.submotivo", "pk": 11, "fields": {"nombre": "Abandonado"}}, {"model": "noticias.submotivo", "pk": 12, "fields": {"nombre": "Arma blanca"}}, {"model": "noticias.submotivo", "pk": 13, "fields": {"nombre": "Arma contusa"}}, {"model": "noticias.submotivo", "pk": 14, "fields": {"nombre": "Arma de fuego"}}, {"model": "noticias.submotivo", "pk": 15, "fields": {"nombre": "Enterrado"}}, {"model": "noticias.submotivo", "pk": 16, "fields": {"nombre": "Feto"}}, {"model": "noticias.submotivo", "pk": 17, "fields": {"nombre": "Homicidio"}}, {"model": "noticias.submotivo", "pk": 18, "fields": {"nombre": "Quemado o Electrocutado"}}, {"model": "noticias.submotivo", "pk": 19, "fields": {"nombre": "Riña o Golpes"}}, {"model": "noticias.submotivo", "pk": 20, "fields": {"nombre": "Traslado de droga o estupefacientes"}}, {"model": "noticias.submotivo", "pk": 21, "fields": {"nombre": "Venta o distribución de droga o estupefacientes"}}, {"model": "noticias.submotivo", "pk": 22, "fields": {"nombre": "A la Nación - Vías de comunicación"}}, {"model": "noticias.submotivo", "pk": 23, "fields": {"nombre": "Instalaciones gubernamentales"}}, {"model": "noticias.submotivo", "pk": 24, "fields": {"nombre": "Propiedad ajena"}}, {"model": "noticias.submotivo", "pk": 25, "fields": {"nombre": "Sistema Tecnológico de Videovigilancia"}}, {"model": "noticias.submotivo", "pk": 26, "fields": {"nombre": "Extorsión"}}, {"model": "noticias.submotivo", "pk": 27, "fields": {"nombre": "Fraude"}}, {"model": "noticias.submotivo", "pk": 28, "fields": {"nombre": "Fuga de reos"}}, {"model": "noticias.submotivo", "pk": 29, "fields": {"nombre": "Invasión de Predio"}}, {"model": "noticias.submotivo", "pk": 30, "fields": {"nombre": "Motín"}}, {"model": "noticias.submotivo", "pk": 31, "fields": {"nombre": "Tala clandestina"}}, {"model": "noticias.submotivo", "pk": 32, "fields": {"nombre": "Venta de Pirotecnia"}}, {"model": "noticias.submotivo", "pk": 33, "fields": {"nombre": "Venta ilegal de combustibles"}}, {"model": "noticias.submotivo", "pk": 34, "fields": {"nombre": "Toma clandestina"}}, {"model": "noticias.submotivo", "pk": 35, "fields": {"nombre": "Sustracción ilegal de combustible"}}, {"model": "noticias.submotivo", "pk": 36, "fields": {"nombre": "Almacenamiento ilegal de combustible"}}, {"model": "noticias.submotivo", "pk": 37, "fields": {"nombre": "Transporte ilegal de combustible"}}, {"model": "noticias.submotivo", "pk": 38, "fields": {"nombre": "Accidente automovilístico"}}, {"model": "noticias.submotivo", "pk": 39, "fields": {"nombre": "Agresión"}}, {"model": "noticias.submotivo", "pk": 40, "fields": {"nombre": "Allanamiento"}}, {"model": "noticias.submotivo", "pk": 41, "fields": {"nombre": "Atropellamiento"}}, {"model": "noticias.submotivo", "pk": 42, "fields": {"nombre": "Daños"}}, {"model": "noticias.submotivo", "pk": 43, "fields": {"nombre": "Delitos Sexuales"}}, {"model": "noticias.submotivo", "pk": 44, "fields": {"nombre": "Robo"}}, {"model": "noticias.submotivo", "pk": 45, "fields": {"nombre": "Disparos"}}, {"model": "noticias.submotivo", "pk": 46, "fields": {"nombre": "Linchamiento"}}, {"model": "noticias.submotivo", "pk": 47, "fields": {"nombre": "Quema de pirotecnia"}}, {"model": "noticias.submotivo", "pk": 48, "fields": {"nombre": "Riña"}}, {"model": "noticias.mencion", "pk": 1, "fields": {"palabra_clave": "C5"}}, {"model": "noticias.mencion", "pk": 2, "fields": {"palabra_clave": "911"}}, {"model": "noticias.noticia", "pk": 1, "fields": {"creador": 8, "titulo": "En la alcaldía Benito Juárez, se detuvo a tres personas por asalto en la vía pública", "descripcion": "", "link": "https://bit.ly/46gpGhQ", "fecha": "2023-10-04", "hora": "10:47:00", "polaridad": "positivo", "calificacion": 3, "autor_usuario": "@SSC_CDMX", "tema": 6, "subtema": null, "tipo": 1, "submotivo": 44, "subtipo": 7, "mencion": 1, "noticia_principal": null, "identificador": "1", "medio": 4, "canal": null, "estacion": null, "programa_radio": null, "programa_tv": null, "red_social": 1, "periodico": null}}, {"model": "noticias.noticia", "pk": 2, "fields": {"creador": 8, "titulo": "Caen 3 delincuentes relacionados con robo de automóviles en la Benito Juárez", "descripcion": "", "link": "https://bit.ly/3F3kIJh", "fecha": "2023-10-04", "hora": "11:55:00", "polaridad": "positivo", "calificacion": 3, "autor_usuario": "@El_Universal_Mx", "tema": 6, "subtema": null, "tipo": 1, "submotivo": 44, "subtipo": 7, "mencion": 1, "noticia_principal": 1, "identificador": "1.01", "medio": 1, "canal": null, "estacion": null, "programa_radio": null, "programa_tv": null, "red_social": null, "periodico": 16}}, {"model": "noticias.noticia", "pk": 3, "fields": {"creador": 6, "titulo": "Manifestantes cierran la circulación de Donceles a la altura de Palma, col. Centro", "descripcion": "", "link": "https://bit.ly/3ZGq5rk", "fecha": "2023-10-04", "hora": "19:01:24", "polaridad": "neutro", "calificacion": 2, "autor_usuario": "@trafico889", "tema": 3, "subtema": 16, "tipo": null, "submotivo": null, "subtipo": null, "mencion": null, "noticia_principal": null, "identificador": "3", "medio": 4, "canal": null, "estacion": null, "programa_radio": null, "programa_tv": null, "red_social": 1, "periodico": null}}, {"model": "noticias.noticia", "pk": 4, "fields": {"creador": 6, "titulo": "El conductor de un tráiler perdió el control de su unidad e impactó a 7 vehículos en Avenida Montevideo, alcaldía Gustavo A. Madero", "descripcion": "", "link": "https://bit.ly/3Q3jTGI", "fecha": "2023-10-04", "hora": "19:04:36", "polaridad": "neutro", "calificacion": 2, "autor_usuario": "@Foro_TV", "tema": 6, "subtema": null, "tipo": 3, "submotivo": null, "subtipo": 14, "mencion": null, "noticia_principal": null, "identificador": "4", "medio": 4, "canal": null, "estacion": null, "programa_radio": null, "programa_tv": null, "red_social": 1, "periodico": null}}, {"model": "noticias.noticia", "pk": 5, "fields": {"creador": 6, "titulo": "Sismo detectado el 04-oct-23 a las 16:59:07 hrs. NO AMERITÓ ALERTA SÍSMICA porque la estimación de energía en los primeros segundos, no superó los niveles preestablecidos. Sensor cercano: 25 km al nor", "descripcion": "", "link": "https://bit.ly/3PKSacm", "fecha": "2023-10-04", "hora": "19:07:21", "polaridad": "neutro", "calificacion": 1, "autor_usuario": "@SASMEX", "tema": 5, "subtema": null, "tipo": 5, "submotivo": null, "subtipo": 21, "mencion": null, "noticia_principal": null, "identificador": "5", "medio": 4, "canal": null, "estacion": null, "programa_radio": null, "programa_tv": null, "red_social": 1, "periodico": null}}, {"model": "noticias.noticia", "pk": 6, "fields": {"creador": 6, "titulo": "Sujetos llegaron con armas de fuego a delinquir a una barbería, en Tláhuac", "descripcion": "", "link": "https://bit.ly/3tloF9L", "fecha": "2023-10-04", "hora": "19:29:24", "polaridad": "neutro", "calificacion": 2, "autor_usuario": "@telediario", "tema": 6, "subtema": null, "tipo": 1, "submotivo": 3, "subtipo": 12, "mencion": null, "noticia_principal": null, "identificador": "6", "medio": 4, "canal": null, "estacion": null, "programa_radio": null, "programa_tv": null, "red_social": 1, "periodico": null}}, {"model": "noticias.noticia", "pk": 7, "fields": {"creador": 6, "titulo": "Reporte de incendio en la colonia Ampliación Casasa Alemán, alcaldía Gustavo A. Madero", "descripcion": "", "link": "https://bit.ly/3rFjdhj", "fecha": "2023-10-04", "hora": "21:53:01", "polaridad": "neutro", "calificacion": 2, "autor_usuario": "@Bomberos_CDMX", "tema": 6, "subtema": null, "tipo": 3, "submotivo": 7, "subtipo": 18, "mencion": null, "noticia_principal": null, "identificador": "7", "medio": 4, "canal": null, "estacion": null, "programa_radio": null, "programa_tv": null, "red_social": 1, "periodico": null}}, {"model": "noticias.noticia", "pk": 8, "fields": {"creador": 8, "titulo": "Movilización de los servicios de emergencia en la colonia Portales Oriente por un incendio de un coche dentro de un inmueble derivado de una falla mecánica", "descripcion": "", "link": "https://bit.ly/46fqi7f", "fecha": "2023-10-05", "hora": "08:42:47", "polaridad": "neutro", "calificacion": 3, "autor_usuario": "@Bomberos_CDMX", "tema": 6, "subtema": null, "tipo": 3, "submotivo": 2, "subtipo": 18, "mencion": null, "noticia_principal": 7, "identificador": "7.01", "medio": 4, "canal": null, "estacion": null, "programa_radio": null, "programa_tv": null, "red_social": 1, "periodico": null}}, {"model": "noticias.noticia", "pk": 9, "fields": {"creador": 6, "titulo": "Policías de la SSC detuvieron a una mujer señalada como posible responsable de despojar de sus pertenencias a una usuaria del Metrobus", "descripcion": "", "link": "https://bit.ly/48DURFs", "fecha": "2023-10-05", "hora": "17:36:36", "polaridad": "neutro", "calificacion": 3, "autor_usuario": "@SSC_CDMX", "tema": 6, "subtema": null, "tipo": 1, "submotivo": 44, "subtipo": 7, "mencion": null, "noticia_principal": null, "identificador": "9", "medio": 4, "canal": null, "estacion": null, "programa_radio": null, "programa_tv": null, "red_social": 1, "periodico": null}}, {"model": "noticias.noticia", "pk": 10, "fields": {"creador": 6, "titulo": "\"Detienen y golpean a ladrón, en la alcaldía Tlalpan  \"", "descripcion": "", "link": "https://bit.ly/3tcll0n", "fecha": "2023-10-05", "hora": "17:38:16", "polaridad": "neutro", "calificacion": 2, "autor_usuario": "@c4jimenez", "tema": 6, "subtema": null, "tipo": 1, "submotivo": 3, "subtipo": 12, "mencion": null, "noticia_principal": null, "identificador": "10", "medio": 4, "canal": null, "estacion": null, "programa_radio": null, "programa_tv": null, "red_social": 1, "periodico": null}}, {"model": "noticias.noticia", "pk": 11, "fields": {"creador": 6, "titulo": "Reporte de incendio en la colonia 20 de Noviembre, alcaldía Iztapalapa", "descripcion": "", "link": "https://bit.ly/3rJZHQI", "fecha": "2023-10-05", "hora": "17:47:52", "polaridad": "neutro", "calificacion": 2, "autor_usuario": "@Bomberos_CDMX", "tema": 6, "subtema": null, "tipo": 3, "submotivo": 7, "subtipo": 18, "mencion": null, "noticia_principal": null, "identificador": "11", "medio": 4, "canal": null, "estacion": null, "programa_radio": null, "programa_tv": null, "red_social": 1, "periodico": null}}, {"model": "noticias.noticia", "pk": 12, "fields": {"creador": 6, "titulo": "Detienen a asaltante de usuarios del AICM", "descripcion": "", "link": "https://bit.ly/3tdNrbB", "fecha": "2023-10-06", "hora": "20:27:05", "polaridad": "neutro", "calificacion": 2, "autor_usuario": "@c4jimenez", "tema": 6, "subtema": null, "tipo": 1, "submotivo": 44, "subtipo": 7, "mencion": null, "noticia_principal": null, "identificador": "12", "medio": 4, "canal": null, "estacion": null, "programa_radio": null, "programa_tv": null, "red_social": 1, "periodico": null}}, {"model": "noticias.noticia", "pk": 13, "fields": {"creador": 6, "titulo": "Manifestantes cierran ambos bloques de Dr. Río de la Loza a la altura de Digna Ochoa y Placido, alcaldía Cuauhtémoc", "descripcion": "", "link": "https://bit.ly/46DY2Lv", "fecha": "2023-10-06", "hora": "20:29:23", "polaridad": "neutro", "calificacion": 2, "autor_usuario": "@trafico889", "tema": 3, "subtema": 16, "tipo": null, "submotivo": null, "subtipo": null, "mencion": null, "noticia_principal": null, "identificador": "13", "medio": 4, "canal": null, "estacion": null, "programa_radio": null, "programa_tv": null, "red_social": 1, "periodico": null}}, {"model": "noticias.noticia", "pk": 14, "fields": {"creador": 6, "titulo": "El conductor de un auto compacto perdió el control al incorporarse a la curva de Calz Ermita #Iztapalapa y a la altura de la Calz Ignacio Zaragoza", "descripcion": "", "link": "https://bit.ly/3rI4MsR", "fecha": "2023-10-06", "hora": "20:33:14", "polaridad": "neutro", "calificacion": 3, "autor_usuario": "@FNNoticiass", "tema": 6, "subtema": null, "tipo": 7, "submotivo": null, "subtipo": 14, "mencion": null, "noticia_principal": null, "identificador": "14", "medio": 4, "canal": null, "estacion": null, "programa_radio": null, "programa_tv": null, "red_social": 1, "periodico": null}}, {"model": "noticias.noticia", "pk": 15, "fields": {"creador": 6, "titulo": "Indagan bajo protocolo de feminicidio, la muerte de una mujer, quien fue hallada sin vida al interior de su domicilio en Av. Añil, col. Granjas México, Iztacalco", "descripcion": "", "link": "https://bit.ly/3PLMFdJ", "fecha": "2023-10-06", "hora": "20:37:15", "polaridad": "neutro", "calificacion": 2, "autor_usuario": "@MrElDiablo8", "tema": 6, "subtema": null, "tipo": 1, "submotivo": 17, "subtipo": 3, "mencion": null, "noticia_principal": null, "identificador": "15", "medio": 4, "canal": null, "estacion": null, "programa_radio": null, "programa_tv": null, "red_social": 1, "periodico": null}}, {"model": "noticias.noticia", "pk": 16, "fields": {"creador": 6, "titulo": "Se registró la caída de un árbol en calles de la colonia Doctores, servicios de emergencia ya trabajan en la zona", "descripcion": "", "link": "https://bit.ly/46wox5G", "fecha": "2023-10-06", "hora": "20:51:18", "polaridad": "neutro", "calificacion": 2, "autor_usuario": "@telediario", "tema": 6, "subtema": null, "tipo": 6, "submotivo": null, "subtipo": 15, "mencion": null, "noticia_principal": null, "identificador": "16", "medio": 4, "canal": null, "estacion": null, "programa_radio": null, "programa_tv": null, "red_social": 1, "periodico": null}}, {"model": "noticias.noticia", "pk": 17, "fields": {"creador": 7, "titulo": "Un tráiler se quedó atorado en un bajo puente en la lateral de Circuito Interior Río Churubusco, a la altura de la col. Granjas San Antonio, en la alcaldía Iztapalapa", "descripcion": "", "link": "https://bit.ly/3PW2Gxz", "fecha": "2023-10-16", "hora": "08:31:00", "polaridad": "neutro", "calificacion": 2, "autor_usuario": "@Foro_TV", "tema": 6, "subtema": null, "tipo": 6, "submotivo": 7, "subtipo": 20, "mencion": null, "noticia_principal": null, "identificador": "17", "medio": 4, "canal": null, "estacion": null, "programa_radio": null, "programa_tv": null, "red_social": 1, "periodico": null}}, {"model": "noticias.noticia", "pk": 18, "fields": {"creador": 7, "titulo": "Bloqueo en Eje 1 Norte, al cruce con Congreso de la Unión, en inmediaciones de la col. Morelos, alcaldía Venustiano Carranza", "descripcion": "", "link": "https://bit.ly/3ZVRMwy", "fecha": "2023-10-16", "hora": "08:39:00", "polaridad": "neutro", "calificacion": 2, "autor_usuario": "@Foro_TV", "tema": 3, "subtema": 5, "tipo": null, "submotivo": null, "subtipo": null, "mencion": null, "noticia_principal": null, "identificador": "18", "medio": 4, "canal": null, "estacion": null, "programa_radio": null, "programa_tv": null, "red_social": 1, "periodico": null}}, {"model": "noticias.noticia", "pk": 19, "fields": {"creador": 7, "titulo": "Cae uno por atraco a joyería “Ingrata Fortuna”, tras persecución y balacera en la colonia Tezozomoc, Azcapotzalco, detuvieron a Juan Carlos N", "descripcion": "", "link": "https://bit.ly/3rJ3gXG", "fecha": "2023-10-16", "hora": "08:58:00", "polaridad": "neutro", "calificacion": 3, "autor_usuario": "@siete_letras", "tema": 6, "subtema": null, "tipo": 1, "submotivo": 44, "subtipo": 7, "mencion": null, "noticia_principal": null, "identificador": "19", "medio": 4, "canal": null, "estacion": null, "programa_radio": null, "programa_tv": null, "red_social": 1, "periodico": null}}, {"model": "noticias.noticia", "pk": 20, "fields": {"creador": 7, "titulo": "Mujer acude a clínica en Polanco, donde le hicieron una cirugía, posteriormente se sintió mal y tras ser hospitalizada murió", "descripcion": "", "link": "https://bit.ly/3Fkv0VB", "fecha": "2023-10-16", "hora": "10:15:00", "polaridad": "neutro", "calificacion": 3, "autor_usuario": "@siete_letras", "tema": 6, "subtema": null, "tipo": 1, "submotivo": 7, "subtipo": 7, "mencion": null, "noticia_principal": null, "identificador": "20", "medio": 4, "canal": null, "estacion": null, "programa_radio": null, "programa_tv": null, "red_social": 1, "periodico": null}}, {"model": "noticias.noticia", "pk": 21, "fields": {"creador": 7, "titulo": "Cayó un árbol en la lateral de Insurgentes Norte y avenida La Fortuna.", "descripcion": "", "link": "https://bit.ly/3S2HNn0", "fecha": "2023-10-18", "hora": "08:35:00", "polaridad": "neutro", "calificacion": 3, "autor_usuario": "@AztecaNoticias", "tema": 6, "subtema": null, "tipo": 6, "submotivo": 7, "subtipo": 15, "mencion": null, "noticia_principal": null, "identificador": "21", "medio": 4, "canal": null, "estacion": null, "programa_radio": null, "programa_tv": null, "red_social": 1, "periodico": null}}, {"model": "noticias.noticia", "pk": 22, "fields": {"creador": 7, "titulo": "En la alcaldía Iztapalapa, policías de la SSC detuvieron en diferentes acciones, a tres personas en posesión de dosis de posibles narcóticos", "descripcion": "", "link": "https://bit.ly/3FmlHo1", "fecha": "2023-10-18", "hora": "10:12:00", "polaridad": "neutro", "calificacion": 3, "autor_usuario": "@SSC_CDMX", "tema": 6, "subtema": null, "tipo": 1, "submotivo": 21, "subtipo": 4, "mencion": null, "noticia_principal": null, "identificador": "22", "medio": 4, "canal": null, "estacion": null, "programa_radio": null, "programa_tv": null, "red_social": 1, "periodico": null}}, {"model": "noticias.noticia", "pk": 23, "fields": {"creador": 7, "titulo": "Detienen a David Vega y Sandra Mtz, se robaron un perfume Versage de un sanborns en Benito Juárez", "descripcion": "", "link": "https://bit.ly/46FvIJ1", "fecha": "2023-10-18", "hora": "11:58:00", "polaridad": "neutro", "calificacion": 3, "autor_usuario": "@c4jimenez", "tema": 6, "subtema": null, "tipo": 1, "submotivo": 44, "subtipo": 7, "mencion": null, "noticia_principal": null, "identificador": "23", "medio": 4, "canal": null, "estacion": null, "programa_radio": null, "programa_tv": null, "red_social": 1, "periodico": null}}, {"model": "noticias.noticia", "pk": 24, "fields": {"creador": 7, "titulo": "El Metro CDMX informó que no hay servicio en las estaciones Pantitlán y Agrícola Oriental de la Línea A por una revisión de cables; hay servicio provisional de Canal de San Juan a La Paz", "descripcion": "", "link": "https://bit.ly/45DTZ0A", "fecha": "2023-10-19", "hora": "08:57:00", "polaridad": "neutro", "calificacion": 3, "autor_usuario": "@nmas", "tema": 6, "subtema": null, "tipo": 6, "submotivo": 7, "subtipo": 20, "mencion": null, "noticia_principal": null, "identificador": "24", "medio": 4, "canal": null, "estacion": null, "programa_radio": null, "programa_tv": null, "red_social": 1, "periodico": null}}, {"model": "noticias.noticia", "pk": 25, "fields": {"creador": 7, "titulo": "En la alcaldía Cuauhtémoc, oficiales de la SSC detuvieron a dos personas en posesión de más de 600 dosis de aparente droga y dinero en efectivo", "descripcion": "", "link": "https://bit.ly/46Xh1ks", "fecha": "2023-10-19", "hora": "09:08:00", "polaridad": "neutro", "calificacion": 3, "autor_usuario": "@SSC_CDMX", "tema": 6, "subtema": null, "tipo": 1, "submotivo": 21, "subtipo": 4, "mencion": null, "noticia_principal": null, "identificador": "25", "medio": 4, "canal": null, "estacion": null, "programa_radio": null, "programa_tv": null, "red_social": 1, "periodico": null}}, {"model": "noticias.noticia", "pk": 26, "fields": {"creador": 7, "titulo": "Personal de la FGR realiza un cateo en un inmueble donde se ubica una casa editorial en la col. Popotla, alcaldía Miguel Hidalgo", "descripcion": "", "link": "https://bit.ly/3S82kqA", "fecha": "2023-10-19", "hora": "09:53:00", "polaridad": "neutro", "calificacion": 3, "autor_usuario": "@Foro_TV", "tema": 6, "subtema": null, "tipo": 6, "submotivo": 7, "subtipo": 19, "mencion": null, "noticia_principal": null, "identificador": "26", "medio": 4, "canal": null, "estacion": null, "programa_radio": null, "programa_tv": null, "red_social": 1, "periodico": null}}, {"model": "noticias.noticia", "pk": 27, "fields": {"creador": 7, "titulo": "Se registró un flamazo por acumulación de gas en la calle Peñón, en la colonia Morelos, alcaldía Cuauhtémoc. Una mujer de la tercera edad resultó con quemaduras y ya fue atendida", "descripcion": "", "link": "https://bit.ly/491arLj", "fecha": "2023-10-19", "hora": "10:36:00", "polaridad": "neutro", "calificacion": 3, "autor_usuario": "@Foro_TV", "tema": 6, "subtema": null, "tipo": 3, "submotivo": 7, "subtipo": 18, "mencion": null, "noticia_principal": null, "identificador": "27", "medio": 4, "canal": null, "estacion": null, "programa_radio": null, "programa_tv": null, "red_social": 1, "periodico": null}}, {"model": "noticias.noticia", "pk": 28, "fields": {"creador": 7, "titulo": "En la alcaldía Cuauhtémoc, policías de la SSC detuvieron a un hombre con antecedentes delictivos, señalado de posiblemente asaltar a un ciudadano", "descripcion": "", "link": "https://bit.ly/3rX0SfO", "fecha": "2023-10-19", "hora": "10:38:00", "polaridad": "neutro", "calificacion": 3, "autor_usuario": "@SSC_CDMX", "tema": 6, "subtema": null, "tipo": 1, "submotivo": 44, "subtipo": 7, "mencion": null, "noticia_principal": null, "identificador": "28", "medio": 4, "canal": null, "estacion": null, "programa_radio": null, "programa_tv": null, "red_social": 1, "periodico": null}}, {"model": "noticias.noticia", "pk": 29, "fields": {"creador": 7, "titulo": "Un automovilista arrolló a dos personas que viajaban en una motocicleta en av. Javier Rojo Gómez, en dirección a Calzada Zaragoza, alcaldía Iztacalco", "descripcion": "", "link": "https://bit.ly/3FvmsLr", "fecha": "2023-10-19", "hora": "11:55:00", "polaridad": "neutro", "calificacion": 3, "autor_usuario": "@Foro_TV", "tema": 6, "subtema": null, "tipo": 3, "submotivo": 41, "subtipo": 14, "mencion": null, "noticia_principal": null, "identificador": "29", "medio": 4, "canal": null, "estacion": null, "programa_radio": null, "programa_tv": null, "red_social": 1, "periodico": null}}, {"model": "noticias.noticia", "pk": 30, "fields": {"creador": 7, "titulo": "Un hombre que, al parecer, con un cuchillo intentó lesionar a una mujer, fue detenido por efectivos de la SSC en calles de la alcaldía Iztapalapa", "descripcion": "", "link": "https://bit.ly/404zPf5", "fecha": "2023-10-19", "hora": "12:05:00", "polaridad": "neutro", "calificacion": 3, "autor_usuario": "@SSC_CDMX", "tema": 6, "subtema": null, "tipo": 1, "submotivo": 39, "subtipo": 7, "mencion": null, "noticia_principal": null, "identificador": "30", "medio": 4, "canal": null, "estacion": null, "programa_radio": null, "programa_tv": null, "red_social": 1, "periodico": null}}, {"model": "noticias.noticia", "pk": 31, "fields": {"creador": 7, "titulo": "Hombres en una motocicleta balean al conductor de una camioneta en carriles centrales de Viaducto, antes de cruzar av. Revolución", "descripcion": "", "link": "https://bit.ly/3Fl0b3b", "fecha": "2023-10-19", "hora": "12:10:00", "polaridad": "neutro", "calificacion": 3, "autor_usuario": "@Foro_TV", "tema": 6, "subtema": null, "tipo": 1, "submotivo": 45, "subtipo": 8, "mencion": null, "noticia_principal": null, "identificador": "31", "medio": 4, "canal": null, "estacion": null, "programa_radio": null, "programa_tv": null, "red_social": 1, "periodico": null}}, {"model": "noticias.noticia", "pk": 32, "fields": {"creador": 7, "titulo": "Se reporta un bloqueo en Eje 7 Sur Felix Cuevas, a la altura de Adolfo Prieto, Colonia del Valle. Son trabajadores del la Universidad Autónoma de la CDMX", "descripcion": "", "link": "https://bit.ly/3tHEFD5", "fecha": "2023-10-19", "hora": "14:22:00", "polaridad": "neutro", "calificacion": 3, "autor_usuario": "@AztecaNoticias", "tema": 3, "subtema": 5, "tipo": null, "submotivo": null, "subtipo": null, "mencion": null, "noticia_principal": null, "identificador": "32", "medio": 4, "canal": null, "estacion": null, "programa_radio": null, "programa_tv": null, "red_social": 1, "periodico": null}}, {"model": "noticias.noticia", "pk": 33, "fields": {"creador": 7, "titulo": "Bomberos controlan un incendio en una bodega de la Clínica 33 del IMSS, ubicada en la col. Los Ángeles, en la alcaldía Iztapalapa; al parecer se habría originado por un corto circuito", "descripcion": "", "link": "https://bit.ly/46FZxcs", "fecha": "2023-10-20", "hora": "08:18:00", "polaridad": "neutro", "calificacion": 3, "autor_usuario": "@Foro_TV", "tema": 6, "subtema": null, "tipo": 3, "submotivo": 7, "subtipo": 18, "mencion": null, "noticia_principal": null, "identificador": "33", "medio": 4, "canal": null, "estacion": null, "programa_radio": null, "programa_tv": null, "red_social": 1, "periodico": null}}, {"model": "noticias.noticia", "pk": 34, "fields": {"creador": 7, "titulo": "Efectivos de la SSC detuvieron a un hombre en posesión de aparente droga, posiblemente relacionado con la agresión en contra de una persona en la alcaldía Gustavo A. Madero", "descripcion": "", "link": "https://bit.ly/46UxntZ", "fecha": "2023-10-20", "hora": "08:39:00", "polaridad": "positivo", "calificacion": 3, "autor_usuario": "@SSC_CDMX", "tema": 6, "subtema": null, "tipo": 1, "submotivo": 39, "subtipo": 7, "mencion": null, "noticia_principal": null, "identificador": "34", "medio": 4, "canal": null, "estacion": null, "programa_radio": null, "programa_tv": null, "red_social": 1, "periodico": null}}, {"model": "noticias.noticia", "pk": 35, "fields": {"creador": 7, "titulo": "Reducción de carriles en av. Cuauhtémoc debido al choque entre un automóvil y una unidad del Metrobús, a la altura de la estación Etiopía", "descripcion": "", "link": "https://bit.ly/3rYIrrg", "fecha": "2023-10-20", "hora": "09:38:00", "polaridad": "neutro", "calificacion": 3, "autor_usuario": "@Foro_TV", "tema": 6, "subtema": null, "tipo": 3, "submotivo": 38, "subtipo": 14, "mencion": null, "noticia_principal": null, "identificador": "35", "medio": 4, "canal": null, "estacion": null, "programa_radio": null, "programa_tv": null, "red_social": 1, "periodico": null}}, {"model": "noticias.noticia", "pk": 36, "fields": {"creador": 7, "titulo": "Amarande Riojas, sufre agresión sexual y en la Fiscalía intentaron enterrar el expediente", "descripcion": "", "link": "https://bit.ly/45EBkll", "fecha": "2023-10-20", "hora": "10:05:00", "polaridad": "neutro", "calificacion": 3, "autor_usuario": "@siete_letras", "tema": 6, "subtema": null, "tipo": 1, "submotivo": 43, "subtipo": 6, "mencion": null, "noticia_principal": null, "identificador": "36", "medio": 4, "canal": null, "estacion": null, "programa_radio": null, "programa_tv": null, "red_social": 1, "periodico": null}}, {"model": "noticias.noticia", "pk": 37, "fields": {"creador": 6, "titulo": "Se realizó un corte de energía y maniobras en la Línea B, para retirar de vías de la estación Oceanía un objeto metálico (paraguas)", "descripcion": "", "link": "https://bit.ly/3tS16p0", "fecha": "2023-10-25", "hora": "09:38:25", "polaridad": "neutro", "calificacion": 2, "autor_usuario": "@MetroCDMX", "tema": 6, "subtema": null, "tipo": 6, "submotivo": 7, "subtipo": 20, "mencion": null, "noticia_principal": null, "identificador": "37", "medio": 4, "canal": null, "estacion": null, "programa_radio": null, "programa_tv": null, "red_social": 1, "periodico": null}}, {"model": "noticias.noticia", "pk": 38, "fields": {"creador": 6, "titulo": "Policías de la SSC detuvieron a dos hombres, que amenazaban con un cúter a las personas para asaltarlas, en Iztapalapa", "descripcion": "", "link": "https://bit.ly/4923s4S", "fecha": "2023-10-26", "hora": "14:53:09", "polaridad": "neutro", "calificacion": 2, "autor_usuario": "@c4jimenez", "tema": 6, "subtema": null, "tipo": 1, "submotivo": 44, "subtipo": 7, "mencion": null, "noticia_principal": null, "identificador": "38", "medio": 4, "canal": null, "estacion": null, "programa_radio": null, "programa_tv": null, "red_social": 1, "periodico": null}}, {"model": "videos.tipo", "pk": 1, "fields": {"nombre": "Relavantes"}}, {"model": "videos.tipo", "pk": 2, "fields": {"nombre": "Casos de exito"}}, {"model": "videos.tipo", "pk": 3, "fields": {"nombre": "Promocionales"}}, {"model": "videos.tipo", "pk": 4, "fields": {"nombre": "Servicios"}}, {"model": "videos.folio", "pk": 1, "fields": {"creador": 15, "folio": "C2N/20230517/00017", "fecha": "2023-05-17", "ubicacion": 1167, "motivo": 299, "videos": []}}, {"model": "videos.folio", "pk": 2, "fields": {"creador": 15, "folio": "C5/20230512/00768", "fecha": "2023-05-12", "ubicacion": 109, "motivo": 89, "videos": []}}, {"model": "videos.folio", "pk": 3, "fields": {"creador": 15, "folio": "C5/20230517/02533", "fecha": "2023-06-17", "ubicacion": 194, "motivo": 12, "videos": []}}, {"model": "videos.folio", "pk": 4, "fields": {"creador": 15, "folio": "C2O/20230518/00062", "fecha": "2023-06-18", "ubicacion": 1322, "motivo": 26, "videos": []}}, {"model": "videos.folio", "pk": 5, "fields": {"creador": 15, "folio": "C2N/20230513/00133", "fecha": "2023-05-13", "ubicacion": 1085, "motivo": 307, "videos": []}}, {"model": "videos.folio", "pk": 6, "fields": {"creador": 15, "folio": "C2C/20230927/00085", "fecha": "2023-09-27", "ubicacion": 1014, "motivo": 308, "videos": []}}, {"model": "videos.folio", "pk": 7, "fields": {"creador": 15, "folio": "F_L F 113278 29092023", "fecha": "2023-09-29", "ubicacion": 1320, "motivo": 308, "videos": []}}, {"model": "videos.folio", "pk": 8, "fields": {"creador": 15, "folio": "C2S/20230929/00015", "fecha": "2023-09-29", "ubicacion": 933, "motivo": 307, "videos": []}}, {"model": "videos.folio", "pk": 9, "fields": {"creador": 15, "folio": "C5/20230926/02080", "fecha": "2023-09-26", "ubicacion": 175, "motivo": 311, "videos": []}}, {"model": "videos.folio", "pk": 10, "fields": {"creador": 15, "folio": "C5/20230929/05078", "fecha": "2023-09-29", "ubicacion": 692, "motivo": 314, "videos": []}}, {"model": "videos.folio", "pk": 11, "fields": {"creador": 15, "folio": "C2C/20230925/00013", "fecha": "2023-09-25", "ubicacion": 1043, "motivo": 285, "videos": []}}, {"model": "videos.folio", "pk": 12, "fields": {"creador": 15, "folio": "C2N/20230824/00152", "fecha": "2023-08-24", "ubicacion": 1141, "motivo": 307, "videos": []}}, {"model": "videos.folio", "pk": 13, "fields": {"creador": 15, "folio": "C2N/20230515/00074", "fecha": "2023-05-15", "ubicacion": 1183, "motivo": 307, "videos": []}}, {"model": "videos.folio", "pk": 14, "fields": {"creador": 15, "folio": "C2O/20230527/00024", "fecha": "2023-05-27", "ubicacion": 66, "motivo": 135, "videos": []}}, {"model": "videos.folio", "pk": 15, "fields": {"creador": 15, "folio": "C5/20230526/01826", "fecha": "2023-05-26", "ubicacion": 109, "motivo": 234, "videos": []}}, {"model": "videos.folio", "pk": 17, "fields": {"creador": 15, "folio": "C5/20230912/03325", "fecha": "2023-09-12", "ubicacion": 385, "motivo": 244, "videos": []}}, {"model": "videos.folio", "pk": 18, "fields": {"creador": 15, "folio": "C5/20230906/00591", "fecha": "2023-09-06", "ubicacion": 673, "motivo": 12, "videos": []}}, {"model": "videos.folio", "pk": 19, "fields": {"creador": 15, "folio": "C2O/20230527/00251", "fecha": "2023-05-27", "ubicacion": 231, "motivo": 307, "videos": []}}, {"model": "videos.folio", "pk": 20, "fields": {"creador": 15, "folio": "C2C/20231004/00111", "fecha": "2023-10-04", "ubicacion": 1014, "motivo": 307, "videos": []}}, {"model": "videos.folio", "pk": 21, "fields": {"creador": 15, "folio": "F_L F114063 06102023", "fecha": "2023-10-06", "ubicacion": 1320, "motivo": 82, "videos": []}}, {"model": "videos.folio", "pk": 22, "fields": {"creador": 15, "folio": "C5/20231003/00234", "fecha": "2023-10-03", "ubicacion": 1323, "motivo": 317, "videos": []}}, {"model": "videos.folio", "pk": 23, "fields": {"creador": 15, "folio": "C20/20231004/00023", "fecha": "2023-10-04", "ubicacion": 137, "motivo": 314, "videos": []}}, {"model": "videos.folio", "pk": 24, "fields": {"creador": 15, "folio": "C2P/20231004/00044", "fecha": "2023-10-04", "ubicacion": 377, "motivo": 286, "videos": []}}, {"model": "videos.folio", "pk": 25, "fields": {"creador": 15, "folio": "C5/20231007/00396", "fecha": "2023-10-07", "ubicacion": 1019, "motivo": 12, "videos": []}}, {"model": "videos.folio", "pk": 26, "fields": {"creador": 15, "folio": "C2N/20230829/00078", "fecha": "2023-08-29", "ubicacion": 1166, "motivo": 296, "videos": []}}, {"model": "videos.folio", "pk": 27, "fields": {"creador": 15, "folio": "F_H F 99762 020623", "fecha": "2023-06-02", "ubicacion": 1320, "motivo": 307, "videos": []}}, {"model": "videos.folio", "pk": 28, "fields": {"creador": 15, "folio": "C5/20230605/01237", "fecha": "2023-06-05", "ubicacion": 733, "motivo": 285, "videos": []}}, {"model": "videos.folio", "pk": 29, "fields": {"creador": 15, "folio": "C5/20230621/00736", "fecha": "2023-06-21", "ubicacion": 784, "motivo": 18, "videos": []}}, {"model": "videos.folio", "pk": 30, "fields": {"creador": 15, "folio": "C5/20230624/01556", "fecha": "2023-06-24", "ubicacion": 957, "motivo": 12, "videos": []}}, {"model": "videos.folio", "pk": 31, "fields": {"creador": 15, "folio": "F_L F102550 300623", "fecha": "2023-06-30", "ubicacion": 1320, "motivo": 258, "videos": []}}, {"model": "videos.folio", "pk": 32, "fields": {"creador": 15, "folio": "C2C/20230621/00144", "fecha": "2023-06-21", "ubicacion": 1014, "motivo": 307, "videos": []}}, {"model": "videos.folio", "pk": 33, "fields": {"creador": 15, "folio": "C2C/20231013/00174", "fecha": "2023-10-13", "ubicacion": 1037, "motivo": 307, "videos": []}}, {"model": "videos.folio", "pk": 34, "fields": {"creador": 15, "folio": "F_L F114511 111023", "fecha": "2023-10-11", "ubicacion": 1320, "motivo": 231, "videos": []}}, {"model": "videos.folio", "pk": 35, "fields": {"creador": 15, "folio": "C5/20231010/02131", "fecha": "2023-10-10", "ubicacion": 900, "motivo": 304, "videos": []}}, {"model": "videos.folio", "pk": 36, "fields": {"creador": 15, "folio": "C2O/20231012/00208", "fecha": "2023-10-12", "ubicacion": 1325, "motivo": 296, "videos": []}}, {"model": "videos.folio", "pk": 37, "fields": {"creador": 15, "folio": "C2O/20231012/00208", "fecha": "2023-10-15", "ubicacion": 1188, "motivo": 296, "videos": []}}, {"model": "videos.folio", "pk": 38, "fields": {"creador": 15, "folio": "C2C/20231010/00208", "fecha": "2023-10-10", "ubicacion": 1031, "motivo": 307, "videos": []}}, {"model": "videos.folio", "pk": 39, "fields": {"creador": 15, "folio": "C2N/20230925/00149", "fecha": "2023-09-25", "ubicacion": 1109, "motivo": 307, "videos": []}}, {"model": "videos.folio", "pk": 40, "fields": {"creador": 15, "folio": "C2C/20230627/00054", "fecha": "2023-06-27", "ubicacion": 1014, "motivo": 307, "videos": []}}, {"model": "videos.folio", "pk": 41, "fields": {"creador": 15, "folio": "C5/20230602/01978", "fecha": "2023-06-02", "ubicacion": 384, "motivo": 307, "videos": []}}, {"model": "videos.folio", "pk": 42, "fields": {"creador": 15, "folio": "C5/20230602/01978", "fecha": "2023-06-02", "ubicacion": 384, "motivo": 307, "videos": []}}, {"model": "videos.folio", "pk": 43, "fields": {"creador": 15, "folio": "C5/20230608/00655", "fecha": "2023-06-08", "ubicacion": 1037, "motivo": 256, "videos": []}}, {"model": "videos.folio", "pk": 44, "fields": {"creador": 15, "folio": "C5/20230620/00280", "fecha": "2023-06-20", "ubicacion": 732, "motivo": 12, "videos": []}}, {"model": "videos.folio", "pk": 45, "fields": {"creador": 15, "folio": "C5/20230617/02071", "fecha": "2023-06-17", "ubicacion": 1326, "motivo": 12, "videos": []}}, {"model": "videos.folio", "pk": 46, "fields": {"creador": 15, "folio": "C2P/20230605/00120", "fecha": "2023-06-05", "ubicacion": 483, "motivo": 307, "videos": []}}, {"model": "videos.folio", "pk": 47, "fields": {"creador": 15, "folio": "C2C/20231016/00136", "fecha": "2023-10-16", "ubicacion": 1037, "motivo": 286, "videos": []}}, {"model": "videos.folio", "pk": 48, "fields": {"creador": 15, "folio": "F_L F115316 201023", "fecha": "2023-10-20", "ubicacion": 1320, "motivo": 75, "videos": []}}, {"model": "videos.folio", "pk": 49, "fields": {"creador": 15, "folio": "C2S/20231020/00041", "fecha": "2023-10-20", "ubicacion": 1327, "motivo": 307, "videos": []}}, {"model": "videos.folio", "pk": 50, "fields": {"creador": 15, "folio": "C2O/20231016/00087", "fecha": "2023-10-16", "ubicacion": 1328, "motivo": 296, "videos": []}}, {"model": "videos.folio", "pk": 51, "fields": {"creador": 15, "folio": "C5/20231019/02399", "fecha": "2023-10-19", "ubicacion": 1329, "motivo": 307, "videos": []}}, {"model": "videos.folio", "pk": 52, "fields": {"creador": 15, "folio": "C5/20231018/01614", "fecha": "2023-10-18", "ubicacion": 1035, "motivo": 314, "videos": []}}, {"model": "videos.folio", "pk": 53, "fields": {"creador": 15, "folio": "C5/20230911/01366", "fecha": "2023-09-11", "ubicacion": 1115, "motivo": 293, "videos": []}}, {"model": "videos.folio", "pk": 54, "fields": {"creador": 15, "folio": "C2P/20230606/00003", "fecha": "2023-06-06", "ubicacion": 614, "motivo": 314, "videos": []}}, {"model": "videos.video", "pk": 1, "fields": {"creador": 15, "titulo": "Robo a Vehículo - C5 CDMX Gustavo A. Madero", "fecha": "2023-10-02", "link": "https://youtu.be/gPR7vRNZr6g", "tipo": 2, "descripcion": "Por video monitoreo, despachadores del C2-Norte observan a un sujeto en actitud sospechosa.\r\n\r\nA continuación se aproxima a una camioneta estacionada, la abre y comienza a sustraer diversos objetos, por lo que se coordina el apoyo de los oficiales en campo.\r\n\r\nSe retira y enseguida arriba la unidad policial y lo interceptan. El sujeto comienza a huir y abandona lo robado, de manera que inician la persecución. Logran su detención y puesta a disposición del Ministerio Público.\r\n\r\nSe recuperan los objetos robados.\r\n\r\nLos rostros de los Probables Responsables son cubiertos en atención a la Ley de Protección de Datos Personales en Posesión de Sujetos Obligados de la Ciudad de México.\r\n\r\n- Síguenos en nuestras Redes Sociales -\r\nhttps://twitter.com/C5_CDMX\r\nhttps://www.facebook.com/C5-CDMX-212289655647018/\r\nhttps://www.instagram.com/c5_cdmx/?hl=es-la\r\nhttps://www.tiktok.com/@c5cdmx_oficial\r\n\r\nSitio Web:\r\nhttps://www.c5.cdmx.gob.mx/", "folios": [2]}}, {"model": "videos.video", "pk": 2, "fields": {"creador": 15, "titulo": "Esto también es el C5 de la CDMX #ServiciosC5", "fecha": "2023-10-03", "link": "https://youtu.be/3KiqDN-1ol8", "tipo": 4, "descripcion": "No te pierdas cada martes nuestra selección especial de videos mostrando servicios canalizados por el C5 CDMX.\r\n\r\n- Caída de Árbol\r\n- Atropellamiento\r\n- Lesionado\r\n\r\nEsto también es el C5 de la Ciudad de México.", "folios": [2, 3, 4]}}, {"model": "videos.video", "pk": 3, "fields": {"creador": 15, "titulo": "Robo a Transeúnte - C5 CDMX Gustavo A. Madero", "fecha": "2023-10-04", "link": "https://youtu.be/pph0c_BnPA0", "tipo": 2, "descripcion": "Vía botón de auxilio, dos ciudadanos reportan que fueron asaltados y una unidad policial les brinda el apoyo.\r\n\r\nEn despacho analizan las videograbaciones y observan a un sujeto con las características referidas que transita en la vía pública y que a continuación, ingresa a la caja de un tráiler.\r\n\r\nSe informa su ubicación a los elementos en campo y enseguida se movilizan al lugar.\r\n\r\nDetienen al sujeto, quien ya se había cambiado de vestimenta y es trasladado al Ministerio Público, ya que fue reconocido por los afectados.\r\nSe recupera lo robado.\r\n\r\nLos rostros de los Probables Responsables son cubiertos en atención a la Ley de Protección de Datos Personales en Posesión de Sujetos Obligados de la Ciudad de México.", "folios": [5]}}, {"model": "videos.video", "pk": 4, "fields": {"creador": 15, "titulo": "Casos Relevantes de la Semana del 25 de septiembre al 1 de Octubre - C5 CDMX #VideoDeLaSemana", "fecha": "2023-10-05", "link": "https://youtu.be/GKTIgbNA_74", "tipo": 1, "descripcion": "Lo mejor de la Semana", "folios": [12, 11, 9, 6, 7, 8, 10]}}, {"model": "videos.video", "pk": 5, "fields": {"creador": 15, "titulo": "Robo a Transeúnte - C5 CDMX Gustavo A. Madero", "fecha": "2023-10-06", "link": "https://youtu.be/unCgb49qMss", "tipo": 2, "descripcion": "Vía botón de auxilio, dos ciudadanos reportan que fueron asaltados y una unidad policial les brinda el apoyo.\r\n\r\nEn despacho analizan las videograbaciones y observan a un sujeto con las características referidas que transita en la vía pública y que a continuación, ingresa a la caja de un tráiler.\r\n\r\nSe informa su ubicación a los elementos en campo y enseguida se movilizan al lugar.\r\n\r\nDetienen al sujeto, quien ya se había cambiado de vestimenta y es trasladado al Ministerio Público, ya que fue reconocido por los afectados.\r\nSe recupera lo robado.", "folios": [13]}}, {"model": "videos.video", "pk": 6, "fields": {"creador": 15, "titulo": "Portación de Arma de Fuego - C5 CDMX Iztapalapa", "fecha": "2023-10-09", "link": "https://youtu.be/GMxC4z_vtyY", "tipo": 2, "descripcion": "Gracias al monitoreo efectivo realizado en despacho del C2-Norte, observan a dos personas transitando en la vía pública en actitud sospechosa, por lo que les dan seguimiento.\r\n\r\nMás adelante, el sujeto agrede a una ciudadana y la desapodera de sus pertenencias.\r\n\r\nContinúan su marcha y permanecen en monitoreo, mientras se informa a la SSC en campo sobre el hecho y su trayectoria.\r\n\r\nEnseguida, las unidades policiales arriban y los interceptan.\r\n\r\nRealizan la aprehensión del responsable y su traslado al Ministerio Público.", "folios": [14]}}, {"model": "videos.video", "pk": 7, "fields": {"creador": 15, "titulo": "Esto también es el C5 de la CDMX #ServiciosC5", "fecha": "2023-10-10", "link": "https://youtu.be/lP0dhHq2OBk", "tipo": 4, "descripcion": "No te pierdas cada martes nuestra selección especial de videos mostrando servicios canalizados por el C5 CDMX.\r\n\r\n- Electrocutado\r\n- Explosión\r\n- Accidente Vehicular\r\n\r\nEsto también es el C5 de la Ciudad de México.", "folios": [15, 18, 17]}}, {"model": "videos.video", "pk": 8, "fields": {"creador": 15, "titulo": "Robo a Transeúnte - C5 CDMX Tláhuac", "fecha": "2023-10-11", "link": "https://youtu.be/ENmBfluCzLc", "tipo": 2, "descripcion": "Por medio del botón de auxilio, el C2-Oriente toma conocimiento del robo a un transeúnte y en las videograbaciones se observa el hecho.\r\n\r\nLos responsables huyen en una motocicleta y les dan seguimiento en video para obtener su ubicación en tiempo real.\r\n\r\nEnseguida, localizan a dos sujetos, por lo que mantienen el monitoreo en la zona, mientras se coordina el arribo de los oficiales en campo.\r\n\r\nMomentos después, una unidad policial llega al lugar y detienen a un individuo y al percatarse, el segundo responsable intenta escapar por la azotea de una vivienda, de forma que inician la persecución.\r\n\r\nLlevan a cabo su aprehensión y ambos son presentados antes el Ministerio Público, ya que son reconocidos por el afectado.", "folios": [19]}}, {"model": "videos.video", "pk": 9, "fields": {"creador": 15, "titulo": "Casos Relevantes de la Semana del 2 al 8 de Octrubre  - C5 CDMX #VideoDeLaSemana", "fecha": "2023-10-12", "link": "https://youtu.be/uAF6u2XTpY4", "tipo": 1, "descripcion": "Videos de la Semana", "folios": [26, 22, 20, 23, 24, 21, 25]}}, {"model": "videos.video", "pk": 10, "fields": {"creador": 15, "titulo": "Robo a Transeúnte - C5 CDMX Central de Abasto", "fecha": "2023-10-13", "link": "https://youtu.be/mc8w6O6LRIY", "tipo": 2, "descripcion": "Mediante una llamada al 911 de la CDMX, una persona reporta que acaba de ser asaltada.\r\n\r\nEn las videograbaciones se observa el paso del vehículo referido en el estacionamiento de la CEDA, del que más adelante desciende el sujeto descrito, por lo que se informa a los elementos en campo.\r\n\r\nEn el acto, lo interceptan, realizan la inspección preventiva y aunque opone resistencia, llevan a cabo su aprehensión.\r\n\r\nEl sujeto es trasladado al Ministerio Público.\r\n\r\nSe asegura el vehículo involucrado.", "folios": [27]}}, {"model": "videos.video", "pk": 11, "fields": {"creador": 15, "titulo": "Robo de Autopartes - C5 CDMX Benito Juárez", "fecha": "2023-10-16", "link": "https://youtu.be/qVMxFvAKFSU", "tipo": 2, "descripcion": "Por medio de una llamada al 911 de la CDXM, una persona refiere ser testigo del robo de autopartes.\r\n\r\nEn las videograbaciones se observa la llegada de los responsables a bordo de un vehículo, del cual descienden y rápidamente desprenden los faros de un automóvil que se encuentra estacionado.\r\n\r\nDespachadores del C2-Sur enseguida monitorean la zona y captan a los sujetos huyendo del lugar de manera que les dan seguimiento durante toda su trayectoria, mientras se coordina la movilización de los oficiales en campo.\r\n\r\nEnseguida las unidades policiales arriban e inician la persecución.\r\n\r\nMás adelante, interceptan el vehículo y detienen a los responsables. \r\n\r\nSe recuperan las autopartes robadas.", "folios": [28]}}, {"model": "videos.video", "pk": 12, "fields": {"creador": 15, "titulo": "Esto también es el C5 de la CDMX #ServiciosC5", "fecha": "2023-10-17", "link": "https://youtu.be/Vwo2Ouli4Iw", "tipo": 4, "descripcion": "No te pierdas cada martes nuestra selección especial de videos mostrando servicios canalizados por el C5 CDMX.\r\n\r\n- Accidente Vehicular\r\n- Accidente Vehicular\r\n- Atención Médica\r\n\r\nEsto también es el C5 de la Ciudad de México.", "folios": [29, 30, 31]}}, {"model": "videos.video", "pk": 13, "fields": {"creador": 15, "titulo": "Robo a Transeúnte - C5 CDMX Cuauhtémoc", "fecha": "2023-10-18", "link": "https://youtu.be/Ktppim-9R10", "tipo": 2, "descripcion": "Personal operativo en campo es notificado de que dos transeúntes acaban de ser asaltados, por lo que solicita el apoyo del C2-CH para localizar a los responsables.\r\n\r\nEn las videograbaciones se observa a los afectados transitando en la vía pública y que un sujeto se aproxima y los desapodera de sus pertenencias.\r\n\r\nEste huye y ya en tiempo real, se capta que aborda una motocicleta en compañía de dos sujetos más y dan seguimiento a su trayectoria. \r\n\r\nSe coordina el apoyo de los oficiales en campo que enseguida arriban y los interceptan, logrando la detención de los tres individuos.\r\n\r\nSe recupera lo robado y se asegura el vehículo involucrado.", "folios": [32]}}, {"model": "videos.video", "pk": 14, "fields": {"creador": 15, "titulo": "Casos Relevantes de la Semana del 9 al 15 de Octrubre  - C5 CDMX #VideoDeLaSemana", "fecha": "2023-10-19", "link": "https://youtu.be/EC0voXgRZBg", "tipo": 1, "descripcion": "Te presentamos lo mejor de la semana.", "folios": [39, 35, 38, 34, 36, 33, 37]}}, {"model": "videos.video", "pk": 15, "fields": {"creador": 15, "titulo": "Portación de Arma de Fuego - C5 CDMX Cuauhtémoc", "fecha": "2023-10-20", "link": "https://youtu.be/lClZrApVEp0", "tipo": 2, "descripcion": "or medio del botón de auxilio, reportan que un sujeto que porta un arma de fuego está agrediendo a los transeúntes y en despacho se monitorea de inmediato el lugar referido.\r\n\r\nSe observa al sujeto descrito y se constata el hecho, por lo que se notifica a los elementos en campo sobre el evento y se coordina su arribo; mientras tanto, se mantiene en vigilancia la zona.\r\n\r\nAl notar la presencia policial, el responsable deja el arma en las jardineras e intenta pasar desapercibido.\r\n\r\nLos oficiales realizan la inspección y encuentran el arma de fuego, por lo que llevan a cabo la detención del individuo y su traslado al Ministerio Público.", "folios": [40]}}, {"model": "videos.video", "pk": 17, "fields": {"creador": 15, "titulo": "Robo a Transeúnte - C5 CDMX Álvaro Obregón", "fecha": "2023-10-23", "link": "https://www.youtube.com/watch?v=QwEQKrqAEG8&feature=youtu.be", "tipo": 2, "descripcion": "Por medio de una llamada al 911 de la CDMX, reportan que un sujeto intenta agredir a los empleados que tripulan un camión repartidor.\r\n\r\nEn las videograbaciones captan a dicho sujeto.\r\n\r\nMás adelante, agrede a otro ciudadano en la vía pública y enseguida, ingresa a una vivienda.\r\n\r\nDe inmediato, los oficiales llegan al lugar.\r\n\r\nEl detenido es puesto a disposición del Ministerio Público.", "folios": [42]}}, {"model": "videos.video", "pk": 18, "fields": {"creador": 15, "titulo": "Esto también es el C5 de la CDMX #ServiciosC5", "fecha": "2023-10-24", "link": "https://youtu.be/IzTZVWrOM1U", "tipo": 4, "descripcion": "No te pierdas cada martes nuestra selección especial de videos mostrando servicios canalizados por el C5 CDMX.\r\n\r\n- Atención Médica\r\n- Accidente Vehicular\r\n- Accidente Vehicular\r\n\r\nEsto también es el C5 de la Ciudad de México.", "folios": [43, 45, 44]}}, {"model": "videos.video", "pk": 19, "fields": {"creador": 15, "titulo": "Robo a Transeúnte - C5 CDMX Azcapotzalco", "fecha": "2023-10-25", "link": "https://youtu.be/7dyghUS7iZw", "tipo": 2, "descripcion": "Vía botón de auxilio, una persona refiere que acaba de ser asaltada.\r\n\r\nLos despachadores establecen un cerco de monitoreo y logran ubicar al responsable, por lo que continúan su seguimiento.\r\n\r\nEl sujeto se mantiene en la zona y enseguida los oficiales arriban.\r\n\r\nEl detenido es presentado ante el Ministerio Público.", "folios": [46]}}, {"model": "videos.video", "pk": 20, "fields": {"creador": 15, "titulo": "Casos Relevantes de la Semana del 16 al 22 de Octrubre  - C5 CDMX #VideoDeLaSemana", "fecha": "2023-10-26", "link": "https://youtu.be/pK1ATjDEKto", "tipo": 1, "descripcion": "Te presentamos lo mejor de la semana.", "folios": [53, 47, 50, 52, 51, 48, 49]}}, {"model": "videos.video", "pk": 21, "fields": {"creador": 15, "titulo": "Robo de Vehículo - C5 CDMX La Magdalena Contreras", "fecha": "2023-10-27", "link": "https://youtu.be/DeOiWVh2Xb8", "tipo": 2, "descripcion": "Por medio del botón de auxilio, el C2-Poniente toma conocimiento del robo de una motocicleta.\r\n\r\nEn las videograbaciones se capta el paso del vehículo robado y le dan seguimiento.\r\n\r\nPosteriormente es localizado en tiempo real.\r\n\r\nLogran la detención del responsable, quien es presentado ante el Ministerio Público.\r\n\r\nSe recupera la motocicleta, que es reconocida por el afectado.", "folios": [54]}}]